,COUNTY,change_2007,change_2008,change_2015,change_2016,change_2006_2016
0,01001,0.0,0.0,0.0,0.0,0.0
1,01003,-1.0,0.0,0.0,0.0,-2.0
2,01005,0.0,0.0,0.0,0.0,1.0
3,01007,0.0,0.0,0.0,0.0,1.0
4,01009,0.0,0.0,0.0,0.0,-1.0
5,01011,0.0,0.0,0.0,0.0,0.0
6,01015,0.0,0.0,0.0,0.0,-1.0
7,01017,0.0,0.0,0.0,0.0,0.0
8,01019,0.0,0.0,0.0,0.0,0.0
9,01021,0.0,1.0,0.0,0.0,-1.0
10,01023,0.0,-1.0,0.0,0.0,-1.0
11,01025,0.0,0.0,0.0,1.0,-1.0
12,01029,0.0,0.0,0.0,0.0,-1.0
13,01031,0.0,0.0,1.0,-2.0,0.0
14,01033,0.0,0.0,-1.0,1.0,0.0
15,01035,0.0,0.0,0.0,-1.0,-2.0
16,01037,0.0,0.0,0.0,0.0,0.0
17,01039,0.0,-1.0,0.0,0.0,0.0
18,01041,0.0,0.0,0.0,0.0,0.0
19,01043,1.0,0.0,1.0,-1.0,2.0
20,01045,0.0,0.0,0.0,1.0,0.0
21,01047,0.0,0.0,0.0,0.0,1.0
22,01049,0.0,-1.0,0.0,0.0,-1.0
23,01051,0.0,0.0,0.0,0.0,1.0
24,01053,0.0,0.0,0.0,0.0,3.0
25,01055,0.0,0.0,1.0,0.0,0.0
26,01057,-1.0,0.0,0.0,0.0,0.0
27,01061,0.0,0.0,0.0,0.0,-2.0
28,01063,0.0,0.0,0.0,0.0,0.0
29,01067,0.0,0.0,0.0,0.0,1.0
30,01069,0.0,1.0,0.0,0.0,0.0
31,01071,1.0,0.0,0.0,0.0,1.0
32,01073,0.0,-1.0,0.0,0.0,-3.0
33,01075,0.0,0.0,0.0,0.0,-1.0
34,01079,1.0,-1.0,0.0,0.0,0.0
35,01081,0.0,0.0,0.0,0.0,0.0
36,01083,0.0,0.0,0.0,0.0,-1.0
37,01085,1.0,0.0,0.0,-1.0,1.0
38,01087,0.0,0.0,0.0,1.0,1.0
39,01089,0.0,0.0,0.0,0.0,0.0
40,01091,0.0,0.0,0.0,-1.0,-1.0
41,01093,0.0,0.0,0.0,0.0,-1.0
42,01095,0.0,0.0,-1.0,1.0,0.0
43,01097,0.0,-1.0,-1.0,0.0,1.0
44,01099,0.0,0.0,0.0,0.0,-3.0
45,01101,0.0,-1.0,1.0,0.0,-1.0
46,01103,0.0,0.0,0.0,0.0,1.0
47,01107,-1.0,0.0,0.0,0.0,-2.0
48,01109,0.0,0.0,-1.0,1.0,1.0
49,01111,0.0,0.0,0.0,0.0,-1.0
50,01113,0.0,0.0,0.0,0.0,1.0
51,01115,0.0,-2.0,2.0,-2.0,-1.0
52,01117,0.0,0.0,0.0,0.0,0.0
53,01119,0.0,-1.0,-1.0,0.0,-3.0
54,01121,0.0,0.0,-1.0,0.0,-1.0
55,01123,0.0,0.0,0.0,0.0,0.0
56,01125,-1.0,2.0,0.0,0.0,1.0
57,01127,0.0,-1.0,0.0,0.0,-1.0
58,01131,0.0,0.0,0.0,0.0,-1.0
59,01133,0.0,-1.0,0.0,0.0,-1.0
60,02020,0.0,0.0,0.0,0.0,0.0
61,02066,0.0,1.0,0.0,0.0,1.0
62,02068,0.0,0.0,0.0,0.0,0.0
63,02090,0.0,1.0,0.0,0.0,1.0
64,02100,0.0,0.0,0.0,0.0,0.0
65,02122,0.0,0.0,0.0,0.0,3.0
66,02170,0.0,0.0,0.0,0.0,1.0
67,02240,0.0,0.0,0.0,0.0,-1.0
68,02290,0.0,0.0,0.0,0.0,0.0
69,04001,0.0,0.0,0.0,0.0,0.0
70,04003,0.0,0.0,0.0,1.0,1.0
71,04005,-1.0,1.0,0.0,1.0,0.0
72,04007,0.0,0.0,0.0,0.0,0.0
73,04009,0.0,0.0,0.0,0.0,0.0
74,04012,1.0,1.0,0.0,0.0,2.0
75,04013,1.0,0.0,1.0,0.0,4.0
76,04015,0.0,0.0,1.0,-1.0,1.0
77,04017,0.0,0.0,0.0,0.0,0.0
78,04019,0.0,0.0,0.0,0.0,0.0
79,04021,0.0,0.0,0.0,0.0,0.0
80,04023,-1.0,0.0,0.0,0.0,0.0
81,04025,1.0,0.0,0.0,0.0,0.0
82,04027,0.0,0.0,0.0,0.0,-1.0
83,05001,0.0,0.0,0.0,0.0,-1.0
84,05003,0.0,0.0,0.0,0.0,0.0
85,05005,0.0,0.0,0.0,0.0,0.0
86,05007,0.0,0.0,0.0,0.0,-1.0
87,05009,0.0,0.0,0.0,0.0,-1.0
88,05011,0.0,0.0,0.0,0.0,0.0
89,05013,0.0,0.0,0.0,0.0,0.0
90,05015,0.0,0.0,0.0,0.0,0.0
91,05017,-1.0,0.0,0.0,0.0,0.0
92,05019,0.0,0.0,0.0,-1.0,-1.0
93,05023,0.0,0.0,0.0,0.0,1.0
94,05027,0.0,0.0,0.0,0.0,-1.0
95,05029,0.0,0.0,0.0,0.0,0.0
96,05031,0.0,0.0,0.0,0.0,1.0
97,05033,0.0,0.0,0.0,0.0,0.0
98,05035,1.0,-1.0,0.0,0.0,-1.0
99,05037,0.0,0.0,0.0,0.0,0.0
100,05039,0.0,0.0,-1.0,0.0,-1.0
101,05043,0.0,0.0,0.0,1.0,1.0
102,05045,0.0,0.0,0.0,0.0,0.0
103,05047,0.0,0.0,-1.0,0.0,1.0
104,05049,0.0,0.0,0.0,0.0,-1.0
105,05051,0.0,0.0,0.0,1.0,2.0
106,05053,0.0,0.0,-1.0,0.0,0.0
107,05055,0.0,0.0,0.0,0.0,0.0
108,05057,0.0,0.0,0.0,0.0,0.0
109,05059,0.0,0.0,0.0,-1.0,0.0
110,05061,-1.0,0.0,0.0,0.0,-1.0
111,05063,0.0,0.0,0.0,0.0,1.0
112,05067,0.0,0.0,0.0,0.0,1.0
113,05069,0.0,0.0,0.0,0.0,-1.0
114,05071,0.0,-1.0,0.0,0.0,-1.0
115,05073,0.0,0.0,0.0,0.0,-1.0
116,05075,0.0,0.0,0.0,0.0,0.0
117,05079,0.0,0.0,0.0,0.0,-1.0
118,05081,-1.0,0.0,0.0,0.0,-1.0
119,05085,0.0,0.0,0.0,0.0,0.0
120,05087,0.0,0.0,0.0,0.0,0.0
121,05091,0.0,0.0,0.0,0.0,-1.0
122,05093,-1.0,0.0,0.0,0.0,-1.0
123,05095,0.0,0.0,0.0,0.0,0.0
124,05099,0.0,0.0,0.0,0.0,0.0
125,05103,0.0,0.0,0.0,0.0,0.0
126,05107,0.0,0.0,0.0,0.0,0.0
127,05109,0.0,0.0,0.0,0.0,-1.0
128,05111,0.0,0.0,0.0,0.0,-1.0
129,05113,0.0,0.0,0.0,0.0,1.0
130,05115,0.0,1.0,0.0,0.0,0.0
131,05117,0.0,0.0,1.0,-1.0,0.0
132,05119,0.0,0.0,0.0,1.0,1.0
133,05123,-1.0,-1.0,0.0,-1.0,-3.0
134,05125,0.0,0.0,0.0,0.0,0.0
135,05127,0.0,0.0,0.0,0.0,-1.0
136,05129,0.0,0.0,0.0,0.0,-1.0
137,05131,-1.0,0.0,0.0,0.0,-2.0
138,05133,0.0,0.0,0.0,0.0,0.0
139,05135,0.0,0.0,0.0,0.0,1.0
140,05137,0.0,0.0,0.0,0.0,1.0
141,05139,1.0,-1.0,0.0,1.0,2.0
142,05141,0.0,0.0,0.0,0.0,0.0
143,05143,0.0,0.0,0.0,1.0,2.0
144,05145,1.0,0.0,1.0,0.0,4.0
145,05147,0.0,0.0,1.0,0.0,1.0
146,06001,0.0,0.0,1.0,0.0,0.0
147,06007,0.0,0.0,0.0,0.0,0.0
148,06013,0.0,0.0,0.0,0.0,-1.0
149,06019,0.0,-1.0,0.0,0.0,1.0
150,06021,0.0,0.0,0.0,0.0,0.0
151,06023,0.0,0.0,1.0,0.0,-1.0
152,06025,1.0,-2.0,-1.0,0.0,-3.0
153,06027,0.0,0.0,0.0,0.0,0.0
154,06029,2.0,1.0,0.0,0.0,1.0
155,06031,0.0,0.0,0.0,0.0,0.0
156,06033,0.0,0.0,1.0,0.0,0.0
157,06037,0.0,0.0,-2.0,0.0,-6.0
158,06039,0.0,0.0,0.0,-1.0,-2.0
159,06045,0.0,0.0,0.0,0.0,0.0
160,06047,0.0,1.0,0.0,0.0,0.0
161,06051,0.0,0.0,1.0,0.0,-1.0
162,06053,0.0,0.0,0.0,0.0,0.0
163,06059,-3.0,0.0,0.0,0.0,-3.0
164,06061,0.0,1.0,0.0,0.0,1.0
165,06063,0.0,0.0,0.0,0.0,0.0
166,06065,0.0,0.0,0.0,-1.0,2.0
167,06067,-1.0,0.0,0.0,0.0,-1.0
168,06069,0.0,0.0,0.0,0.0,0.0
169,06071,1.0,-4.0,-3.0,1.0,-5.0
170,06073,0.0,-1.0,0.0,-1.0,-1.0
171,06077,0.0,1.0,0.0,1.0,1.0
172,06079,0.0,0.0,0.0,0.0,0.0
173,06081,0.0,0.0,0.0,1.0,0.0
174,06085,0.0,0.0,1.0,0.0,0.0
175,06087,0.0,0.0,0.0,1.0,1.0
176,06089,0.0,1.0,1.0,0.0,1.0
177,06093,0.0,0.0,0.0,-1.0,0.0
178,06095,0.0,0.0,0.0,0.0,2.0
179,06097,0.0,0.0,0.0,0.0,0.0
180,06099,0.0,0.0,0.0,0.0,-1.0
181,06101,0.0,0.0,1.0,0.0,0.0
182,06103,2.0,0.0,0.0,0.0,2.0
183,06107,-1.0,0.0,0.0,0.0,0.0
184,06111,-1.0,-1.0,0.0,0.0,-2.0
185,06113,0.0,-1.0,-1.0,0.0,0.0
186,08001,-1.0,0.0,0.0,1.0,-2.0
187,08003,0.0,0.0,0.0,-1.0,-2.0
188,08005,0.0,0.0,0.0,0.0,-1.0
189,08009,-1.0,0.0,0.0,0.0,-2.0
190,08013,0.0,0.0,0.0,0.0,-1.0
191,08015,0.0,0.0,0.0,0.0,-2.0
192,08017,0.0,0.0,0.0,0.0,-1.0
193,08019,0.0,0.0,0.0,0.0,0.0
194,08025,0.0,0.0,0.0,0.0,0.0
195,08031,0.0,0.0,0.0,0.0,-3.0
196,08035,0.0,0.0,0.0,0.0,0.0
197,08041,0.0,0.0,0.0,0.0,-1.0
198,08043,0.0,0.0,0.0,0.0,0.0
199,08045,0.0,0.0,0.0,0.0,1.0
200,08055,0.0,0.0,0.0,0.0,0.0
201,08059,0.0,0.0,0.0,0.0,0.0
202,08061,0.0,0.0,0.0,0.0,-1.0
203,08063,0.0,0.0,0.0,0.0,0.0
204,08067,0.0,0.0,0.0,0.0,0.0
205,08069,0.0,0.0,0.0,0.0,1.0
206,08071,0.0,0.0,0.0,0.0,-1.0
207,08073,0.0,0.0,0.0,0.0,1.0
208,08075,0.0,0.0,0.0,0.0,0.0
209,08077,0.0,0.0,1.0,0.0,1.0
210,08081,0.0,0.0,0.0,0.0,0.0
211,08083,0.0,0.0,0.0,0.0,-1.0
212,08085,0.0,0.0,0.0,0.0,0.0
213,08087,1.0,0.0,-1.0,0.0,0.0
214,08089,0.0,0.0,1.0,0.0,0.0
215,08093,1.0,0.0,0.0,0.0,1.0
216,08099,0.0,0.0,0.0,0.0,0.0
217,08101,0.0,0.0,0.0,-1.0,-3.0
218,08103,0.0,0.0,0.0,0.0,2.0
219,08105,0.0,0.0,0.0,0.0,0.0
220,08109,0.0,0.0,0.0,0.0,0.0
221,08115,0.0,0.0,0.0,0.0,-1.0
222,08123,0.0,0.0,-1.0,1.0,1.0
223,08125,0.0,0.0,0.0,0.0,0.0
224,09001,0.0,0.0,-2.0,0.0,-1.0
225,09003,0.0,0.0,0.0,0.0,1.0
226,09005,0.0,0.0,0.0,0.0,-1.0
227,09007,-1.0,0.0,0.0,0.0,-1.0
228,09009,0.0,0.0,-2.0,0.0,-1.0
229,09011,-1.0,0.0,0.0,0.0,1.0
230,09013,0.0,0.0,0.0,0.0,-1.0
231,09015,0.0,0.0,0.0,0.0,0.0
232,10001,0.0,0.0,0.0,0.0,0.0
233,10003,0.0,0.0,-1.0,0.0,0.0
234,10005,0.0,0.0,-1.0,-1.0,-1.0
235,12001,0.0,0.0,0.0,0.0,1.0
236,12003,0.0,0.0,0.0,0.0,0.0
237,12005,0.0,0.0,0.0,0.0,0.0
238,12009,0.0,0.0,0.0,0.0,-1.0
239,12011,0.0,1.0,0.0,0.0,1.0
240,12015,0.0,0.0,-1.0,0.0,-2.0
241,12019,0.0,0.0,0.0,0.0,0.0
242,12021,0.0,0.0,0.0,0.0,0.0
243,12023,0.0,0.0,0.0,0.0,1.0
244,12027,-1.0,0.0,0.0,0.0,-1.0
245,12031,-1.0,-1.0,0.0,1.0,-3.0
246,12033,0.0,-1.0,0.0,0.0,-2.0
247,12039,0.0,0.0,0.0,0.0,-1.0
248,12047,0.0,0.0,0.0,0.0,2.0
249,12051,0.0,0.0,0.0,0.0,-1.0
250,12053,0.0,0.0,0.0,0.0,0.0
251,12055,0.0,0.0,0.0,0.0,-1.0
252,12057,1.0,0.0,0.0,-1.0,-3.0
253,12061,0.0,0.0,0.0,0.0,0.0
254,12063,0.0,0.0,-1.0,0.0,-2.0
255,12065,-1.0,0.0,0.0,0.0,-1.0
256,12067,0.0,0.0,0.0,0.0,1.0
257,12069,3.0,0.0,0.0,-1.0,2.0
258,12071,0.0,0.0,1.0,0.0,-1.0
259,12079,0.0,-1.0,0.0,0.0,0.0
260,12081,0.0,0.0,0.0,1.0,1.0
261,12083,0.0,0.0,0.0,0.0,1.0
262,12086,-1.0,1.0,0.0,0.0,0.0
263,12087,0.0,1.0,0.0,0.0,0.0
264,12091,0.0,0.0,0.0,0.0,-1.0
265,12093,0.0,0.0,0.0,0.0,1.0
266,12095,1.0,-1.0,0.0,0.0,0.0
267,12097,0.0,0.0,0.0,0.0,-1.0
268,12099,1.0,-1.0,0.0,0.0,2.0
269,12101,0.0,0.0,-1.0,0.0,1.0
270,12103,0.0,0.0,0.0,0.0,-1.0
271,12105,0.0,-1.0,-2.0,-1.0,-1.0
272,12107,0.0,0.0,0.0,0.0,0.0
273,12109,0.0,0.0,0.0,0.0,0.0
274,12111,0.0,0.0,1.0,0.0,-1.0
275,12113,0.0,0.0,0.0,0.0,1.0
276,12115,0.0,0.0,0.0,0.0,1.0
277,12117,1.0,0.0,0.0,0.0,0.0
278,12119,0.0,0.0,0.0,0.0,1.0
279,12121,0.0,0.0,0.0,-1.0,-1.0
280,12123,1.0,0.0,0.0,0.0,1.0
281,12125,0.0,0.0,0.0,0.0,0.0
282,12127,1.0,-1.0,0.0,0.0,-1.0
283,12129,0.0,0.0,0.0,0.0,0.0
284,12131,0.0,0.0,1.0,0.0,0.0
285,13001,0.0,0.0,0.0,0.0,1.0
286,13003,0.0,0.0,0.0,-1.0,-1.0
287,13005,0.0,0.0,0.0,0.0,1.0
288,13011,0.0,0.0,0.0,0.0,0.0
289,13013,0.0,0.0,0.0,0.0,0.0
290,13015,0.0,0.0,0.0,0.0,0.0
291,13017,0.0,-1.0,0.0,0.0,0.0
292,13021,0.0,0.0,0.0,0.0,0.0
293,13023,0.0,0.0,0.0,0.0,0.0
294,13029,1.0,0.0,0.0,0.0,1.0
295,13031,0.0,0.0,-1.0,0.0,-1.0
296,13035,0.0,0.0,0.0,0.0,1.0
297,13039,0.0,0.0,0.0,0.0,-1.0
298,13043,0.0,0.0,0.0,0.0,1.0
299,13045,0.0,-1.0,0.0,0.0,1.0
300,13047,1.0,0.0,0.0,0.0,1.0
301,13049,0.0,0.0,0.0,0.0,0.0
302,13051,0.0,0.0,0.0,0.0,-3.0
303,13053,0.0,0.0,0.0,0.0,1.0
304,13055,1.0,0.0,0.0,0.0,1.0
305,13059,0.0,0.0,0.0,0.0,0.0
306,13063,0.0,-1.0,0.0,0.0,-1.0
307,13065,0.0,0.0,0.0,0.0,0.0
308,13067,-1.0,0.0,0.0,-1.0,-3.0
309,13069,-1.0,0.0,0.0,0.0,0.0
310,13071,0.0,0.0,-1.0,0.0,-2.0
311,13073,0.0,0.0,0.0,0.0,0.0
312,13075,0.0,0.0,0.0,0.0,0.0
313,13077,0.0,-1.0,0.0,0.0,-1.0
314,13081,0.0,0.0,0.0,0.0,-1.0
315,13083,0.0,0.0,0.0,0.0,0.0
316,13087,0.0,0.0,0.0,0.0,0.0
317,13089,0.0,-1.0,0.0,0.0,-2.0
318,13091,0.0,0.0,0.0,0.0,0.0
319,13093,0.0,0.0,0.0,0.0,-2.0
320,13095,-1.0,-1.0,-1.0,0.0,-4.0
321,13097,-1.0,0.0,0.0,0.0,-1.0
322,13101,0.0,0.0,0.0,0.0,0.0
323,13103,0.0,0.0,0.0,0.0,0.0
324,13105,0.0,0.0,-1.0,0.0,0.0
325,13107,0.0,0.0,0.0,0.0,-1.0
326,13111,0.0,0.0,0.0,0.0,1.0
327,13113,0.0,0.0,0.0,0.0,1.0
328,13115,0.0,-1.0,-1.0,0.0,1.0
329,13117,0.0,0.0,0.0,0.0,0.0
330,13119,0.0,0.0,0.0,0.0,1.0
331,13121,0.0,0.0,-1.0,0.0,-1.0
332,13127,-1.0,0.0,1.0,0.0,0.0
333,13129,0.0,0.0,0.0,0.0,0.0
334,13131,0.0,0.0,1.0,-1.0,0.0
335,13133,0.0,1.0,0.0,0.0,1.0
336,13135,0.0,0.0,1.0,0.0,1.0
337,13137,0.0,0.0,0.0,0.0,0.0
338,13139,-2.0,0.0,0.0,0.0,-2.0
339,13143,0.0,0.0,0.0,0.0,-1.0
340,13145,0.0,0.0,0.0,0.0,0.0
341,13151,-1.0,0.0,0.0,0.0,-2.0
342,13153,0.0,0.0,-1.0,0.0,-1.0
343,13155,0.0,0.0,0.0,0.0,0.0
344,13157,1.0,0.0,0.0,0.0,0.0
345,13161,0.0,0.0,0.0,0.0,0.0
346,13163,0.0,0.0,0.0,0.0,1.0
347,13165,0.0,0.0,0.0,0.0,0.0
348,13169,-1.0,0.0,0.0,0.0,-1.0
349,13171,0.0,-1.0,0.0,0.0,-1.0
350,13175,0.0,-1.0,-1.0,2.0,0.0
351,13179,0.0,0.0,0.0,0.0,0.0
352,13181,0.0,0.0,0.0,0.0,0.0
353,13185,0.0,0.0,0.0,0.0,0.0
354,13189,1.0,0.0,0.0,0.0,1.0
355,13191,0.0,0.0,0.0,0.0,0.0
356,13197,0.0,0.0,0.0,0.0,1.0
357,13205,0.0,0.0,0.0,0.0,0.0
358,13207,0.0,0.0,0.0,0.0,0.0
359,13209,0.0,0.0,0.0,0.0,0.0
360,13211,-1.0,1.0,0.0,0.0,-1.0
361,13213,1.0,0.0,0.0,0.0,1.0
362,13215,0.0,0.0,0.0,0.0,0.0
363,13217,0.0,0.0,0.0,0.0,0.0
364,13219,0.0,0.0,0.0,0.0,1.0
365,13223,0.0,0.0,0.0,0.0,-1.0
366,13225,0.0,0.0,-1.0,0.0,-2.0
367,13227,0.0,0.0,0.0,0.0,-1.0
368,13233,-1.0,0.0,-1.0,0.0,0.0
369,13237,0.0,0.0,0.0,0.0,0.0
370,13239,-1.0,0.0,0.0,0.0,-1.0
371,13241,0.0,0.0,0.0,0.0,1.0
372,13243,0.0,0.0,1.0,0.0,1.0
373,13245,-1.0,-2.0,0.0,0.0,-5.0
374,13251,0.0,0.0,0.0,0.0,0.0
375,13253,0.0,0.0,0.0,0.0,0.0
376,13259,0.0,0.0,0.0,0.0,0.0
377,13261,0.0,0.0,0.0,0.0,1.0
378,13265,0.0,0.0,0.0,0.0,-1.0
379,13271,0.0,0.0,0.0,0.0,0.0
380,13273,0.0,0.0,0.0,0.0,0.0
381,13275,0.0,0.0,0.0,-1.0,0.0
382,13277,0.0,0.0,0.0,0.0,0.0
383,13279,0.0,0.0,0.0,-1.0,-3.0
384,13285,0.0,-1.0,0.0,0.0,-1.0
385,13287,0.0,0.0,0.0,0.0,-2.0
386,13289,0.0,0.0,0.0,0.0,0.0
387,13293,0.0,0.0,0.0,0.0,1.0
388,13297,0.0,0.0,0.0,0.0,1.0
389,13299,-1.0,0.0,0.0,0.0,1.0
390,13303,0.0,0.0,0.0,0.0,-1.0
391,13305,0.0,0.0,0.0,0.0,0.0
392,13309,0.0,0.0,0.0,0.0,1.0
393,13311,0.0,0.0,0.0,0.0,0.0
394,13313,0.0,0.0,-1.0,0.0,-1.0
395,13317,-1.0,0.0,0.0,0.0,-1.0
396,13321,0.0,0.0,0.0,0.0,0.0
397,16001,0.0,0.0,0.0,0.0,0.0
398,16003,0.0,0.0,0.0,0.0,0.0
399,16005,0.0,-1.0,-1.0,1.0,-2.0
400,16007,0.0,-1.0,0.0,0.0,0.0
401,16009,0.0,0.0,0.0,0.0,-1.0
402,16011,0.0,0.0,-1.0,1.0,2.0
403,16017,0.0,0.0,0.0,0.0,0.0
404,16019,1.0,0.0,0.0,0.0,1.0
405,16021,0.0,0.0,0.0,1.0,0.0
406,16023,0.0,0.0,0.0,0.0,1.0
407,16027,0.0,0.0,0.0,1.0,1.0
408,16029,-1.0,0.0,0.0,0.0,-1.0
409,16031,0.0,0.0,0.0,-1.0,-1.0
410,16033,0.0,-1.0,0.0,0.0,-1.0
411,16035,0.0,0.0,0.0,0.0,0.0
412,16039,0.0,-1.0,1.0,-1.0,-1.0
413,16047,0.0,0.0,0.0,0.0,1.0
414,16049,-1.0,0.0,0.0,0.0,0.0
415,16051,0.0,0.0,0.0,0.0,0.0
416,16053,0.0,0.0,0.0,0.0,-1.0
417,16055,0.0,0.0,0.0,-1.0,0.0
418,16059,0.0,0.0,0.0,0.0,0.0
419,16067,1.0,0.0,0.0,0.0,0.0
420,16069,0.0,0.0,0.0,0.0,0.0
421,16073,0.0,0.0,0.0,0.0,0.0
422,16079,0.0,0.0,0.0,0.0,-1.0
423,16083,0.0,0.0,1.0,-1.0,-1.0
424,17001,-1.0,0.0,0.0,0.0,-1.0
425,17005,0.0,0.0,0.0,0.0,1.0
426,17007,0.0,0.0,-1.0,0.0,-1.0
427,17009,0.0,0.0,0.0,0.0,0.0
428,17011,0.0,0.0,0.0,0.0,1.0
429,17017,0.0,0.0,0.0,0.0,0.0
430,17019,0.0,0.0,0.0,-2.0,-1.0
431,17023,0.0,0.0,0.0,1.0,2.0
432,17025,0.0,0.0,0.0,-1.0,0.0
433,17027,0.0,0.0,0.0,0.0,0.0
434,17031,0.0,0.0,1.0,0.0,5.0
435,17033,0.0,0.0,0.0,0.0,1.0
436,17035,0.0,0.0,0.0,0.0,-1.0
437,17037,0.0,0.0,0.0,0.0,0.0
438,17039,0.0,0.0,0.0,0.0,1.0
439,17041,0.0,0.0,0.0,1.0,0.0
440,17043,-1.0,0.0,0.0,2.0,4.0
441,17049,-1.0,0.0,0.0,0.0,-1.0
442,17051,0.0,0.0,0.0,0.0,1.0
443,17055,0.0,0.0,0.0,0.0,-1.0
444,17063,0.0,0.0,1.0,1.0,2.0
445,17073,1.0,0.0,0.0,0.0,2.0
446,17075,0.0,0.0,0.0,1.0,1.0
447,17081,0.0,0.0,0.0,0.0,0.0
448,17085,0.0,0.0,0.0,0.0,2.0
449,17087,0.0,0.0,0.0,0.0,-1.0
450,17089,0.0,0.0,0.0,0.0,-2.0
451,17091,0.0,0.0,0.0,1.0,3.0
452,17093,0.0,-1.0,-1.0,0.0,0.0
453,17095,0.0,0.0,0.0,0.0,0.0
454,17097,0.0,0.0,0.0,0.0,2.0
455,17099,-2.0,1.0,1.0,2.0,2.0
456,17103,0.0,0.0,0.0,0.0,0.0
457,17105,0.0,0.0,0.0,0.0,2.0
458,17107,0.0,0.0,0.0,1.0,0.0
459,17109,0.0,0.0,0.0,0.0,-1.0
460,17113,0.0,0.0,-1.0,1.0,2.0
461,17115,-1.0,1.0,0.0,0.0,-1.0
462,17119,0.0,0.0,0.0,1.0,1.0
463,17125,0.0,0.0,0.0,0.0,0.0
464,17127,0.0,0.0,0.0,0.0,-1.0
465,17135,0.0,0.0,0.0,0.0,0.0
466,17137,0.0,-1.0,0.0,0.0,-1.0
467,17141,0.0,0.0,0.0,0.0,1.0
468,17143,0.0,0.0,0.0,0.0,0.0
469,17147,0.0,0.0,0.0,-1.0,0.0
470,17149,0.0,0.0,0.0,0.0,0.0
471,17153,0.0,0.0,0.0,0.0,0.0
472,17155,0.0,0.0,0.0,1.0,1.0
473,17159,0.0,0.0,0.0,0.0,0.0
474,17161,0.0,0.0,0.0,0.0,-1.0
475,17163,1.0,0.0,0.0,1.0,0.0
476,17165,0.0,0.0,0.0,1.0,1.0
477,17167,0.0,0.0,0.0,0.0,0.0
478,17169,-1.0,0.0,0.0,0.0,-1.0
479,17171,0.0,0.0,0.0,0.0,-1.0
480,17177,0.0,0.0,0.0,0.0,0.0
481,17179,0.0,0.0,0.0,-1.0,-1.0
482,17183,1.0,0.0,0.0,0.0,0.0
483,17187,0.0,0.0,0.0,0.0,-1.0
484,17189,0.0,0.0,0.0,0.0,0.0
485,17193,0.0,0.0,0.0,0.0,0.0
486,17195,-1.0,-1.0,0.0,0.0,-2.0
487,17197,0.0,-1.0,1.0,3.0,5.0
488,17199,0.0,0.0,0.0,1.0,1.0
489,17201,0.0,-1.0,0.0,0.0,-1.0
490,17203,0.0,0.0,0.0,1.0,1.0
491,18001,0.0,0.0,0.0,0.0,0.0
492,18003,0.0,-1.0,0.0,1.0,1.0
493,18005,0.0,0.0,0.0,0.0,0.0
494,18007,0.0,0.0,0.0,0.0,0.0
495,18011,0.0,0.0,0.0,0.0,1.0
496,18017,0.0,0.0,0.0,0.0,0.0
497,18019,0.0,0.0,0.0,1.0,1.0
498,18021,0.0,0.0,0.0,0.0,0.0
499,18023,0.0,0.0,0.0,0.0,0.0
500,18025,0.0,-1.0,0.0,0.0,0.0
501,18027,0.0,0.0,0.0,0.0,0.0
502,18029,0.0,0.0,0.0,0.0,0.0
503,18031,0.0,0.0,0.0,0.0,1.0
504,18033,0.0,0.0,0.0,0.0,0.0
505,18035,0.0,0.0,0.0,0.0,1.0
506,18037,0.0,0.0,0.0,0.0,0.0
507,18039,0.0,0.0,1.0,0.0,1.0
508,18043,0.0,0.0,0.0,0.0,0.0
509,18045,0.0,0.0,0.0,0.0,0.0
510,18049,0.0,0.0,0.0,0.0,0.0
511,18051,0.0,0.0,0.0,0.0,-1.0
512,18053,0.0,-1.0,0.0,0.0,1.0
513,18055,0.0,0.0,0.0,0.0,0.0
514,18059,0.0,0.0,0.0,0.0,0.0
515,18063,0.0,-1.0,0.0,-1.0,-1.0
516,18065,0.0,0.0,0.0,0.0,2.0
517,18067,-1.0,0.0,0.0,0.0,-1.0
518,18069,0.0,0.0,0.0,0.0,-1.0
519,18071,0.0,0.0,0.0,0.0,-1.0
520,18073,-1.0,0.0,0.0,0.0,0.0
521,18075,0.0,0.0,0.0,0.0,0.0
522,18077,0.0,0.0,0.0,0.0,-1.0
523,18081,-1.0,0.0,0.0,0.0,-1.0
524,18083,0.0,0.0,0.0,1.0,2.0
525,18085,0.0,0.0,0.0,1.0,1.0
526,18087,0.0,0.0,0.0,0.0,1.0
527,18089,0.0,0.0,0.0,0.0,0.0
528,18091,0.0,-1.0,1.0,1.0,1.0
529,18093,0.0,0.0,-1.0,0.0,0.0
530,18095,0.0,0.0,0.0,1.0,2.0
531,18097,0.0,0.0,0.0,0.0,0.0
532,18099,0.0,0.0,0.0,0.0,0.0
533,18101,0.0,0.0,0.0,0.0,0.0
534,18103,0.0,0.0,0.0,0.0,0.0
535,18105,0.0,0.0,0.0,0.0,0.0
536,18107,0.0,0.0,0.0,0.0,-1.0
537,18109,0.0,0.0,0.0,0.0,3.0
538,18111,-1.0,0.0,0.0,0.0,-1.0
539,18127,0.0,0.0,0.0,0.0,0.0
540,18129,0.0,0.0,0.0,0.0,0.0
541,18131,0.0,0.0,0.0,0.0,1.0
542,18133,0.0,0.0,0.0,0.0,0.0
543,18135,0.0,0.0,0.0,0.0,0.0
544,18141,0.0,0.0,0.0,0.0,0.0
545,18143,0.0,0.0,0.0,0.0,0.0
546,18145,1.0,0.0,0.0,0.0,1.0
547,18147,0.0,0.0,0.0,0.0,0.0
548,18149,0.0,0.0,0.0,0.0,0.0
549,18151,0.0,0.0,1.0,0.0,1.0
550,18153,0.0,0.0,0.0,0.0,0.0
551,18157,0.0,0.0,0.0,0.0,1.0
552,18163,-1.0,0.0,0.0,0.0,0.0
553,18165,0.0,0.0,0.0,0.0,0.0
554,18167,0.0,0.0,0.0,0.0,0.0
555,18169,0.0,0.0,0.0,0.0,1.0
556,18173,-1.0,0.0,0.0,0.0,-2.0
557,18177,0.0,0.0,0.0,0.0,0.0
558,18183,-1.0,1.0,0.0,0.0,0.0
559,19001,0.0,0.0,0.0,0.0,0.0
560,19005,0.0,0.0,0.0,0.0,0.0
561,19007,0.0,0.0,0.0,0.0,0.0
562,19011,0.0,0.0,0.0,0.0,0.0
563,19013,0.0,0.0,0.0,0.0,0.0
564,19017,0.0,-1.0,0.0,0.0,-1.0
565,19019,0.0,0.0,0.0,0.0,0.0
566,19021,0.0,0.0,0.0,0.0,0.0
567,19023,-1.0,0.0,0.0,0.0,-1.0
568,19027,0.0,0.0,0.0,0.0,1.0
569,19029,0.0,0.0,0.0,0.0,0.0
570,19031,0.0,0.0,0.0,0.0,1.0
571,19033,0.0,1.0,0.0,0.0,1.0
572,19035,0.0,0.0,0.0,0.0,1.0
573,19037,0.0,0.0,0.0,0.0,0.0
574,19039,0.0,1.0,0.0,0.0,2.0
575,19041,0.0,0.0,0.0,0.0,0.0
576,19043,0.0,0.0,0.0,0.0,0.0
577,19045,0.0,0.0,0.0,1.0,1.0
578,19047,0.0,0.0,0.0,0.0,0.0
579,19049,0.0,0.0,0.0,-1.0,-1.0
580,19053,0.0,0.0,0.0,0.0,0.0
581,19055,0.0,0.0,1.0,0.0,2.0
582,19057,0.0,0.0,0.0,0.0,0.0
583,19059,0.0,0.0,0.0,0.0,0.0
584,19061,0.0,0.0,0.0,0.0,0.0
585,19063,0.0,0.0,0.0,-1.0,-1.0
586,19065,0.0,0.0,0.0,0.0,0.0
587,19067,0.0,0.0,0.0,0.0,1.0
588,19069,0.0,0.0,0.0,0.0,0.0
589,19071,0.0,0.0,0.0,0.0,-1.0
590,19073,0.0,0.0,0.0,0.0,1.0
591,19075,0.0,0.0,0.0,0.0,1.0
592,19077,0.0,0.0,0.0,0.0,0.0
593,19079,1.0,0.0,0.0,0.0,2.0
594,19085,0.0,0.0,0.0,0.0,0.0
595,19087,0.0,0.0,0.0,1.0,1.0
596,19089,0.0,-1.0,0.0,0.0,1.0
597,19091,0.0,0.0,0.0,0.0,1.0
598,19093,0.0,0.0,0.0,0.0,0.0
599,19095,0.0,0.0,0.0,0.0,0.0
600,19097,0.0,0.0,1.0,0.0,0.0
601,19099,0.0,-1.0,0.0,0.0,1.0
602,19101,0.0,0.0,0.0,0.0,0.0
603,19103,0.0,0.0,0.0,-1.0,0.0
604,19105,0.0,0.0,0.0,1.0,1.0
605,19109,0.0,0.0,0.0,0.0,0.0
606,19111,0.0,0.0,0.0,-1.0,-1.0
607,19113,1.0,0.0,0.0,0.0,1.0
608,19115,0.0,0.0,0.0,0.0,-1.0
609,19117,1.0,0.0,0.0,0.0,1.0
610,19121,0.0,0.0,0.0,0.0,-1.0
611,19123,0.0,0.0,0.0,0.0,0.0
612,19125,0.0,0.0,0.0,0.0,0.0
613,19127,0.0,0.0,0.0,-1.0,-2.0
614,19133,0.0,0.0,0.0,0.0,0.0
615,19135,0.0,0.0,0.0,0.0,-1.0
616,19137,0.0,0.0,0.0,0.0,0.0
617,19139,0.0,0.0,0.0,0.0,0.0
618,19143,0.0,0.0,0.0,0.0,1.0
619,19149,-1.0,0.0,0.0,0.0,0.0
620,19153,0.0,0.0,0.0,0.0,-1.0
621,19155,0.0,0.0,0.0,0.0,0.0
622,19157,0.0,0.0,1.0,0.0,0.0
623,19161,0.0,0.0,0.0,0.0,-1.0
624,19163,0.0,-1.0,0.0,1.0,2.0
625,19165,0.0,0.0,1.0,0.0,1.0
626,19167,0.0,0.0,0.0,0.0,0.0
627,19169,0.0,0.0,0.0,0.0,-2.0
628,19171,0.0,0.0,0.0,0.0,0.0
629,19177,0.0,0.0,0.0,0.0,1.0
630,19179,0.0,-1.0,-1.0,0.0,-1.0
631,19181,0.0,0.0,0.0,0.0,1.0
632,19183,0.0,0.0,0.0,0.0,1.0
633,19187,0.0,0.0,-1.0,0.0,-1.0
634,19191,0.0,0.0,0.0,0.0,0.0
635,19193,0.0,0.0,0.0,0.0,2.0
636,19195,-2.0,0.0,0.0,0.0,-2.0
637,19197,0.0,0.0,0.0,0.0,1.0
638,20001,0.0,0.0,0.0,0.0,0.0
639,20003,0.0,0.0,1.0,0.0,1.0
640,20005,0.0,0.0,-1.0,0.0,0.0
641,20007,0.0,0.0,0.0,-1.0,-2.0
642,20009,0.0,0.0,0.0,0.0,0.0
643,20011,-1.0,0.0,0.0,0.0,-1.0
644,20013,0.0,0.0,0.0,0.0,0.0
645,20015,0.0,0.0,0.0,0.0,1.0
646,20017,0.0,0.0,0.0,0.0,0.0
647,20021,0.0,0.0,0.0,0.0,0.0
648,20029,0.0,0.0,0.0,0.0,-1.0
649,20031,0.0,-1.0,0.0,0.0,-1.0
650,20035,0.0,0.0,0.0,0.0,1.0
651,20037,0.0,0.0,0.0,0.0,-1.0
652,20039,0.0,0.0,-1.0,0.0,-1.0
653,20043,0.0,0.0,0.0,0.0,0.0
654,20045,0.0,0.0,0.0,0.0,0.0
655,20051,0.0,0.0,0.0,0.0,0.0
656,20053,0.0,0.0,0.0,0.0,0.0
657,20055,0.0,0.0,0.0,0.0,-2.0
658,20057,0.0,-1.0,1.0,0.0,0.0
659,20059,0.0,0.0,0.0,0.0,0.0
660,20061,0.0,0.0,0.0,0.0,-1.0
661,20063,0.0,0.0,0.0,0.0,0.0
662,20065,0.0,0.0,0.0,0.0,0.0
663,20067,0.0,0.0,-1.0,0.0,-2.0
664,20069,-1.0,0.0,0.0,0.0,-1.0
665,20071,0.0,0.0,0.0,0.0,0.0
666,20073,0.0,0.0,0.0,0.0,0.0
667,20075,0.0,0.0,0.0,0.0,0.0
668,20077,0.0,0.0,0.0,0.0,0.0
669,20079,0.0,0.0,0.0,0.0,1.0
670,20081,0.0,0.0,0.0,0.0,0.0
671,20085,0.0,0.0,0.0,0.0,0.0
672,20087,0.0,0.0,0.0,0.0,-1.0
673,20089,-1.0,0.0,0.0,0.0,-1.0
674,20091,0.0,0.0,-1.0,0.0,-1.0
675,20093,0.0,0.0,0.0,0.0,0.0
676,20097,0.0,-1.0,0.0,0.0,-1.0
677,20099,0.0,0.0,0.0,0.0,0.0
678,20107,-1.0,0.0,0.0,0.0,-1.0
679,20109,0.0,0.0,0.0,0.0,0.0
680,20111,0.0,0.0,0.0,0.0,0.0
681,20113,0.0,0.0,0.0,1.0,0.0
682,20115,0.0,0.0,0.0,0.0,0.0
683,20117,0.0,-1.0,0.0,0.0,-2.0
684,20119,0.0,0.0,0.0,0.0,0.0
685,20123,0.0,0.0,0.0,0.0,0.0
686,20125,0.0,0.0,0.0,0.0,0.0
687,20127,0.0,0.0,0.0,0.0,-1.0
688,20131,0.0,0.0,1.0,0.0,1.0
689,20137,0.0,0.0,0.0,0.0,0.0
690,20141,0.0,0.0,0.0,0.0,0.0
691,20143,0.0,0.0,0.0,0.0,-1.0
692,20147,0.0,0.0,0.0,0.0,0.0
693,20149,0.0,0.0,0.0,0.0,1.0
694,20151,0.0,0.0,0.0,0.0,0.0
695,20155,-1.0,0.0,0.0,0.0,-1.0
696,20157,0.0,0.0,0.0,0.0,-1.0
697,20159,0.0,0.0,0.0,0.0,-1.0
698,20161,-1.0,0.0,0.0,0.0,-2.0
699,20163,0.0,0.0,0.0,0.0,-1.0
700,20165,0.0,0.0,0.0,0.0,0.0
701,20167,0.0,0.0,0.0,0.0,0.0
702,20169,0.0,0.0,0.0,0.0,0.0
703,20171,0.0,0.0,0.0,0.0,-1.0
704,20173,0.0,0.0,0.0,0.0,-2.0
705,20175,0.0,-1.0,0.0,0.0,-1.0
706,20177,0.0,0.0,0.0,0.0,0.0
707,20179,0.0,0.0,0.0,0.0,0.0
708,20181,0.0,0.0,0.0,0.0,0.0
709,20183,0.0,0.0,0.0,0.0,0.0
710,20185,0.0,0.0,0.0,0.0,0.0
711,20187,0.0,0.0,0.0,0.0,0.0
712,20191,0.0,0.0,0.0,0.0,-1.0
713,20193,0.0,-1.0,0.0,0.0,0.0
714,20195,0.0,0.0,0.0,0.0,-1.0
715,20197,0.0,0.0,0.0,0.0,0.0
716,20201,0.0,0.0,0.0,0.0,-1.0
717,20203,0.0,0.0,0.0,0.0,0.0
718,20205,0.0,0.0,0.0,0.0,0.0
719,20207,0.0,0.0,0.0,0.0,0.0
720,20209,0.0,1.0,0.0,0.0,0.0
721,21011,0.0,0.0,0.0,0.0,0.0
722,21013,1.0,0.0,0.0,0.0,1.0
723,21015,0.0,0.0,0.0,0.0,0.0
724,21019,0.0,0.0,0.0,0.0,1.0
725,21021,0.0,0.0,0.0,0.0,0.0
726,21025,0.0,0.0,0.0,0.0,0.0
727,21027,0.0,0.0,0.0,0.0,1.0
728,21029,0.0,0.0,-1.0,0.0,0.0
729,21031,1.0,-1.0,0.0,0.0,0.0
730,21035,0.0,0.0,0.0,0.0,-1.0
731,21037,0.0,0.0,0.0,0.0,1.0
732,21039,0.0,0.0,0.0,0.0,0.0
733,21041,0.0,0.0,0.0,0.0,1.0
734,21043,-1.0,0.0,0.0,0.0,-2.0
735,21045,0.0,0.0,0.0,0.0,-1.0
736,21047,0.0,0.0,0.0,0.0,0.0
737,21049,0.0,0.0,0.0,0.0,1.0
738,21053,-1.0,0.0,0.0,0.0,-1.0
739,21059,0.0,0.0,0.0,0.0,0.0
740,21061,0.0,0.0,0.0,0.0,0.0
741,21067,0.0,0.0,0.0,0.0,-2.0
742,21069,0.0,0.0,0.0,0.0,0.0
743,21071,0.0,0.0,0.0,0.0,0.0
744,21073,0.0,0.0,0.0,0.0,1.0
745,21081,0.0,0.0,0.0,0.0,0.0
746,21083,0.0,0.0,0.0,0.0,-1.0
747,21085,0.0,0.0,0.0,0.0,0.0
748,21089,0.0,0.0,0.0,0.0,0.0
749,21091,0.0,0.0,0.0,0.0,0.0
750,21093,0.0,-1.0,0.0,0.0,-2.0
751,21099,0.0,1.0,0.0,0.0,1.0
752,21101,0.0,0.0,-1.0,0.0,-1.0
753,21107,-1.0,1.0,0.0,0.0,1.0
754,21111,0.0,0.0,0.0,0.0,0.0
755,21113,0.0,0.0,0.0,0.0,0.0
756,21121,0.0,0.0,0.0,0.0,0.0
757,21125,0.0,0.0,1.0,0.0,0.0
758,21127,0.0,0.0,0.0,0.0,0.0
759,21133,0.0,0.0,0.0,0.0,0.0
760,21135,0.0,0.0,-1.0,0.0,-1.0
761,21141,0.0,0.0,0.0,0.0,1.0
762,21143,0.0,0.0,0.0,0.0,0.0
763,21145,0.0,0.0,0.0,0.0,-1.0
764,21151,0.0,0.0,0.0,0.0,-1.0
765,21153,0.0,-1.0,0.0,0.0,-2.0
766,21157,1.0,-1.0,0.0,0.0,0.0
767,21161,0.0,0.0,0.0,0.0,0.0
768,21163,0.0,0.0,0.0,0.0,0.0
769,21173,0.0,1.0,0.0,0.0,1.0
770,21179,0.0,0.0,0.0,-1.0,-1.0
771,21183,0.0,0.0,0.0,0.0,0.0
772,21187,0.0,0.0,0.0,0.0,0.0
773,21191,0.0,0.0,0.0,0.0,-1.0
774,21195,0.0,0.0,0.0,0.0,0.0
775,21199,0.0,-1.0,0.0,0.0,-1.0
776,21203,0.0,0.0,0.0,0.0,0.0
777,21205,1.0,-2.0,0.0,0.0,0.0
778,21207,0.0,0.0,0.0,0.0,1.0
779,21209,0.0,0.0,0.0,0.0,0.0
780,21211,0.0,0.0,0.0,0.0,0.0
781,21213,0.0,0.0,0.0,0.0,0.0
782,21217,0.0,-1.0,0.0,0.0,0.0
783,21221,0.0,0.0,0.0,0.0,-1.0
784,21223,0.0,0.0,0.0,0.0,0.0
785,21225,0.0,0.0,0.0,0.0,2.0
786,21227,0.0,0.0,0.0,0.0,1.0
787,21229,0.0,0.0,0.0,0.0,0.0
788,21233,0.0,0.0,0.0,0.0,-1.0
789,21235,0.0,0.0,0.0,0.0,-1.0
790,21237,0.0,0.0,0.0,0.0,-1.0
791,21239,0.0,0.0,0.0,0.0,-1.0
792,22001,-2.0,0.0,1.0,0.0,2.0
793,22003,0.0,0.0,0.0,0.0,0.0
794,22005,0.0,-1.0,0.0,0.0,0.0
795,22007,-1.0,0.0,0.0,0.0,0.0
796,22009,0.0,0.0,0.0,0.0,-1.0
797,22011,0.0,0.0,0.0,0.0,-1.0
798,22013,0.0,0.0,0.0,0.0,1.0
799,22015,0.0,0.0,0.0,0.0,0.0
800,22017,-1.0,0.0,0.0,0.0,3.0
801,22019,-2.0,1.0,0.0,-2.0,-3.0
802,22021,0.0,0.0,0.0,0.0,0.0
803,22025,0.0,0.0,0.0,0.0,0.0
804,22027,0.0,0.0,0.0,0.0,1.0
805,22029,0.0,0.0,0.0,0.0,1.0
806,22031,1.0,0.0,0.0,0.0,0.0
807,22033,0.0,0.0,0.0,0.0,0.0
808,22035,0.0,0.0,1.0,0.0,1.0
809,22037,0.0,0.0,0.0,0.0,0.0
810,22043,0.0,0.0,0.0,0.0,-1.0
811,22045,0.0,0.0,0.0,0.0,1.0
812,22047,0.0,0.0,0.0,0.0,0.0
813,22049,0.0,0.0,0.0,0.0,0.0
814,22051,0.0,0.0,0.0,0.0,2.0
815,22053,0.0,0.0,0.0,0.0,-1.0
816,22055,0.0,0.0,-1.0,0.0,-1.0
817,22057,-2.0,0.0,0.0,0.0,1.0
818,22061,0.0,0.0,0.0,0.0,1.0
819,22063,0.0,0.0,0.0,0.0,2.0
820,22065,0.0,0.0,1.0,-1.0,-2.0
821,22067,0.0,0.0,0.0,0.0,0.0
822,22069,0.0,0.0,0.0,0.0,0.0
823,22071,-3.0,1.0,-2.0,0.0,-2.0
824,22073,0.0,0.0,0.0,0.0,1.0
825,22075,-1.0,0.0,0.0,0.0,-1.0
826,22077,0.0,0.0,0.0,0.0,2.0
827,22079,0.0,0.0,1.0,-1.0,1.0
828,22081,0.0,0.0,0.0,0.0,-1.0
829,22083,-1.0,0.0,0.0,0.0,-1.0
830,22085,0.0,0.0,0.0,0.0,1.0
831,22087,0.0,0.0,0.0,0.0,0.0
832,22089,0.0,0.0,0.0,0.0,0.0
833,22091,0.0,0.0,0.0,0.0,2.0
834,22093,0.0,0.0,0.0,0.0,0.0
835,22095,0.0,0.0,0.0,0.0,1.0
836,22097,0.0,0.0,1.0,0.0,-1.0
837,22099,0.0,2.0,1.0,0.0,3.0
838,22101,-1.0,0.0,-1.0,1.0,0.0
839,22103,0.0,0.0,0.0,0.0,1.0
840,22105,0.0,0.0,0.0,0.0,3.0
841,22109,0.0,-1.0,1.0,-1.0,0.0
842,22115,-1.0,0.0,0.0,0.0,-2.0
843,22117,0.0,0.0,0.0,0.0,0.0
844,22119,1.0,0.0,0.0,0.0,5.0
845,22121,-1.0,0.0,1.0,1.0,1.0
846,22125,0.0,0.0,0.0,0.0,0.0
847,22127,0.0,0.0,0.0,-1.0,-2.0
848,23001,0.0,0.0,0.0,0.0,-1.0
849,23003,0.0,0.0,0.0,0.0,-2.0
850,23005,-1.0,-1.0,0.0,0.0,0.0
851,23007,0.0,0.0,0.0,-1.0,-1.0
852,23009,0.0,0.0,0.0,0.0,0.0
853,23011,0.0,0.0,-1.0,0.0,-1.0
854,23013,0.0,0.0,0.0,0.0,0.0
855,23017,0.0,0.0,0.0,0.0,0.0
856,23019,0.0,0.0,0.0,0.0,0.0
857,23023,0.0,0.0,0.0,0.0,1.0
858,23025,0.0,0.0,0.0,0.0,-1.0
859,23027,0.0,0.0,0.0,0.0,1.0
860,23029,0.0,0.0,0.0,0.0,0.0
861,23031,0.0,0.0,-1.0,1.0,2.0
862,24001,0.0,0.0,0.0,0.0,1.0
863,24003,0.0,0.0,0.0,0.0,1.0
864,24005,0.0,0.0,0.0,-1.0,-1.0
865,24009,0.0,0.0,0.0,0.0,0.0
866,24011,0.0,0.0,0.0,0.0,1.0
867,24013,0.0,0.0,0.0,0.0,0.0
868,24015,0.0,0.0,0.0,0.0,1.0
869,24017,0.0,0.0,0.0,0.0,0.0
870,24019,0.0,0.0,0.0,0.0,1.0
871,24021,0.0,0.0,0.0,0.0,0.0
872,24023,0.0,0.0,0.0,-1.0,0.0
873,24025,0.0,0.0,1.0,0.0,1.0
874,24027,0.0,0.0,0.0,0.0,-1.0
875,24029,0.0,0.0,0.0,0.0,1.0
876,24031,0.0,0.0,0.0,0.0,1.0
877,24033,0.0,0.0,0.0,0.0,-3.0
878,24035,0.0,0.0,0.0,-1.0,-1.0
879,24037,0.0,0.0,0.0,0.0,0.0
880,24039,0.0,0.0,0.0,0.0,1.0
881,24041,0.0,0.0,0.0,0.0,0.0
882,24043,0.0,0.0,0.0,0.0,1.0
883,24045,0.0,0.0,0.0,0.0,-1.0
884,24510,-1.0,0.0,0.0,0.0,0.0
885,25001,0.0,-1.0,0.0,0.0,-1.0
886,25003,0.0,0.0,0.0,0.0,-2.0
887,25005,-1.0,0.0,0.0,0.0,-4.0
888,25009,0.0,0.0,0.0,0.0,0.0
889,25011,0.0,0.0,0.0,0.0,0.0
890,25013,0.0,0.0,0.0,0.0,2.0
891,25017,0.0,0.0,0.0,0.0,0.0
892,25021,0.0,-1.0,0.0,-1.0,-1.0
893,25023,0.0,0.0,0.0,0.0,0.0
894,25025,0.0,0.0,0.0,0.0,-1.0
895,25027,-1.0,-1.0,1.0,0.0,1.0
896,26003,0.0,0.0,0.0,0.0,0.0
897,26005,0.0,0.0,0.0,0.0,0.0
898,26007,0.0,0.0,0.0,0.0,-1.0
899,26011,0.0,0.0,0.0,0.0,-1.0
900,26013,0.0,0.0,0.0,0.0,0.0
901,26015,0.0,0.0,0.0,0.0,0.0
902,26017,0.0,0.0,1.0,0.0,1.0
903,26021,0.0,0.0,0.0,0.0,-2.0
904,26025,1.0,0.0,0.0,0.0,0.0
905,26027,0.0,0.0,0.0,0.0,0.0
906,26031,0.0,0.0,0.0,0.0,0.0
907,26033,0.0,0.0,0.0,0.0,0.0
908,26035,0.0,0.0,0.0,0.0,0.0
909,26037,0.0,0.0,0.0,0.0,0.0
910,26039,0.0,0.0,0.0,0.0,0.0
911,26041,0.0,0.0,0.0,0.0,-1.0
912,26043,0.0,0.0,0.0,0.0,-1.0
913,26045,0.0,0.0,0.0,0.0,-1.0
914,26047,0.0,0.0,0.0,0.0,0.0
915,26049,-1.0,0.0,0.0,0.0,-1.0
916,26051,0.0,0.0,0.0,0.0,0.0
917,26053,0.0,0.0,0.0,0.0,1.0
918,26057,0.0,0.0,0.0,0.0,2.0
919,26059,0.0,0.0,0.0,0.0,1.0
920,26061,0.0,0.0,0.0,0.0,0.0
921,26063,0.0,0.0,0.0,0.0,-1.0
922,26065,0.0,0.0,0.0,0.0,0.0
923,26067,0.0,0.0,0.0,0.0,-1.0
924,26069,0.0,0.0,0.0,0.0,0.0
925,26071,0.0,0.0,0.0,0.0,0.0
926,26073,0.0,0.0,0.0,0.0,0.0
927,26075,0.0,0.0,0.0,-1.0,-3.0
928,26077,1.0,0.0,0.0,0.0,0.0
929,26079,0.0,0.0,0.0,0.0,1.0
930,26081,0.0,0.0,-1.0,0.0,-3.0
931,26087,0.0,0.0,0.0,0.0,2.0
932,26089,0.0,0.0,0.0,0.0,-1.0
933,26091,0.0,0.0,0.0,0.0,0.0
934,26093,1.0,0.0,0.0,0.0,-1.0
935,26095,0.0,0.0,0.0,0.0,0.0
936,26097,0.0,0.0,0.0,0.0,0.0
937,26099,0.0,-2.0,0.0,0.0,-4.0
938,26101,-1.0,0.0,0.0,-1.0,0.0
939,26103,0.0,0.0,0.0,0.0,0.0
940,26107,0.0,0.0,0.0,0.0,0.0
941,26109,0.0,-1.0,0.0,0.0,0.0
942,26111,0.0,0.0,0.0,0.0,1.0
943,26115,0.0,0.0,0.0,0.0,-1.0
944,26117,0.0,0.0,0.0,0.0,-1.0
945,26121,0.0,0.0,0.0,0.0,2.0
946,26123,0.0,0.0,0.0,0.0,0.0
947,26125,0.0,0.0,0.0,0.0,1.0
948,26127,0.0,0.0,0.0,0.0,1.0
949,26129,0.0,0.0,-1.0,0.0,-1.0
950,26131,0.0,0.0,0.0,0.0,-1.0
951,26133,0.0,0.0,0.0,0.0,0.0
952,26135,0.0,0.0,0.0,0.0,-1.0
953,26137,0.0,0.0,0.0,0.0,-1.0
954,26139,0.0,0.0,0.0,1.0,2.0
955,26143,0.0,0.0,0.0,0.0,0.0
956,26145,0.0,0.0,0.0,0.0,-1.0
957,26147,0.0,1.0,0.0,0.0,3.0
958,26149,0.0,0.0,0.0,0.0,0.0
959,26151,-1.0,0.0,0.0,0.0,0.0
960,26153,-2.0,0.0,0.0,0.0,-3.0
961,26155,0.0,0.0,0.0,0.0,0.0
962,26157,0.0,0.0,0.0,0.0,-1.0
963,26159,0.0,0.0,0.0,0.0,0.0
964,26161,0.0,0.0,0.0,0.0,-1.0
965,26163,-5.0,-2.0,-2.0,1.0,-5.0
966,26165,-1.0,0.0,0.0,0.0,-1.0
967,27003,-2.0,0.0,0.0,0.0,-3.0
968,27005,0.0,0.0,-1.0,0.0,0.0
969,27007,0.0,0.0,0.0,0.0,0.0
970,27009,0.0,0.0,0.0,0.0,0.0
971,27011,0.0,0.0,0.0,0.0,0.0
972,27013,0.0,0.0,0.0,0.0,0.0
973,27017,0.0,0.0,0.0,1.0,1.0
974,27019,-1.0,0.0,0.0,0.0,-1.0
975,27021,0.0,-1.0,0.0,0.0,0.0
976,27023,0.0,0.0,0.0,0.0,-1.0
977,27025,0.0,0.0,0.0,0.0,-1.0
978,27027,1.0,0.0,0.0,0.0,1.0
979,27033,0.0,0.0,0.0,0.0,-1.0
980,27035,0.0,0.0,0.0,1.0,1.0
981,27037,-2.0,0.0,0.0,0.0,-2.0
982,27039,0.0,0.0,0.0,0.0,1.0
983,27041,0.0,0.0,0.0,0.0,1.0
984,27043,0.0,0.0,0.0,0.0,1.0
985,27047,0.0,1.0,1.0,0.0,1.0
986,27049,0.0,0.0,-1.0,0.0,1.0
987,27053,0.0,0.0,0.0,0.0,-1.0
988,27061,0.0,-1.0,0.0,0.0,0.0
989,27063,0.0,0.0,0.0,0.0,1.0
990,27067,0.0,0.0,0.0,0.0,0.0
991,27069,-1.0,0.0,0.0,0.0,-1.0
992,27071,0.0,0.0,0.0,0.0,0.0
993,27073,0.0,0.0,0.0,0.0,0.0
994,27075,0.0,0.0,0.0,0.0,0.0
995,27083,0.0,0.0,0.0,0.0,-1.0
996,27085,0.0,0.0,0.0,0.0,0.0
997,27091,0.0,0.0,0.0,0.0,1.0
998,27093,0.0,0.0,0.0,0.0,0.0
999,27095,0.0,0.0,0.0,0.0,0.0
1000,27097,0.0,-1.0,0.0,0.0,0.0
1001,27099,0.0,0.0,0.0,0.0,-3.0
1002,27101,-1.0,0.0,0.0,0.0,-1.0
1003,27105,-1.0,0.0,0.0,-1.0,-1.0
1004,27109,0.0,0.0,0.0,0.0,3.0
1005,27111,-1.0,0.0,-1.0,0.0,-1.0
1006,27113,0.0,0.0,0.0,0.0,0.0
1007,27115,0.0,0.0,0.0,0.0,-2.0
1008,27117,0.0,0.0,0.0,0.0,0.0
1009,27119,0.0,0.0,0.0,0.0,0.0
1010,27123,0.0,0.0,0.0,0.0,-1.0
1011,27129,0.0,0.0,0.0,-1.0,-1.0
1012,27131,0.0,0.0,0.0,0.0,1.0
1013,27133,0.0,0.0,0.0,0.0,1.0
1014,27135,0.0,0.0,0.0,0.0,1.0
1015,27137,0.0,0.0,0.0,0.0,1.0
1016,27139,0.0,-1.0,0.0,0.0,-3.0
1017,27141,0.0,0.0,0.0,0.0,0.0
1018,27143,0.0,0.0,0.0,0.0,0.0
1019,27145,0.0,0.0,-1.0,-1.0,-1.0
1020,27147,0.0,-1.0,0.0,0.0,-2.0
1021,27149,0.0,0.0,0.0,0.0,0.0
1022,27151,-1.0,0.0,0.0,0.0,-1.0
1023,27157,0.0,0.0,0.0,0.0,1.0
1024,27165,0.0,0.0,0.0,0.0,0.0
1025,27167,0.0,0.0,0.0,0.0,0.0
1026,27169,0.0,0.0,0.0,0.0,0.0
1027,27171,-1.0,0.0,0.0,0.0,0.0
1028,28001,0.0,0.0,0.0,0.0,-1.0
1029,28003,0.0,0.0,0.0,0.0,0.0
1030,28007,0.0,0.0,0.0,0.0,0.0
1031,28009,0.0,0.0,0.0,0.0,0.0
1032,28011,0.0,0.0,0.0,0.0,0.0
1033,28015,0.0,-1.0,0.0,-1.0,-2.0
1034,28017,0.0,0.0,0.0,0.0,1.0
1035,28019,0.0,0.0,0.0,0.0,1.0
1036,28023,0.0,0.0,0.0,-1.0,-2.0
1037,28025,0.0,0.0,-2.0,0.0,-3.0
1038,28027,0.0,0.0,0.0,-1.0,-1.0
1039,28029,0.0,0.0,0.0,0.0,0.0
1040,28031,0.0,0.0,0.0,0.0,0.0
1041,28033,0.0,0.0,0.0,0.0,0.0
1042,28035,0.0,0.0,0.0,0.0,-1.0
1043,28037,-1.0,0.0,0.0,0.0,-1.0
1044,28039,0.0,0.0,0.0,0.0,0.0
1045,28041,0.0,0.0,0.0,0.0,0.0
1046,28043,0.0,0.0,0.0,1.0,0.0
1047,28045,-1.0,0.0,0.0,0.0,-1.0
1048,28047,0.0,0.0,0.0,0.0,-2.0
1049,28049,0.0,0.0,0.0,0.0,-1.0
1050,28051,0.0,0.0,0.0,0.0,-1.0
1051,28057,0.0,0.0,0.0,0.0,0.0
1052,28059,0.0,0.0,0.0,0.0,0.0
1053,28061,0.0,0.0,0.0,0.0,-3.0
1054,28067,0.0,0.0,-1.0,0.0,-3.0
1055,28069,0.0,0.0,0.0,0.0,0.0
1056,28073,0.0,0.0,2.0,0.0,1.0
1057,28075,1.0,0.0,0.0,0.0,2.0
1058,28079,0.0,0.0,0.0,0.0,1.0
1059,28081,0.0,-1.0,1.0,0.0,-1.0
1060,28083,-2.0,-1.0,0.0,0.0,-3.0
1061,28085,0.0,0.0,0.0,0.0,-1.0
1062,28087,0.0,0.0,0.0,1.0,1.0
1063,28089,-1.0,0.0,0.0,0.0,-3.0
1064,28091,0.0,0.0,-1.0,0.0,-1.0
1065,28093,0.0,0.0,0.0,0.0,0.0
1066,28095,0.0,-1.0,0.0,0.0,-1.0
1067,28097,0.0,0.0,0.0,0.0,0.0
1068,28099,0.0,0.0,0.0,0.0,0.0
1069,28101,0.0,0.0,0.0,0.0,-1.0
1070,28103,0.0,0.0,0.0,0.0,1.0
1071,28105,0.0,0.0,0.0,0.0,1.0
1072,28107,0.0,0.0,0.0,0.0,1.0
1073,28109,-1.0,0.0,0.0,1.0,0.0
1074,28111,0.0,0.0,0.0,0.0,0.0
1075,28113,-1.0,0.0,0.0,0.0,-1.0
1076,28115,0.0,0.0,0.0,0.0,0.0
1077,28117,0.0,-1.0,-1.0,0.0,-2.0
1078,28121,-1.0,0.0,0.0,-1.0,-1.0
1079,28123,0.0,0.0,0.0,0.0,0.0
1080,28127,0.0,0.0,0.0,0.0,0.0
1081,28129,0.0,-1.0,0.0,0.0,-1.0
1082,28131,0.0,0.0,0.0,0.0,-1.0
1083,28133,0.0,0.0,1.0,0.0,1.0
1084,28137,0.0,0.0,-1.0,0.0,-1.0
1085,28139,0.0,-2.0,0.0,0.0,-2.0
1086,28145,0.0,0.0,0.0,0.0,0.0
1087,28147,0.0,0.0,0.0,0.0,0.0
1088,28149,0.0,0.0,0.0,0.0,0.0
1089,28151,0.0,0.0,0.0,0.0,-1.0
1090,28153,0.0,0.0,0.0,0.0,0.0
1091,28159,0.0,0.0,0.0,0.0,-1.0
1092,28161,0.0,0.0,0.0,0.0,2.0
1093,28163,0.0,0.0,0.0,0.0,0.0
1094,29003,0.0,0.0,0.0,0.0,0.0
1095,29005,0.0,0.0,0.0,0.0,-1.0
1096,29007,0.0,0.0,0.0,0.0,0.0
1097,29009,0.0,0.0,0.0,0.0,0.0
1098,29011,0.0,0.0,0.0,0.0,0.0
1099,29013,0.0,0.0,0.0,-1.0,-1.0
1100,29015,0.0,0.0,0.0,0.0,1.0
1101,29019,0.0,0.0,0.0,0.0,0.0
1102,29021,0.0,0.0,0.0,0.0,-1.0
1103,29023,0.0,0.0,0.0,0.0,0.0
1104,29027,0.0,0.0,0.0,0.0,0.0
1105,29031,-1.0,0.0,0.0,0.0,-1.0
1106,29033,0.0,0.0,0.0,0.0,1.0
1107,29035,0.0,0.0,0.0,0.0,1.0
1108,29037,0.0,0.0,0.0,0.0,-1.0
1109,29043,0.0,0.0,0.0,0.0,0.0
1110,29045,1.0,-1.0,0.0,0.0,0.0
1111,29047,0.0,-1.0,0.0,0.0,-1.0
1112,29049,0.0,0.0,0.0,0.0,0.0
1113,29051,0.0,-1.0,0.0,0.0,-1.0
1114,29053,0.0,1.0,0.0,0.0,0.0
1115,29055,0.0,0.0,0.0,0.0,0.0
1116,29061,0.0,0.0,0.0,0.0,0.0
1117,29063,0.0,0.0,0.0,0.0,0.0
1118,29069,0.0,0.0,0.0,0.0,0.0
1119,29071,0.0,1.0,0.0,0.0,0.0
1120,29077,-2.0,0.0,0.0,-1.0,-3.0
1121,29081,0.0,-1.0,0.0,1.0,2.0
1122,29083,0.0,0.0,-1.0,0.0,-1.0
1123,29087,0.0,1.0,-1.0,0.0,0.0
1124,29091,0.0,0.0,0.0,0.0,0.0
1125,29095,0.0,0.0,0.0,-1.0,-3.0
1126,29097,0.0,-1.0,-1.0,0.0,-3.0
1127,29099,1.0,0.0,0.0,0.0,1.0
1128,29105,0.0,0.0,0.0,0.0,0.0
1129,29107,0.0,0.0,0.0,-1.0,-2.0
1130,29109,0.0,0.0,0.0,0.0,0.0
1131,29111,0.0,0.0,0.0,0.0,1.0
1132,29113,0.0,0.0,0.0,0.0,1.0
1133,29117,0.0,0.0,0.0,0.0,0.0
1134,29119,0.0,0.0,0.0,0.0,0.0
1135,29121,0.0,0.0,0.0,1.0,-1.0
1136,29123,0.0,0.0,0.0,0.0,1.0
1137,29127,0.0,0.0,0.0,0.0,0.0
1138,29129,0.0,0.0,0.0,1.0,1.0
1139,29131,0.0,0.0,0.0,0.0,0.0
1140,29133,0.0,0.0,0.0,0.0,0.0
1141,29139,0.0,0.0,0.0,0.0,0.0
1142,29143,0.0,0.0,0.0,0.0,0.0
1143,29145,0.0,0.0,0.0,1.0,1.0
1144,29147,0.0,0.0,0.0,0.0,-1.0
1145,29149,0.0,0.0,0.0,0.0,-1.0
1146,29155,0.0,0.0,0.0,0.0,1.0
1147,29157,0.0,0.0,0.0,0.0,1.0
1148,29159,0.0,0.0,0.0,0.0,1.0
1149,29161,1.0,0.0,0.0,0.0,1.0
1150,29163,-1.0,0.0,0.0,0.0,-1.0
1151,29165,0.0,0.0,0.0,0.0,2.0
1152,29169,0.0,0.0,0.0,0.0,-1.0
1153,29175,0.0,0.0,0.0,0.0,1.0
1154,29177,0.0,0.0,0.0,0.0,1.0
1155,29183,-1.0,-1.0,0.0,0.0,-2.0
1156,29185,0.0,0.0,0.0,0.0,0.0
1157,29186,0.0,0.0,1.0,0.0,0.0
1158,29187,1.0,-1.0,0.0,0.0,0.0
1159,29189,0.0,0.0,0.0,-1.0,-2.0
1160,29195,-1.0,-1.0,0.0,0.0,-3.0
1161,29197,0.0,0.0,0.0,0.0,0.0
1162,29201,0.0,0.0,0.0,0.0,-1.0
1163,29213,0.0,0.0,0.0,0.0,-1.0
1164,29215,0.0,0.0,-1.0,0.0,-1.0
1165,29217,0.0,0.0,0.0,0.0,0.0
1166,29219,0.0,0.0,0.0,0.0,0.0
1167,29229,0.0,0.0,0.0,0.0,1.0
1168,29510,0.0,0.0,-1.0,0.0,0.0
1169,30001,0.0,0.0,0.0,0.0,0.0
1170,30003,0.0,0.0,0.0,0.0,0.0
1171,30005,0.0,0.0,0.0,0.0,0.0
1172,30013,1.0,0.0,0.0,0.0,1.0
1173,30017,0.0,0.0,0.0,0.0,0.0
1174,30021,0.0,0.0,0.0,0.0,0.0
1175,30027,0.0,0.0,0.0,0.0,0.0
1176,30029,0.0,0.0,0.0,0.0,-1.0
1177,30031,0.0,-1.0,1.0,0.0,0.0
1178,30035,0.0,0.0,0.0,0.0,0.0
1179,30041,0.0,0.0,0.0,0.0,-1.0
1180,30043,0.0,0.0,0.0,0.0,0.0
1181,30045,0.0,-1.0,0.0,0.0,-1.0
1182,30047,0.0,0.0,0.0,0.0,1.0
1183,30049,0.0,0.0,0.0,0.0,-1.0
1184,30053,0.0,0.0,0.0,0.0,1.0
1185,30055,0.0,0.0,0.0,0.0,0.0
1186,30061,0.0,0.0,0.0,0.0,-1.0
1187,30063,0.0,0.0,0.0,0.0,1.0
1188,30067,0.0,0.0,0.0,0.0,0.0
1189,30071,0.0,0.0,0.0,0.0,0.0
1190,30073,0.0,0.0,0.0,0.0,0.0
1191,30075,0.0,0.0,0.0,0.0,0.0
1192,30077,0.0,0.0,0.0,0.0,0.0
1193,30081,0.0,0.0,0.0,0.0,0.0
1194,30083,0.0,0.0,1.0,0.0,1.0
1195,30085,0.0,0.0,0.0,0.0,0.0
1196,30087,0.0,0.0,0.0,0.0,0.0
1197,30091,0.0,0.0,0.0,0.0,0.0
1198,30093,0.0,0.0,0.0,0.0,0.0
1199,30095,0.0,0.0,0.0,0.0,0.0
1200,30097,0.0,0.0,0.0,0.0,0.0
1201,30101,0.0,0.0,0.0,0.0,0.0
1202,30111,0.0,0.0,0.0,0.0,2.0
1203,31001,0.0,0.0,0.0,0.0,0.0
1204,31013,0.0,0.0,0.0,0.0,0.0
1205,31017,0.0,0.0,0.0,0.0,0.0
1206,31019,0.0,0.0,0.0,0.0,0.0
1207,31021,0.0,0.0,0.0,0.0,-1.0
1208,31023,0.0,0.0,0.0,0.0,0.0
1209,31025,0.0,0.0,0.0,0.0,0.0
1210,31029,0.0,-1.0,0.0,0.0,-1.0
1211,31031,0.0,0.0,0.0,0.0,1.0
1212,31033,0.0,0.0,0.0,0.0,0.0
1213,31039,1.0,0.0,0.0,0.0,1.0
1214,31041,0.0,0.0,0.0,0.0,1.0
1215,31043,0.0,0.0,0.0,0.0,0.0
1216,31045,0.0,0.0,0.0,0.0,0.0
1217,31047,0.0,0.0,0.0,-1.0,0.0
1218,31049,0.0,0.0,0.0,0.0,0.0
1219,31053,0.0,0.0,0.0,0.0,0.0
1220,31055,0.0,0.0,0.0,0.0,0.0
1221,31063,0.0,0.0,0.0,1.0,1.0
1222,31067,0.0,-1.0,-1.0,0.0,-1.0
1223,31071,0.0,0.0,0.0,0.0,0.0
1224,31079,0.0,-1.0,0.0,0.0,-1.0
1225,31081,-1.0,0.0,0.0,0.0,-1.0
1226,31083,0.0,0.0,0.0,0.0,0.0
1227,31087,0.0,0.0,0.0,0.0,0.0
1228,31089,-1.0,0.0,0.0,0.0,-1.0
1229,31093,0.0,0.0,0.0,0.0,0.0
1230,31095,0.0,0.0,0.0,0.0,0.0
1231,31101,0.0,0.0,0.0,0.0,0.0
1232,31105,0.0,0.0,0.0,0.0,-1.0
1233,31109,0.0,0.0,0.0,0.0,1.0
1234,31111,0.0,0.0,0.0,0.0,1.0
1235,31119,0.0,-2.0,0.0,0.0,-3.0
1236,31121,0.0,0.0,0.0,0.0,0.0
1237,31123,0.0,0.0,0.0,0.0,0.0
1238,31125,0.0,0.0,0.0,0.0,0.0
1239,31129,0.0,0.0,0.0,0.0,0.0
1240,31131,0.0,0.0,0.0,0.0,0.0
1241,31137,0.0,0.0,0.0,0.0,0.0
1242,31141,0.0,0.0,0.0,0.0,0.0
1243,31143,0.0,0.0,0.0,0.0,0.0
1244,31149,0.0,0.0,0.0,0.0,-1.0
1245,31153,0.0,0.0,0.0,0.0,-1.0
1246,31157,0.0,0.0,0.0,0.0,-1.0
1247,31161,0.0,0.0,0.0,0.0,0.0
1248,31165,0.0,0.0,0.0,0.0,0.0
1249,31169,0.0,0.0,0.0,0.0,0.0
1250,31171,0.0,0.0,0.0,0.0,0.0
1251,31173,0.0,0.0,0.0,0.0,-1.0
1252,31175,0.0,0.0,0.0,0.0,1.0
1253,31177,-1.0,0.0,0.0,0.0,-1.0
1254,31179,0.0,0.0,0.0,0.0,0.0
1255,31185,0.0,0.0,-1.0,0.0,-1.0
1256,32001,0.0,0.0,0.0,-1.0,-2.0
1257,32003,0.0,-2.0,0.0,0.0,-3.0
1258,32005,0.0,0.0,0.0,0.0,0.0
1259,32007,0.0,0.0,0.0,0.0,1.0
1260,32011,0.0,0.0,0.0,0.0,0.0
1261,32013,0.0,0.0,0.0,0.0,1.0
1262,32015,0.0,0.0,0.0,0.0,0.0
1263,32017,0.0,0.0,0.0,0.0,-1.0
1264,32021,0.0,0.0,0.0,1.0,1.0
1265,32023,0.0,0.0,0.0,0.0,-1.0
1266,32027,0.0,0.0,0.0,0.0,1.0
1267,32029,0.0,0.0,0.0,0.0,1.0
1268,32031,0.0,-1.0,-1.0,0.0,-1.0
1269,32033,0.0,0.0,0.0,0.0,1.0
1270,33005,0.0,0.0,-1.0,0.0,-1.0
1271,33007,0.0,0.0,0.0,0.0,-5.0
1272,33009,0.0,0.0,0.0,0.0,0.0
1273,33011,-1.0,0.0,0.0,-1.0,-3.0
1274,33013,-1.0,0.0,0.0,0.0,-3.0
1275,33015,-1.0,0.0,0.0,0.0,0.0
1276,33017,-1.0,0.0,0.0,0.0,-1.0
1277,34001,0.0,-2.0,0.0,0.0,0.0
1278,34003,0.0,-1.0,0.0,0.0,-1.0
1279,34005,0.0,0.0,0.0,0.0,0.0
1280,34007,0.0,0.0,0.0,0.0,-1.0
1281,34009,0.0,0.0,0.0,0.0,1.0
1282,34011,0.0,0.0,0.0,-1.0,-1.0
1283,34013,0.0,-1.0,0.0,0.0,-1.0
1284,34015,0.0,0.0,0.0,0.0,1.0
1285,34017,-1.0,-1.0,0.0,-1.0,-2.0
1286,34019,-1.0,0.0,0.0,0.0,-2.0
1287,34021,0.0,0.0,0.0,0.0,0.0
1288,34023,-1.0,1.0,0.0,-2.0,0.0
1289,34025,-1.0,0.0,0.0,0.0,-3.0
1290,34027,0.0,0.0,0.0,-1.0,-2.0
1291,34029,0.0,0.0,0.0,0.0,0.0
1292,34031,-1.0,0.0,0.0,0.0,-2.0
1293,34033,0.0,0.0,0.0,0.0,2.0
1294,34037,0.0,0.0,0.0,0.0,1.0
1295,34039,0.0,0.0,0.0,-1.0,-3.0
1296,34041,0.0,0.0,0.0,0.0,0.0
1297,35001,-1.0,0.0,0.0,0.0,-1.0
1298,35005,0.0,0.0,0.0,0.0,0.0
1299,35006,0.0,0.0,0.0,0.0,1.0
1300,35007,0.0,0.0,0.0,0.0,-2.0
1301,35009,-1.0,0.0,0.0,1.0,1.0
1302,35013,0.0,0.0,0.0,0.0,0.0
1303,35015,0.0,0.0,0.0,-1.0,-1.0
1304,35019,0.0,0.0,0.0,0.0,0.0
1305,35023,0.0,1.0,0.0,0.0,0.0
1306,35025,0.0,0.0,1.0,-1.0,0.0
1307,35027,0.0,1.0,0.0,0.0,1.0
1308,35029,0.0,0.0,0.0,1.0,1.0
1309,35031,0.0,0.0,0.0,0.0,0.0
1310,35035,0.0,1.0,0.0,0.0,0.0
1311,35037,-1.0,0.0,0.0,0.0,0.0
1312,35043,0.0,0.0,0.0,1.0,2.0
1313,35045,0.0,0.0,0.0,0.0,1.0
1314,35047,0.0,0.0,0.0,0.0,0.0
1315,35049,-1.0,0.0,0.0,0.0,-1.0
1316,35051,0.0,0.0,0.0,0.0,0.0
1317,35053,0.0,0.0,0.0,0.0,0.0
1318,35057,0.0,-1.0,-1.0,0.0,-1.0
1319,35059,0.0,0.0,0.0,0.0,0.0
1320,35061,0.0,0.0,0.0,0.0,1.0
1321,36001,-1.0,0.0,0.0,0.0,0.0
1322,36003,0.0,0.0,0.0,0.0,-1.0
1323,36007,0.0,0.0,0.0,0.0,1.0
1324,36009,0.0,0.0,0.0,0.0,1.0
1325,36011,0.0,0.0,0.0,0.0,1.0
1326,36013,0.0,-1.0,0.0,0.0,-1.0
1327,36015,-1.0,-1.0,0.0,0.0,-1.0
1328,36017,0.0,0.0,0.0,0.0,0.0
1329,36019,-1.0,0.0,0.0,0.0,0.0
1330,36021,0.0,0.0,0.0,0.0,-2.0
1331,36023,0.0,0.0,0.0,0.0,0.0
1332,36025,0.0,0.0,0.0,0.0,0.0
1333,36029,-1.0,0.0,-1.0,1.0,3.0
1334,36031,0.0,-1.0,0.0,-1.0,-1.0
1335,36033,0.0,0.0,0.0,-1.0,-2.0
1336,36035,-1.0,0.0,0.0,0.0,-1.0
1337,36037,0.0,0.0,-2.0,0.0,-4.0
1338,36039,0.0,-1.0,0.0,0.0,0.0
1339,36043,0.0,0.0,0.0,0.0,1.0
1340,36045,0.0,0.0,0.0,0.0,1.0
1341,36051,0.0,0.0,0.0,0.0,0.0
1342,36053,0.0,0.0,0.0,0.0,1.0
1343,36055,0.0,0.0,0.0,0.0,1.0
1344,36057,0.0,0.0,0.0,0.0,0.0
1345,36063,0.0,0.0,0.0,0.0,2.0
1346,36065,0.0,1.0,0.0,0.0,1.0
1347,36067,0.0,-1.0,0.0,0.0,3.0
1348,36069,0.0,0.0,0.0,0.0,2.0
1349,36071,0.0,0.0,0.0,0.0,-1.0
1350,36075,0.0,-1.0,0.0,0.0,0.0
1351,36077,0.0,0.0,0.0,0.0,0.0
1352,36081,0.0,0.0,0.0,0.0,-2.0
1353,36083,0.0,1.0,0.0,0.0,1.0
1354,36087,0.0,0.0,0.0,0.0,2.0
1355,36089,-1.0,0.0,0.0,0.0,-2.0
1356,36091,-1.0,0.0,0.0,0.0,0.0
1357,36093,0.0,0.0,0.0,0.0,0.0
1358,36097,0.0,0.0,0.0,0.0,0.0
1359,36099,0.0,0.0,0.0,0.0,0.0
1360,36101,1.0,0.0,0.0,0.0,2.0
1361,36103,0.0,0.0,0.0,0.0,0.0
1362,36105,0.0,0.0,0.0,0.0,-2.0
1363,36107,0.0,0.0,0.0,0.0,-1.0
1364,36111,-1.0,0.0,0.0,0.0,1.0
1365,36113,0.0,0.0,0.0,0.0,-2.0
1366,36115,0.0,0.0,0.0,1.0,1.0
1367,36117,0.0,0.0,0.0,1.0,-1.0
1368,36119,0.0,0.0,0.0,0.0,0.0
1369,37001,0.0,0.0,0.0,0.0,-1.0
1370,37007,0.0,0.0,0.0,0.0,1.0
1371,37011,0.0,0.0,0.0,0.0,-1.0
1372,37013,0.0,0.0,0.0,0.0,-1.0
1373,37015,0.0,0.0,0.0,0.0,1.0
1374,37019,0.0,0.0,0.0,0.0,0.0
1375,37021,0.0,-1.0,0.0,0.0,-1.0
1376,37023,0.0,0.0,0.0,0.0,-1.0
1377,37025,0.0,-1.0,0.0,0.0,0.0
1378,37027,0.0,0.0,0.0,0.0,0.0
1379,37031,0.0,0.0,0.0,1.0,2.0
1380,37035,1.0,-1.0,0.0,1.0,1.0
1381,37037,0.0,0.0,0.0,0.0,0.0
1382,37039,0.0,0.0,0.0,0.0,-1.0
1383,37045,0.0,0.0,0.0,0.0,0.0
1384,37047,0.0,-1.0,0.0,0.0,0.0
1385,37049,0.0,0.0,0.0,1.0,0.0
1386,37051,2.0,0.0,0.0,0.0,1.0
1387,37057,0.0,0.0,0.0,0.0,-1.0
1388,37059,0.0,0.0,0.0,0.0,0.0
1389,37061,0.0,0.0,0.0,1.0,1.0
1390,37063,0.0,0.0,0.0,0.0,0.0
1391,37065,0.0,0.0,0.0,0.0,0.0
1392,37067,1.0,0.0,0.0,0.0,1.0
1393,37069,0.0,0.0,0.0,0.0,1.0
1394,37071,0.0,0.0,0.0,0.0,0.0
1395,37077,0.0,0.0,0.0,0.0,-1.0
1396,37081,0.0,0.0,-1.0,0.0,1.0
1397,37083,0.0,0.0,0.0,0.0,1.0
1398,37085,0.0,0.0,0.0,0.0,1.0
1399,37087,0.0,0.0,0.0,0.0,0.0
1400,37089,0.0,0.0,0.0,0.0,0.0
1401,37091,0.0,0.0,0.0,0.0,1.0
1402,37093,0.0,0.0,0.0,0.0,1.0
1403,37097,0.0,0.0,0.0,-1.0,-4.0
1404,37101,1.0,0.0,0.0,0.0,1.0
1405,37105,0.0,0.0,0.0,-1.0,1.0
1406,37107,0.0,0.0,0.0,0.0,0.0
1407,37109,0.0,0.0,0.0,1.0,1.0
1408,37111,0.0,-1.0,0.0,0.0,-4.0
1409,37117,0.0,0.0,0.0,0.0,1.0
1410,37119,0.0,0.0,0.0,0.0,0.0
1411,37123,0.0,0.0,0.0,0.0,0.0
1412,37125,1.0,0.0,0.0,0.0,-1.0
1413,37127,0.0,-1.0,0.0,0.0,2.0
1414,37129,0.0,0.0,0.0,-1.0,-1.0
1415,37131,0.0,0.0,0.0,0.0,1.0
1416,37133,0.0,0.0,0.0,0.0,2.0
1417,37137,0.0,0.0,0.0,1.0,1.0
1418,37139,0.0,0.0,0.0,-1.0,0.0
1419,37141,-1.0,0.0,0.0,0.0,2.0
1420,37143,0.0,0.0,0.0,0.0,1.0
1421,37147,0.0,0.0,0.0,0.0,1.0
1422,37149,0.0,0.0,0.0,0.0,0.0
1423,37151,0.0,-1.0,0.0,0.0,1.0
1424,37153,0.0,0.0,0.0,0.0,-1.0
1425,37155,-2.0,-1.0,0.0,0.0,-2.0
1426,37157,0.0,0.0,0.0,0.0,0.0
1427,37159,0.0,0.0,1.0,0.0,0.0
1428,37161,0.0,0.0,0.0,0.0,-1.0
1429,37163,0.0,0.0,0.0,0.0,0.0
1430,37165,0.0,0.0,0.0,0.0,0.0
1431,37167,0.0,0.0,0.0,0.0,0.0
1432,37171,0.0,0.0,0.0,0.0,1.0
1433,37179,0.0,0.0,0.0,0.0,-3.0
1434,37181,0.0,0.0,0.0,0.0,0.0
1435,37183,0.0,0.0,0.0,0.0,-3.0
1436,37185,0.0,0.0,0.0,0.0,-1.0
1437,37187,0.0,0.0,0.0,0.0,0.0
1438,37191,0.0,0.0,0.0,0.0,0.0
1439,37193,0.0,0.0,0.0,0.0,1.0
1440,37195,0.0,0.0,0.0,0.0,0.0
1441,37197,0.0,0.0,0.0,0.0,-1.0
1442,37199,0.0,0.0,0.0,0.0,-1.0
1443,38003,0.0,0.0,0.0,0.0,0.0
1444,38007,0.0,0.0,0.0,0.0,0.0
1445,38011,0.0,1.0,0.0,0.0,1.0
1446,38015,0.0,0.0,-1.0,0.0,-1.0
1447,38017,0.0,0.0,0.0,0.0,2.0
1448,38031,0.0,0.0,0.0,0.0,0.0
1449,38033,0.0,0.0,0.0,0.0,0.0
1450,38035,0.0,0.0,0.0,0.0,0.0
1451,38043,0.0,0.0,0.0,0.0,0.0
1452,38045,0.0,0.0,0.0,0.0,0.0
1453,38049,0.0,0.0,0.0,0.0,0.0
1454,38053,0.0,0.0,0.0,0.0,1.0
1455,38059,0.0,0.0,0.0,0.0,0.0
1456,38061,0.0,0.0,0.0,1.0,1.0
1457,38067,0.0,0.0,0.0,0.0,0.0
1458,38069,0.0,0.0,-1.0,0.0,-1.0
1459,38071,0.0,0.0,0.0,0.0,1.0
1460,38077,0.0,0.0,-1.0,0.0,-1.0
1461,38079,0.0,0.0,0.0,0.0,0.0
1462,38089,0.0,0.0,-1.0,1.0,1.0
1463,38093,0.0,0.0,0.0,-1.0,-1.0
1464,38097,0.0,0.0,0.0,0.0,0.0
1465,38101,0.0,-1.0,0.0,0.0,0.0
1466,38103,0.0,0.0,0.0,0.0,0.0
1467,38105,0.0,0.0,0.0,-1.0,2.0
1468,39001,0.0,0.0,0.0,0.0,0.0
1469,39003,0.0,0.0,0.0,0.0,0.0
1470,39005,0.0,0.0,0.0,0.0,1.0
1471,39007,0.0,0.0,-1.0,0.0,0.0
1472,39009,0.0,0.0,0.0,0.0,0.0
1473,39011,0.0,0.0,0.0,0.0,0.0
1474,39013,0.0,0.0,0.0,0.0,1.0
1475,39015,0.0,0.0,0.0,0.0,1.0
1476,39017,0.0,0.0,0.0,0.0,-2.0
1477,39021,0.0,-1.0,0.0,0.0,-1.0
1478,39023,0.0,0.0,0.0,0.0,-1.0
1479,39025,0.0,0.0,0.0,-1.0,0.0
1480,39027,0.0,0.0,0.0,0.0,0.0
1481,39029,0.0,0.0,0.0,0.0,-2.0
1482,39031,0.0,0.0,0.0,0.0,0.0
1483,39033,0.0,0.0,0.0,0.0,0.0
1484,39035,-1.0,0.0,0.0,0.0,-1.0
1485,39037,0.0,0.0,0.0,0.0,0.0
1486,39041,0.0,0.0,0.0,0.0,0.0
1487,39043,-1.0,0.0,0.0,0.0,2.0
1488,39045,0.0,-1.0,0.0,1.0,1.0
1489,39047,0.0,0.0,0.0,1.0,0.0
1490,39049,0.0,0.0,0.0,-2.0,0.0
1491,39051,0.0,0.0,0.0,0.0,-2.0
1492,39053,0.0,0.0,0.0,1.0,0.0
1493,39055,0.0,0.0,0.0,0.0,1.0
1494,39059,-1.0,0.0,1.0,0.0,0.0
1495,39061,0.0,0.0,0.0,0.0,-2.0
1496,39063,-1.0,0.0,0.0,0.0,-1.0
1497,39065,0.0,0.0,0.0,0.0,1.0
1498,39069,1.0,0.0,0.0,0.0,1.0
1499,39071,0.0,0.0,0.0,0.0,1.0
1500,39073,0.0,0.0,0.0,0.0,-1.0
1501,39075,0.0,0.0,0.0,0.0,0.0
1502,39077,0.0,0.0,0.0,0.0,-1.0
1503,39079,0.0,0.0,0.0,1.0,2.0
1504,39081,-1.0,0.0,0.0,0.0,0.0
1505,39083,0.0,0.0,0.0,0.0,1.0
1506,39087,0.0,0.0,0.0,0.0,-1.0
1507,39089,0.0,0.0,0.0,0.0,-1.0
1508,39091,0.0,0.0,0.0,0.0,0.0
1509,39093,-1.0,-1.0,0.0,0.0,1.0
1510,39095,0.0,0.0,0.0,1.0,2.0
1511,39097,0.0,0.0,0.0,0.0,1.0
1512,39099,0.0,1.0,0.0,-1.0,-1.0
1513,39101,0.0,0.0,0.0,0.0,0.0
1514,39103,0.0,0.0,0.0,0.0,0.0
1515,39107,0.0,0.0,0.0,0.0,0.0
1516,39109,0.0,0.0,0.0,1.0,1.0
1517,39113,0.0,0.0,0.0,1.0,2.0
1518,39115,1.0,0.0,0.0,0.0,1.0
1519,39117,0.0,0.0,0.0,0.0,-1.0
1520,39119,0.0,0.0,0.0,0.0,0.0
1521,39121,0.0,0.0,0.0,0.0,0.0
1522,39123,0.0,0.0,0.0,0.0,2.0
1523,39125,0.0,0.0,0.0,0.0,-1.0
1524,39129,0.0,1.0,0.0,0.0,0.0
1525,39131,0.0,-1.0,0.0,0.0,-1.0
1526,39133,0.0,0.0,0.0,0.0,0.0
1527,39135,0.0,0.0,0.0,0.0,0.0
1528,39137,0.0,0.0,0.0,0.0,1.0
1529,39139,0.0,0.0,0.0,0.0,1.0
1530,39141,0.0,0.0,0.0,1.0,1.0
1531,39143,0.0,0.0,-1.0,0.0,1.0
1532,39145,0.0,-1.0,0.0,0.0,0.0
1533,39147,0.0,0.0,0.0,0.0,0.0
1534,39149,0.0,0.0,1.0,0.0,1.0
1535,39151,0.0,0.0,0.0,0.0,0.0
1536,39153,0.0,0.0,0.0,0.0,0.0
1537,39155,0.0,0.0,0.0,0.0,1.0
1538,39157,0.0,0.0,0.0,0.0,0.0
1539,39159,0.0,0.0,0.0,0.0,0.0
1540,39161,0.0,0.0,0.0,0.0,0.0
1541,39165,0.0,0.0,0.0,0.0,0.0
1542,39167,0.0,0.0,0.0,0.0,0.0
1543,39169,0.0,0.0,0.0,-1.0,-1.0
1544,39171,-2.0,0.0,0.0,0.0,-1.0
1545,39173,-1.0,1.0,1.0,0.0,2.0
1546,39175,0.0,0.0,0.0,0.0,0.0
1547,40001,0.0,0.0,0.0,0.0,-1.0
1548,40005,0.0,0.0,0.0,0.0,0.0
1549,40007,0.0,0.0,0.0,0.0,1.0
1550,40009,0.0,-1.0,-1.0,0.0,-1.0
1551,40011,0.0,0.0,0.0,0.0,1.0
1552,40013,0.0,0.0,2.0,0.0,1.0
1553,40015,0.0,0.0,0.0,0.0,0.0
1554,40017,0.0,0.0,0.0,1.0,0.0
1555,40019,0.0,1.0,0.0,0.0,1.0
1556,40021,0.0,-1.0,0.0,0.0,-1.0
1557,40023,0.0,0.0,0.0,0.0,0.0
1558,40025,0.0,0.0,0.0,0.0,-1.0
1559,40027,0.0,0.0,0.0,0.0,-1.0
1560,40031,0.0,0.0,0.0,0.0,-1.0
1561,40033,0.0,0.0,0.0,-1.0,-1.0
1562,40035,0.0,0.0,0.0,-1.0,-3.0
1563,40037,1.0,0.0,0.0,0.0,0.0
1564,40039,0.0,0.0,0.0,0.0,0.0
1565,40041,0.0,0.0,0.0,0.0,1.0
1566,40043,0.0,0.0,0.0,0.0,0.0
1567,40047,0.0,0.0,1.0,0.0,0.0
1568,40049,0.0,0.0,0.0,0.0,2.0
1569,40051,0.0,0.0,0.0,0.0,0.0
1570,40063,0.0,0.0,0.0,-1.0,-1.0
1571,40065,0.0,0.0,0.0,0.0,0.0
1572,40067,0.0,0.0,0.0,0.0,1.0
1573,40071,0.0,0.0,1.0,0.0,3.0
1574,40073,0.0,0.0,0.0,0.0,0.0
1575,40075,0.0,0.0,0.0,0.0,0.0
1576,40079,-1.0,0.0,0.0,0.0,0.0
1577,40081,0.0,0.0,0.0,0.0,0.0
1578,40083,0.0,0.0,0.0,0.0,1.0
1579,40085,0.0,0.0,0.0,0.0,0.0
1580,40087,0.0,0.0,0.0,0.0,0.0
1581,40089,0.0,-1.0,0.0,0.0,-1.0
1582,40091,0.0,0.0,0.0,0.0,0.0
1583,40093,0.0,0.0,0.0,1.0,3.0
1584,40097,0.0,-1.0,0.0,0.0,-2.0
1585,40099,0.0,0.0,0.0,0.0,0.0
1586,40101,0.0,0.0,0.0,1.0,3.0
1587,40103,0.0,0.0,0.0,0.0,1.0
1588,40105,0.0,0.0,0.0,0.0,2.0
1589,40107,-1.0,-1.0,0.0,0.0,-1.0
1590,40109,2.0,-1.0,2.0,0.0,2.0
1591,40111,0.0,-1.0,0.0,0.0,-1.0
1592,40113,-1.0,0.0,0.0,0.0,-2.0
1593,40115,0.0,-1.0,0.0,0.0,-1.0
1594,40117,0.0,0.0,0.0,0.0,0.0
1595,40119,0.0,0.0,0.0,0.0,0.0
1596,40121,0.0,0.0,-1.0,0.0,-2.0
1597,40125,0.0,0.0,0.0,0.0,1.0
1598,40127,0.0,0.0,0.0,-1.0,-2.0
1599,40131,-2.0,0.0,-1.0,0.0,-3.0
1600,40133,0.0,0.0,0.0,0.0,-1.0
1601,40135,0.0,0.0,0.0,0.0,0.0
1602,40137,0.0,-1.0,0.0,0.0,0.0
1603,40139,1.0,0.0,0.0,0.0,-1.0
1604,40143,0.0,0.0,1.0,-1.0,0.0
1605,40145,0.0,0.0,1.0,-1.0,0.0
1606,40147,0.0,0.0,0.0,0.0,0.0
1607,40149,0.0,0.0,0.0,0.0,0.0
1608,40151,0.0,0.0,0.0,0.0,0.0
1609,40153,0.0,0.0,1.0,0.0,0.0
1610,41001,0.0,0.0,0.0,0.0,-2.0
1611,41011,0.0,0.0,0.0,0.0,0.0
1612,41015,-1.0,0.0,0.0,0.0,-1.0
1613,41017,0.0,0.0,0.0,0.0,0.0
1614,41019,0.0,0.0,0.0,0.0,-1.0
1615,41023,0.0,0.0,0.0,0.0,-1.0
1616,41025,0.0,0.0,0.0,0.0,1.0
1617,41029,0.0,0.0,0.0,0.0,0.0
1618,41031,0.0,0.0,0.0,0.0,0.0
1619,41035,1.0,0.0,0.0,0.0,1.0
1620,41037,0.0,0.0,0.0,0.0,0.0
1621,41039,0.0,0.0,0.0,0.0,1.0
1622,41043,0.0,0.0,0.0,0.0,1.0
1623,41045,-1.0,1.0,0.0,0.0,1.0
1624,41047,0.0,0.0,1.0,0.0,0.0
1625,41049,0.0,0.0,0.0,0.0,0.0
1626,41051,0.0,0.0,0.0,0.0,-1.0
1627,41055,0.0,0.0,0.0,0.0,-1.0
1628,41059,0.0,-1.0,0.0,0.0,0.0
1629,41061,-1.0,0.0,0.0,0.0,-1.0
1630,41067,0.0,0.0,0.0,0.0,0.0
1631,42001,0.0,0.0,0.0,0.0,0.0
1632,42003,-1.0,0.0,-1.0,-1.0,-5.0
1633,42007,0.0,0.0,0.0,-1.0,-1.0
1634,42009,0.0,0.0,0.0,0.0,0.0
1635,42011,0.0,0.0,0.0,-1.0,1.0
1636,42013,0.0,0.0,0.0,0.0,2.0
1637,42015,0.0,0.0,0.0,0.0,-1.0
1638,42017,0.0,-1.0,-1.0,0.0,0.0
1639,42019,-1.0,0.0,0.0,0.0,1.0
1640,42021,0.0,0.0,0.0,0.0,1.0
1641,42025,-1.0,0.0,0.0,0.0,-1.0
1642,42027,0.0,0.0,0.0,0.0,2.0
1643,42029,0.0,0.0,0.0,0.0,1.0
1644,42031,0.0,0.0,0.0,0.0,-1.0
1645,42033,0.0,0.0,0.0,0.0,0.0
1646,42035,0.0,0.0,0.0,0.0,2.0
1647,42037,0.0,0.0,0.0,0.0,-2.0
1648,42039,0.0,0.0,0.0,0.0,0.0
1649,42041,0.0,0.0,0.0,0.0,-2.0
1650,42043,0.0,0.0,0.0,1.0,0.0
1651,42045,0.0,0.0,0.0,0.0,-1.0
1652,42049,1.0,-1.0,0.0,-1.0,-3.0
1653,42051,0.0,0.0,0.0,0.0,1.0
1654,42055,0.0,0.0,0.0,1.0,1.0
1655,42057,0.0,-1.0,0.0,0.0,-1.0
1656,42059,0.0,0.0,0.0,0.0,0.0
1657,42061,0.0,0.0,0.0,0.0,0.0
1658,42063,-1.0,0.0,0.0,0.0,0.0
1659,42065,0.0,0.0,0.0,0.0,0.0
1660,42067,0.0,0.0,0.0,0.0,0.0
1661,42069,0.0,0.0,0.0,0.0,0.0
1662,42071,-1.0,0.0,0.0,-1.0,-2.0
1663,42073,0.0,0.0,0.0,0.0,0.0
1664,42075,0.0,0.0,0.0,0.0,-1.0
1665,42077,-1.0,-2.0,0.0,0.0,-1.0
1666,42079,0.0,0.0,0.0,0.0,0.0
1667,42081,0.0,0.0,0.0,0.0,0.0
1668,42083,0.0,0.0,0.0,0.0,1.0
1669,42085,0.0,0.0,0.0,0.0,0.0
1670,42087,0.0,0.0,0.0,0.0,0.0
1671,42089,0.0,0.0,0.0,0.0,-2.0
1672,42091,0.0,0.0,0.0,0.0,2.0
1673,42095,0.0,0.0,0.0,0.0,1.0
1674,42097,0.0,0.0,0.0,0.0,0.0
1675,42099,0.0,0.0,1.0,0.0,0.0
1676,42101,-1.0,0.0,0.0,0.0,0.0
1677,42103,0.0,0.0,0.0,0.0,0.0
1678,42107,0.0,0.0,1.0,-1.0,-1.0
1679,42109,0.0,0.0,0.0,0.0,0.0
1680,42111,0.0,-1.0,0.0,0.0,1.0
1681,42113,0.0,0.0,0.0,0.0,1.0
1682,42115,0.0,0.0,0.0,0.0,4.0
1683,42117,0.0,0.0,0.0,0.0,2.0
1684,42121,-1.0,0.0,0.0,0.0,-1.0
1685,42123,0.0,0.0,0.0,-1.0,-1.0
1686,42125,0.0,0.0,-1.0,0.0,-1.0
1687,42127,0.0,0.0,0.0,0.0,1.0
1688,42129,0.0,-1.0,0.0,0.0,-1.0
1689,42131,0.0,0.0,0.0,0.0,1.0
1690,42133,0.0,0.0,0.0,-1.0,-1.0
1691,44003,0.0,0.0,0.0,0.0,0.0
1692,44007,0.0,0.0,0.0,0.0,3.0
1693,45001,0.0,0.0,0.0,0.0,1.0
1694,45003,-1.0,-1.0,-1.0,0.0,-4.0
1695,45007,0.0,0.0,-1.0,0.0,-3.0
1696,45009,0.0,0.0,0.0,0.0,0.0
1697,45015,0.0,-1.0,0.0,0.0,2.0
1698,45017,0.0,0.0,0.0,0.0,-1.0
1699,45019,1.0,0.0,0.0,0.0,1.0
1700,45021,0.0,0.0,0.0,0.0,0.0
1701,45023,0.0,0.0,0.0,0.0,0.0
1702,45025,0.0,0.0,0.0,0.0,-1.0
1703,45027,-2.0,2.0,0.0,0.0,0.0
1704,45029,-1.0,0.0,0.0,0.0,-2.0
1705,45031,0.0,0.0,0.0,0.0,2.0
1706,45033,0.0,0.0,0.0,0.0,1.0
1707,45035,0.0,0.0,0.0,0.0,1.0
1708,45037,0.0,0.0,0.0,0.0,1.0
1709,45039,0.0,0.0,0.0,0.0,0.0
1710,45041,0.0,0.0,0.0,0.0,2.0
1711,45043,0.0,0.0,0.0,0.0,1.0
1712,45045,0.0,0.0,0.0,0.0,1.0
1713,45047,0.0,0.0,0.0,0.0,0.0
1714,45049,0.0,0.0,0.0,0.0,0.0
1715,45051,0.0,0.0,0.0,0.0,5.0
1716,45053,0.0,0.0,0.0,-1.0,0.0
1717,45055,-1.0,1.0,0.0,0.0,0.0
1718,45059,0.0,0.0,0.0,0.0,0.0
1719,45061,-1.0,1.0,0.0,0.0,-1.0
1720,45063,-4.0,4.0,1.0,0.0,1.0
1721,45067,0.0,0.0,0.0,0.0,0.0
1722,45071,-1.0,1.0,0.0,0.0,0.0
1723,45073,0.0,0.0,-1.0,0.0,0.0
1724,45075,0.0,0.0,0.0,0.0,0.0
1725,45079,0.0,0.0,0.0,0.0,-2.0
1726,45081,0.0,0.0,0.0,0.0,0.0
1727,45083,0.0,-1.0,0.0,-1.0,-1.0
1728,45085,0.0,0.0,0.0,0.0,1.0
1729,45087,0.0,0.0,0.0,0.0,0.0
1730,45089,0.0,0.0,0.0,0.0,1.0
1731,45091,2.0,0.0,0.0,0.0,3.0
1732,46003,0.0,0.0,0.0,0.0,0.0
1733,46005,1.0,0.0,0.0,0.0,1.0
1734,46011,2.0,0.0,0.0,0.0,1.0
1735,46013,0.0,0.0,0.0,0.0,0.0
1736,46015,0.0,-1.0,0.0,0.0,-1.0
1737,46019,0.0,0.0,0.0,0.0,1.0
1738,46021,1.0,0.0,0.0,0.0,1.0
1739,46023,1.0,0.0,0.0,0.0,1.0
1740,46027,0.0,0.0,0.0,0.0,0.0
1741,46029,0.0,0.0,0.0,0.0,0.0
1742,46033,0.0,0.0,0.0,0.0,0.0
1743,46035,0.0,0.0,0.0,0.0,0.0
1744,46037,0.0,0.0,0.0,0.0,0.0
1745,46047,1.0,0.0,0.0,0.0,0.0
1746,46051,0.0,0.0,0.0,0.0,0.0
1747,46053,0.0,0.0,0.0,0.0,0.0
1748,46055,1.0,0.0,0.0,0.0,1.0
1749,46057,0.0,0.0,0.0,0.0,0.0
1750,46063,1.0,0.0,0.0,0.0,1.0
1751,46065,0.0,0.0,0.0,0.0,0.0
1752,46071,0.0,0.0,0.0,0.0,0.0
1753,46075,0.0,0.0,0.0,0.0,0.0
1754,46079,1.0,0.0,0.0,0.0,2.0
1755,46083,0.0,0.0,0.0,0.0,0.0
1756,46085,1.0,0.0,0.0,0.0,1.0
1757,46087,0.0,0.0,0.0,0.0,0.0
1758,46093,2.0,0.0,0.0,1.0,5.0
1759,46099,1.0,0.0,0.0,-1.0,-1.0
1760,46101,0.0,0.0,0.0,0.0,0.0
1761,46103,0.0,0.0,0.0,0.0,0.0
1762,46105,1.0,-1.0,0.0,0.0,0.0
1763,46109,2.0,-2.0,0.0,0.0,0.0
1764,46115,0.0,0.0,0.0,-1.0,-1.0
1765,46119,0.0,0.0,0.0,0.0,-1.0
1766,46121,0.0,0.0,0.0,0.0,0.0
1767,46123,0.0,0.0,0.0,0.0,0.0
1768,46125,1.0,0.0,0.0,0.0,1.0
1769,46127,0.0,0.0,0.0,0.0,2.0
1770,46129,0.0,0.0,0.0,0.0,0.0
1771,46135,0.0,0.0,0.0,0.0,0.0
1772,47001,0.0,0.0,0.0,0.0,0.0
1773,47005,0.0,0.0,0.0,0.0,0.0
1774,47011,1.0,-1.0,0.0,0.0,1.0
1775,47013,0.0,0.0,0.0,0.0,0.0
1776,47017,-1.0,0.0,0.0,0.0,0.0
1777,47021,0.0,0.0,0.0,0.0,0.0
1778,47023,0.0,0.0,0.0,0.0,0.0
1779,47029,1.0,0.0,0.0,0.0,0.0
1780,47031,0.0,0.0,0.0,0.0,1.0
1781,47035,0.0,0.0,0.0,1.0,2.0
1782,47037,1.0,0.0,0.0,0.0,1.0
1783,47043,0.0,0.0,0.0,0.0,1.0
1784,47045,-1.0,0.0,0.0,0.0,-1.0
1785,47047,0.0,0.0,0.0,0.0,0.0
1786,47053,0.0,0.0,0.0,-1.0,-1.0
1787,47055,0.0,0.0,0.0,-1.0,-1.0
1788,47059,0.0,0.0,0.0,0.0,0.0
1789,47065,2.0,0.0,0.0,0.0,1.0
1790,47069,0.0,0.0,0.0,0.0,-1.0
1791,47071,0.0,0.0,0.0,0.0,1.0
1792,47075,0.0,-1.0,0.0,0.0,-1.0
1793,47077,0.0,0.0,0.0,0.0,0.0
1794,47079,-1.0,0.0,0.0,0.0,-1.0
1795,47085,0.0,0.0,0.0,0.0,0.0
1796,47089,0.0,0.0,0.0,0.0,-1.0
1797,47091,0.0,0.0,0.0,0.0,0.0
1798,47093,-1.0,0.0,0.0,0.0,-1.0
1799,47097,0.0,1.0,0.0,0.0,0.0
1800,47099,0.0,0.0,0.0,0.0,-1.0
1801,47103,0.0,0.0,0.0,0.0,1.0
1802,47105,0.0,0.0,0.0,0.0,1.0
1803,47107,1.0,0.0,0.0,1.0,1.0
1804,47109,0.0,0.0,0.0,0.0,0.0
1805,47113,0.0,0.0,-1.0,1.0,1.0
1806,47115,0.0,0.0,0.0,0.0,2.0
1807,47117,0.0,0.0,0.0,0.0,0.0
1808,47119,1.0,0.0,0.0,0.0,0.0
1809,47123,0.0,0.0,0.0,0.0,0.0
1810,47125,0.0,0.0,0.0,0.0,0.0
1811,47131,0.0,0.0,0.0,0.0,0.0
1812,47133,0.0,0.0,0.0,0.0,-1.0
1813,47141,0.0,0.0,0.0,0.0,0.0
1814,47143,0.0,0.0,0.0,0.0,1.0
1815,47145,1.0,-1.0,0.0,0.0,0.0
1816,47147,-1.0,0.0,0.0,0.0,-1.0
1817,47149,0.0,1.0,0.0,0.0,2.0
1818,47157,0.0,1.0,0.0,-1.0,-1.0
1819,47159,0.0,0.0,0.0,0.0,1.0
1820,47161,0.0,0.0,0.0,0.0,1.0
1821,47163,0.0,0.0,0.0,1.0,1.0
1822,47165,-2.0,0.0,0.0,0.0,-2.0
1823,47167,0.0,0.0,0.0,0.0,-1.0
1824,47171,0.0,0.0,0.0,0.0,0.0
1825,47177,0.0,0.0,0.0,0.0,0.0
1826,47187,0.0,-1.0,0.0,0.0,-1.0
1827,47189,0.0,0.0,0.0,0.0,0.0
1828,48001,-1.0,0.0,0.0,0.0,-1.0
1829,48003,0.0,0.0,1.0,0.0,1.0
1830,48005,0.0,0.0,0.0,-2.0,-1.0
1831,48011,-1.0,0.0,0.0,0.0,-1.0
1832,48013,0.0,0.0,0.0,0.0,0.0
1833,48015,0.0,0.0,0.0,0.0,0.0
1834,48021,0.0,0.0,-1.0,0.0,1.0
1835,48023,0.0,0.0,0.0,0.0,-1.0
1836,48025,0.0,0.0,0.0,0.0,1.0
1837,48027,0.0,0.0,0.0,0.0,-2.0
1838,48029,1.0,0.0,0.0,1.0,2.0
1839,48031,0.0,0.0,0.0,0.0,1.0
1840,48037,-1.0,0.0,-1.0,0.0,-1.0
1841,48039,0.0,-2.0,0.0,0.0,-1.0
1842,48041,-1.0,0.0,-1.0,-1.0,-1.0
1843,48043,0.0,0.0,0.0,0.0,0.0
1844,48045,0.0,0.0,0.0,0.0,1.0
1845,48047,-1.0,0.0,0.0,0.0,0.0
1846,48049,0.0,0.0,0.0,0.0,-1.0
1847,48051,0.0,0.0,0.0,0.0,1.0
1848,48053,0.0,0.0,0.0,0.0,1.0
1849,48055,0.0,0.0,0.0,0.0,0.0
1850,48057,0.0,0.0,0.0,0.0,0.0
1851,48059,0.0,0.0,0.0,1.0,1.0
1852,48061,-1.0,0.0,0.0,-1.0,0.0
1853,48063,-1.0,0.0,0.0,0.0,-1.0
1854,48065,0.0,0.0,0.0,0.0,-1.0
1855,48067,0.0,0.0,0.0,0.0,1.0
1856,48069,1.0,0.0,0.0,0.0,-1.0
1857,48071,0.0,0.0,0.0,1.0,1.0
1858,48073,1.0,-1.0,0.0,0.0,1.0
1859,48075,1.0,-1.0,1.0,-1.0,-1.0
1860,48077,0.0,0.0,0.0,0.0,0.0
1861,48081,0.0,0.0,0.0,0.0,0.0
1862,48085,0.0,-1.0,1.0,0.0,-1.0
1863,48089,0.0,0.0,-1.0,1.0,3.0
1864,48091,0.0,0.0,0.0,0.0,1.0
1865,48095,0.0,0.0,0.0,0.0,-1.0
1866,48097,-1.0,-1.0,0.0,0.0,-2.0
1867,48099,1.0,0.0,0.0,0.0,0.0
1868,48105,0.0,0.0,0.0,0.0,-1.0
1869,48107,0.0,0.0,0.0,0.0,0.0
1870,48109,0.0,0.0,0.0,0.0,0.0
1871,48111,0.0,0.0,0.0,0.0,1.0
1872,48113,0.0,0.0,1.0,0.0,1.0
1873,48117,0.0,0.0,0.0,0.0,-1.0
1874,48121,1.0,0.0,-1.0,0.0,-2.0
1875,48123,0.0,0.0,0.0,0.0,1.0
1876,48127,0.0,0.0,0.0,1.0,3.0
1877,48129,-1.0,0.0,0.0,0.0,-1.0
1878,48131,1.0,0.0,-1.0,0.0,0.0
1879,48133,0.0,0.0,0.0,1.0,0.0
1880,48135,1.0,0.0,0.0,1.0,3.0
1881,48139,1.0,0.0,0.0,0.0,2.0
1882,48141,0.0,0.0,0.0,0.0,2.0
1883,48143,0.0,0.0,0.0,0.0,1.0
1884,48145,0.0,0.0,0.0,0.0,0.0
1885,48147,0.0,0.0,0.0,0.0,0.0
1886,48149,-1.0,-1.0,0.0,0.0,-3.0
1887,48157,0.0,-1.0,0.0,1.0,1.0
1888,48159,0.0,0.0,-1.0,0.0,-1.0
1889,48161,1.0,0.0,-1.0,0.0,0.0
1890,48163,0.0,0.0,0.0,1.0,4.0
1891,48165,1.0,0.0,0.0,0.0,-1.0
1892,48167,1.0,-1.0,0.0,-1.0,0.0
1893,48169,0.0,0.0,0.0,0.0,0.0
1894,48171,0.0,0.0,1.0,0.0,0.0
1895,48177,0.0,0.0,0.0,0.0,1.0
1896,48179,0.0,0.0,0.0,0.0,1.0
1897,48181,0.0,0.0,0.0,0.0,-2.0
1898,48183,0.0,0.0,-2.0,0.0,1.0
1899,48185,0.0,0.0,0.0,0.0,1.0
1900,48187,0.0,-1.0,0.0,0.0,1.0
1901,48189,0.0,0.0,1.0,-1.0,-1.0
1902,48191,0.0,0.0,0.0,0.0,0.0
1903,48193,0.0,0.0,0.0,0.0,0.0
1904,48199,0.0,0.0,0.0,0.0,-1.0
1905,48201,3.0,-3.0,-3.0,2.0,0.0
1906,48203,0.0,-1.0,0.0,0.0,0.0
1907,48207,0.0,0.0,0.0,0.0,0.0
1908,48209,1.0,0.0,-1.0,1.0,1.0
1909,48211,0.0,0.0,0.0,0.0,0.0
1910,48213,0.0,0.0,0.0,0.0,0.0
1911,48215,0.0,0.0,0.0,2.0,5.0
1912,48217,0.0,-1.0,0.0,0.0,-4.0
1913,48219,0.0,0.0,0.0,0.0,1.0
1914,48221,0.0,0.0,0.0,0.0,0.0
1915,48223,-1.0,0.0,0.0,0.0,-1.0
1916,48225,0.0,0.0,0.0,0.0,-1.0
1917,48227,0.0,0.0,1.0,-1.0,0.0
1918,48229,1.0,-1.0,0.0,0.0,0.0
1919,48231,0.0,0.0,0.0,0.0,2.0
1920,48233,0.0,-1.0,0.0,0.0,0.0
1921,48235,0.0,0.0,0.0,0.0,1.0
1922,48239,0.0,0.0,0.0,0.0,0.0
1923,48241,0.0,0.0,0.0,0.0,1.0
1924,48245,0.0,0.0,0.0,0.0,0.0
1925,48247,0.0,0.0,0.0,0.0,1.0
1926,48249,1.0,0.0,2.0,-1.0,2.0
1927,48251,-1.0,0.0,0.0,0.0,2.0
1928,48253,0.0,0.0,0.0,0.0,2.0
1929,48255,0.0,0.0,0.0,0.0,1.0
1930,48257,0.0,0.0,0.0,0.0,0.0
1931,48259,0.0,0.0,0.0,0.0,1.0
1932,48267,0.0,0.0,-1.0,0.0,-2.0
1933,48269,0.0,0.0,0.0,0.0,-1.0
1934,48271,0.0,0.0,0.0,0.0,0.0
1935,48273,1.0,0.0,0.0,-2.0,1.0
1936,48277,0.0,0.0,0.0,0.0,-2.0
1937,48279,0.0,0.0,0.0,0.0,-1.0
1938,48281,-1.0,0.0,0.0,0.0,0.0
1939,48283,0.0,0.0,0.0,0.0,1.0
1940,48287,0.0,0.0,0.0,0.0,0.0
1941,48289,0.0,0.0,0.0,0.0,1.0
1942,48291,0.0,0.0,0.0,0.0,0.0
1943,48293,0.0,0.0,0.0,0.0,1.0
1944,48295,0.0,0.0,0.0,0.0,1.0
1945,48297,0.0,0.0,0.0,1.0,1.0
1946,48299,0.0,0.0,0.0,1.0,0.0
1947,48303,-1.0,0.0,0.0,1.0,-1.0
1948,48307,0.0,0.0,0.0,0.0,0.0
1949,48309,0.0,0.0,0.0,0.0,1.0
1950,48311,0.0,0.0,1.0,1.0,2.0
1951,48317,0.0,0.0,0.0,0.0,0.0
1952,48321,0.0,-1.0,0.0,0.0,-1.0
1953,48323,0.0,0.0,0.0,0.0,0.0
1954,48325,0.0,-1.0,0.0,0.0,-1.0
1955,48327,0.0,0.0,0.0,1.0,1.0
1956,48329,1.0,0.0,0.0,-1.0,2.0
1957,48331,0.0,-1.0,0.0,0.0,-1.0
1958,48337,0.0,0.0,0.0,0.0,1.0
1959,48339,0.0,-1.0,1.0,2.0,3.0
1960,48341,0.0,0.0,-1.0,0.0,-1.0
1961,48343,0.0,0.0,0.0,0.0,-1.0
1962,48347,0.0,1.0,0.0,0.0,0.0
1963,48349,-1.0,0.0,0.0,0.0,0.0
1964,48351,1.0,-1.0,0.0,0.0,0.0
1965,48353,-1.0,0.0,0.0,0.0,-1.0
1966,48355,0.0,0.0,0.0,0.0,2.0
1967,48357,0.0,-1.0,0.0,0.0,0.0
1968,48359,1.0,0.0,0.0,0.0,1.0
1969,48361,0.0,0.0,0.0,0.0,-2.0
1970,48363,0.0,0.0,3.0,0.0,3.0
1971,48365,0.0,0.0,0.0,0.0,1.0
1972,48367,0.0,-2.0,0.0,1.0,-1.0
1973,48369,0.0,0.0,0.0,0.0,0.0
1974,48371,0.0,-1.0,1.0,0.0,1.0
1975,48373,0.0,0.0,0.0,-1.0,0.0
1976,48375,-1.0,0.0,0.0,0.0,-1.0
1977,48379,0.0,0.0,0.0,0.0,0.0
1978,48381,0.0,-1.0,0.0,0.0,-1.0
1979,48383,0.0,0.0,1.0,-1.0,1.0
1980,48389,0.0,0.0,1.0,0.0,1.0
1981,48391,0.0,0.0,0.0,0.0,1.0
1982,48395,0.0,-1.0,0.0,0.0,0.0
1983,48397,0.0,0.0,0.0,0.0,-1.0
1984,48399,0.0,0.0,0.0,0.0,1.0
1985,48401,0.0,0.0,1.0,0.0,1.0
1986,48405,0.0,0.0,0.0,0.0,0.0
1987,48407,0.0,0.0,0.0,0.0,-1.0
1988,48409,-1.0,0.0,0.0,-1.0,1.0
1989,48411,0.0,0.0,0.0,0.0,0.0
1990,48415,0.0,0.0,0.0,0.0,-1.0
1991,48419,-1.0,0.0,0.0,0.0,2.0
1992,48421,0.0,0.0,0.0,0.0,0.0
1993,48423,0.0,-1.0,0.0,-1.0,0.0
1994,48427,0.0,0.0,0.0,0.0,2.0
1995,48431,0.0,0.0,0.0,0.0,0.0
1996,48435,-1.0,0.0,0.0,0.0,-2.0
1997,48437,0.0,0.0,0.0,0.0,0.0
1998,48439,1.0,-1.0,0.0,-2.0,1.0
1999,48441,0.0,0.0,0.0,-1.0,-1.0
2000,48443,0.0,0.0,0.0,0.0,-1.0
2001,48445,0.0,0.0,0.0,0.0,0.0
2002,48449,0.0,0.0,0.0,-1.0,-3.0
2003,48451,0.0,-1.0,0.0,0.0,-2.0
2004,48453,0.0,0.0,-1.0,-1.0,-3.0
2005,48455,0.0,0.0,0.0,0.0,-1.0
2006,48457,0.0,0.0,0.0,0.0,1.0
2007,48459,0.0,0.0,0.0,0.0,-1.0
2008,48463,-1.0,0.0,0.0,0.0,-1.0
2009,48465,0.0,0.0,0.0,0.0,-1.0
2010,48467,1.0,0.0,0.0,0.0,1.0
2011,48469,0.0,0.0,0.0,-1.0,-2.0
2012,48471,0.0,0.0,0.0,0.0,0.0
2013,48473,0.0,0.0,0.0,0.0,-1.0
2014,48475,0.0,0.0,0.0,-1.0,-1.0
2015,48477,1.0,0.0,1.0,-1.0,-1.0
2016,48479,1.0,0.0,0.0,0.0,-1.0
2017,48481,-1.0,0.0,0.0,0.0,-1.0
2018,48483,1.0,0.0,0.0,0.0,-2.0
2019,48485,0.0,0.0,0.0,0.0,0.0
2020,48487,0.0,0.0,-1.0,1.0,1.0
2021,48491,0.0,0.0,0.0,0.0,2.0
2022,48495,0.0,0.0,0.0,0.0,1.0
2023,48497,0.0,0.0,1.0,-1.0,2.0
2024,48499,1.0,0.0,0.0,0.0,0.0
2025,48507,0.0,0.0,0.0,0.0,0.0
2026,49001,0.0,0.0,0.0,0.0,-1.0
2027,49003,0.0,1.0,-1.0,0.0,-1.0
2028,49005,0.0,0.0,0.0,0.0,1.0
2029,49007,0.0,0.0,-1.0,0.0,-1.0
2030,49011,0.0,0.0,0.0,0.0,0.0
2031,49013,0.0,0.0,0.0,0.0,2.0
2032,49015,0.0,0.0,0.0,0.0,0.0
2033,49017,0.0,0.0,0.0,0.0,0.0
2034,49019,0.0,0.0,0.0,0.0,1.0
2035,49021,1.0,0.0,0.0,0.0,0.0
2036,49023,0.0,0.0,0.0,0.0,0.0
2037,49025,0.0,-1.0,0.0,0.0,-1.0
2038,49027,0.0,0.0,0.0,0.0,0.0
2039,49035,0.0,1.0,0.0,0.0,1.0
2040,49037,0.0,0.0,0.0,0.0,1.0
2041,49041,0.0,0.0,0.0,1.0,1.0
2042,49043,0.0,0.0,0.0,0.0,0.0
2043,49045,0.0,1.0,0.0,0.0,2.0
2044,49047,0.0,0.0,0.0,0.0,2.0
2045,49049,-1.0,0.0,1.0,0.0,-2.0
2046,49051,0.0,0.0,0.0,1.0,1.0
2047,49053,0.0,0.0,0.0,0.0,0.0
2048,49057,0.0,0.0,-1.0,1.0,0.0
2049,50001,0.0,0.0,0.0,0.0,1.0
2050,50007,0.0,0.0,0.0,0.0,-1.0
2051,50011,0.0,0.0,0.0,0.0,-1.0
2052,50013,0.0,0.0,-1.0,0.0,-1.0
2053,50015,0.0,0.0,0.0,0.0,0.0
2054,50017,0.0,0.0,0.0,0.0,0.0
2055,50019,0.0,0.0,0.0,0.0,0.0
2056,50021,0.0,0.0,0.0,0.0,1.0
2057,50023,0.0,0.0,0.0,0.0,0.0
2058,50025,0.0,0.0,-1.0,0.0,0.0
2059,50027,0.0,0.0,0.0,0.0,0.0
2060,51001,0.0,0.0,0.0,0.0,0.0
2061,51007,0.0,0.0,0.0,0.0,0.0
2062,51009,0.0,0.0,0.0,0.0,-1.0
2063,51011,0.0,0.0,0.0,0.0,0.0
2064,51015,0.0,0.0,0.0,0.0,0.0
2065,51019,0.0,0.0,0.0,0.0,0.0
2066,51021,0.0,0.0,0.0,0.0,-1.0
2067,51023,0.0,0.0,0.0,-1.0,-1.0
2068,51025,0.0,0.0,0.0,0.0,0.0
2069,51031,0.0,-1.0,0.0,0.0,0.0
2070,51033,0.0,0.0,0.0,0.0,0.0
2071,51035,1.0,0.0,0.0,0.0,2.0
2072,51041,1.0,0.0,0.0,0.0,1.0
2073,51047,0.0,0.0,0.0,0.0,1.0
2074,51053,0.0,0.0,0.0,0.0,0.0
2075,51061,0.0,0.0,0.0,0.0,0.0
2076,51067,0.0,0.0,0.0,0.0,0.0
2077,51069,0.0,0.0,0.0,0.0,0.0
2078,51071,0.0,0.0,0.0,0.0,-1.0
2079,51073,0.0,0.0,0.0,0.0,-1.0
2080,51077,0.0,0.0,0.0,0.0,0.0
2081,51079,0.0,-1.0,0.0,0.0,-1.0
2082,51081,0.0,0.0,0.0,0.0,2.0
2083,51083,0.0,-1.0,0.0,0.0,0.0
2084,51085,0.0,0.0,0.0,0.0,0.0
2085,51087,-1.0,0.0,0.0,0.0,-3.0
2086,51089,0.0,0.0,0.0,0.0,0.0
2087,51095,-1.0,0.0,0.0,0.0,-2.0
2088,51101,0.0,0.0,-1.0,0.0,0.0
2089,51107,0.0,0.0,0.0,0.0,-1.0
2090,51109,0.0,0.0,0.0,0.0,0.0
2091,51111,0.0,0.0,0.0,0.0,0.0
2092,51117,0.0,0.0,-1.0,0.0,0.0
2093,51119,0.0,0.0,0.0,0.0,0.0
2094,51121,0.0,0.0,0.0,0.0,-1.0
2095,51125,0.0,0.0,0.0,0.0,-1.0
2096,51127,0.0,0.0,0.0,0.0,1.0
2097,51131,0.0,0.0,0.0,0.0,0.0
2098,51135,0.0,0.0,0.0,0.0,0.0
2099,51137,0.0,0.0,0.0,0.0,1.0
2100,51143,0.0,1.0,0.0,0.0,0.0
2101,51149,1.0,0.0,0.0,0.0,1.0
2102,51153,0.0,-1.0,0.0,0.0,-1.0
2103,51155,0.0,0.0,-1.0,0.0,-1.0
2104,51163,-1.0,0.0,0.0,0.0,-1.0
2105,51165,0.0,0.0,0.0,0.0,1.0
2106,51167,0.0,0.0,0.0,0.0,0.0
2107,51169,0.0,-1.0,0.0,0.0,0.0
2108,51171,0.0,0.0,0.0,0.0,0.0
2109,51173,1.0,0.0,0.0,0.0,1.0
2110,51175,0.0,1.0,1.0,0.0,2.0
2111,51179,0.0,0.0,0.0,0.0,0.0
2112,51183,0.0,0.0,0.0,0.0,-1.0
2113,51185,0.0,0.0,0.0,0.0,0.0
2114,51187,0.0,0.0,0.0,0.0,0.0
2115,51191,0.0,0.0,0.0,0.0,-1.0
2116,51195,0.0,0.0,0.0,0.0,0.0
2117,51197,0.0,-1.0,0.0,0.0,-1.0
2118,51520,0.0,0.0,0.0,0.0,0.0
2119,51550,0.0,0.0,0.0,0.0,0.0
2120,51630,0.0,0.0,0.0,0.0,0.0
2121,51650,0.0,0.0,0.0,0.0,-1.0
2122,51680,0.0,0.0,0.0,0.0,-1.0
2123,51700,0.0,0.0,0.0,0.0,0.0
2124,51710,1.0,0.0,0.0,0.0,1.0
2125,51740,0.0,0.0,0.0,0.0,0.0
2126,51770,0.0,0.0,0.0,0.0,0.0
2127,51800,0.0,0.0,0.0,0.0,0.0
2128,51810,0.0,0.0,0.0,0.0,0.0
2129,53001,-1.0,0.0,0.0,0.0,0.0
2130,53005,0.0,0.0,0.0,0.0,0.0
2131,53007,0.0,0.0,0.0,0.0,0.0
2132,53011,0.0,0.0,0.0,0.0,0.0
2133,53015,0.0,0.0,0.0,0.0,0.0
2134,53017,0.0,0.0,0.0,0.0,0.0
2135,53021,0.0,0.0,0.0,0.0,0.0
2136,53023,0.0,0.0,0.0,0.0,0.0
2137,53025,0.0,0.0,0.0,0.0,1.0
2138,53027,0.0,0.0,0.0,0.0,0.0
2139,53033,0.0,0.0,0.0,0.0,-3.0
2140,53037,0.0,0.0,0.0,0.0,-3.0
2141,53041,0.0,0.0,0.0,0.0,1.0
2142,53043,0.0,0.0,0.0,0.0,1.0
2143,53047,0.0,0.0,0.0,0.0,-1.0
2144,53053,0.0,1.0,0.0,0.0,2.0
2145,53057,0.0,0.0,-1.0,0.0,-1.0
2146,53061,-1.0,0.0,0.0,1.0,0.0
2147,53063,2.0,0.0,0.0,0.0,1.0
2148,53065,0.0,-1.0,0.0,0.0,-1.0
2149,53067,0.0,1.0,0.0,0.0,1.0
2150,53071,0.0,-1.0,0.0,0.0,-1.0
2151,53073,0.0,0.0,0.0,0.0,0.0
2152,53077,0.0,0.0,2.0,-1.0,1.0
2153,54007,0.0,0.0,0.0,0.0,0.0
2154,54011,0.0,0.0,0.0,0.0,0.0
2155,54015,0.0,0.0,0.0,0.0,0.0
2156,54017,0.0,0.0,0.0,-1.0,-1.0
2157,54025,0.0,1.0,0.0,0.0,1.0
2158,54027,0.0,0.0,0.0,0.0,-1.0
2159,54029,0.0,0.0,0.0,0.0,1.0
2160,54033,0.0,0.0,0.0,0.0,-1.0
2161,54035,0.0,0.0,0.0,1.0,2.0
2162,54039,0.0,0.0,0.0,0.0,0.0
2163,54041,0.0,0.0,0.0,0.0,0.0
2164,54049,0.0,0.0,0.0,0.0,0.0
2165,54055,-1.0,0.0,0.0,0.0,-1.0
2166,54061,0.0,0.0,0.0,0.0,1.0
2167,54065,0.0,0.0,0.0,0.0,0.0
2168,54067,0.0,0.0,0.0,0.0,0.0
2169,54069,0.0,0.0,0.0,0.0,-1.0
2170,54077,0.0,0.0,0.0,0.0,0.0
2171,54079,0.0,0.0,0.0,0.0,-2.0
2172,54081,0.0,0.0,0.0,0.0,0.0
2173,54103,0.0,0.0,0.0,0.0,1.0
2174,54107,0.0,-1.0,0.0,0.0,-1.0
2175,55001,0.0,-1.0,0.0,0.0,-1.0
2176,55003,0.0,0.0,0.0,0.0,0.0
2177,55005,0.0,0.0,0.0,0.0,0.0
2178,55007,0.0,0.0,0.0,0.0,0.0
2179,55009,0.0,0.0,0.0,0.0,3.0
2180,55011,0.0,0.0,0.0,0.0,-1.0
2181,55015,0.0,0.0,0.0,0.0,2.0
2182,55017,0.0,0.0,0.0,0.0,0.0
2183,55019,0.0,0.0,0.0,0.0,0.0
2184,55021,-2.0,0.0,0.0,0.0,-3.0
2185,55023,0.0,0.0,0.0,0.0,1.0
2186,55025,-1.0,-1.0,0.0,0.0,-2.0
2187,55027,0.0,0.0,0.0,-1.0,-1.0
2188,55031,0.0,-2.0,-1.0,2.0,-1.0
2189,55033,0.0,0.0,0.0,0.0,0.0
2190,55035,0.0,0.0,0.0,1.0,2.0
2191,55037,0.0,0.0,-1.0,0.0,-1.0
2192,55039,0.0,0.0,0.0,2.0,3.0
2193,55041,0.0,0.0,0.0,0.0,0.0
2194,55043,0.0,0.0,0.0,1.0,1.0
2195,55045,0.0,0.0,0.0,0.0,0.0
2196,55049,-1.0,0.0,0.0,0.0,-2.0
2197,55051,0.0,0.0,0.0,0.0,0.0
2198,55053,0.0,0.0,0.0,0.0,0.0
2199,55055,0.0,0.0,0.0,0.0,1.0
2200,55057,0.0,0.0,0.0,0.0,-1.0
2201,55059,0.0,0.0,0.0,0.0,0.0
2202,55063,0.0,0.0,0.0,0.0,3.0
2203,55065,1.0,0.0,0.0,0.0,-1.0
2204,55067,0.0,0.0,1.0,0.0,0.0
2205,55069,0.0,0.0,0.0,0.0,1.0
2206,55071,0.0,0.0,0.0,1.0,1.0
2207,55073,1.0,-2.0,0.0,-1.0,-3.0
2208,55075,0.0,1.0,-1.0,0.0,-1.0
2209,55077,0.0,0.0,0.0,0.0,0.0
2210,55079,0.0,0.0,0.0,0.0,0.0
2211,55081,1.0,0.0,0.0,0.0,0.0
2212,55083,0.0,0.0,0.0,0.0,1.0
2213,55085,0.0,0.0,0.0,1.0,0.0
2214,55087,0.0,0.0,0.0,0.0,0.0
2215,55089,0.0,0.0,0.0,1.0,1.0
2216,55091,0.0,0.0,0.0,0.0,0.0
2217,55095,0.0,0.0,0.0,0.0,0.0
2218,55097,0.0,0.0,1.0,0.0,1.0
2219,55099,-1.0,0.0,0.0,0.0,-1.0
2220,55101,0.0,0.0,0.0,0.0,0.0
2221,55103,0.0,0.0,0.0,0.0,0.0
2222,55105,0.0,-1.0,1.0,-1.0,-2.0
2223,55107,0.0,0.0,0.0,0.0,1.0
2224,55109,0.0,0.0,-1.0,0.0,2.0
2225,55111,0.0,-1.0,0.0,0.0,-1.0
2226,55113,0.0,0.0,0.0,0.0,1.0
2227,55115,-1.0,0.0,0.0,0.0,-1.0
2228,55117,0.0,1.0,-1.0,1.0,2.0
2229,55119,0.0,0.0,0.0,0.0,-1.0
2230,55121,0.0,0.0,0.0,0.0,2.0
2231,55123,0.0,0.0,0.0,0.0,0.0
2232,55125,0.0,0.0,0.0,0.0,-1.0
2233,55127,0.0,-1.0,-1.0,0.0,-1.0
2234,55129,0.0,-1.0,0.0,0.0,-2.0
2235,55131,0.0,0.0,0.0,0.0,1.0
2236,55133,0.0,0.0,0.0,0.0,-1.0
2237,55135,-1.0,0.0,0.0,0.0,-1.0
2238,55137,1.0,-1.0,0.0,0.0,-1.0
2239,55139,0.0,0.0,0.0,0.0,1.0
2240,55141,0.0,0.0,0.0,0.0,1.0
2241,56001,1.0,-1.0,0.0,-1.0,-1.0
2242,56003,0.0,0.0,0.0,0.0,0.0
2243,56005,0.0,0.0,0.0,0.0,2.0
2244,56007,0.0,0.0,0.0,0.0,1.0
2245,56009,0.0,0.0,0.0,0.0,0.0
2246,56011,0.0,0.0,0.0,0.0,0.0
2247,56013,-1.0,-1.0,0.0,0.0,-2.0
2248,56015,0.0,0.0,0.0,0.0,0.0
2249,56017,0.0,0.0,0.0,0.0,0.0
2250,56019,0.0,0.0,0.0,0.0,-1.0
2251,56021,0.0,0.0,0.0,0.0,-1.0
2252,56023,0.0,0.0,0.0,0.0,0.0
2253,56025,-1.0,0.0,0.0,0.0,-1.0
2254,56027,0.0,0.0,0.0,0.0,0.0
2255,56029,-1.0,0.0,0.0,0.0,-2.0
2256,56031,-1.0,0.0,0.0,0.0,-1.0
2257,56033,0.0,0.0,0.0,0.0,-1.0
2258,56037,-1.0,0.0,-1.0,1.0,-1.0
2259,56039,0.0,0.0,0.0,0.0,0.0
2260,56041,0.0,0.0,0.0,0.0,0.0
2261,56043,0.0,-1.0,0.0,0.0,-1.0
2262,56045,0.0,0.0,0.0,0.0,0.0
