,year,zip3,cnt
0,2006,010,6
1,2006,011,2
2,2006,012,4
3,2006,014,5
4,2006,015,9
5,2006,017,2
6,2006,018,5
7,2006,019,2
8,2006,020,2
9,2006,021,3
10,2006,023,3
11,2006,026,1
12,2006,027,5
13,2006,028,1
14,2006,029,1
15,2006,030,9
16,2006,031,4
17,2006,032,2
18,2006,033,4
19,2006,034,4
20,2006,035,5
21,2006,037,3
22,2006,038,10
23,2006,039,1
24,2006,040,2
25,2006,041,3
26,2006,042,6
27,2006,043,2
28,2006,044,3
29,2006,046,4
30,2006,047,6
31,2006,048,1
32,2006,049,6
33,2006,050,1
34,2006,051,2
35,2006,053,2
36,2006,054,10
37,2006,056,3
38,2006,057,4
39,2006,058,3
40,2006,060,1
41,2006,061,1
42,2006,062,1
43,2006,063,3
44,2006,064,10
45,2006,066,1
46,2006,067,1
47,2006,068,1
48,2006,070,19
49,2006,071,2
50,2006,072,6
51,2006,073,5
52,2006,074,8
53,2006,075,2
54,2006,076,4
55,2006,077,4
56,2006,078,8
57,2006,080,21
58,2006,081,1
59,2006,082,1
60,2006,083,3
61,2006,085,10
62,2006,086,5
63,2006,087,1
64,2006,088,17
65,2006,089,1
66,2006,105,1
67,2006,109,1
68,2006,111,2
69,2006,114,1
70,2006,117,1
71,2006,120,11
72,2006,121,3
73,2006,122,1
74,2006,123,2
75,2006,124,2
76,2006,125,6
77,2006,127,2
78,2006,128,10
79,2006,129,10
80,2006,130,10
81,2006,131,12
82,2006,132,2
83,2006,133,4
84,2006,134,4
85,2006,135,1
86,2006,136,9
87,2006,137,3
88,2006,138,7
89,2006,139,2
90,2006,140,12
91,2006,142,1
92,2006,143,1
93,2006,144,11
94,2006,145,4
95,2006,146,2
96,2006,147,7
97,2006,148,7
98,2006,150,4
99,2006,151,4
100,2006,152,4
101,2006,153,5
102,2006,154,3
103,2006,155,11
104,2006,156,4
105,2006,157,2
106,2006,158,4
107,2006,159,2
108,2006,160,6
109,2006,161,3
110,2006,162,1
111,2006,163,6
112,2006,164,7
113,2006,165,3
114,2006,166,6
115,2006,168,9
116,2006,169,5
117,2006,170,24
118,2006,171,5
119,2006,172,6
120,2006,173,8
121,2006,175,8
122,2006,177,7
123,2006,178,5
124,2006,179,6
125,2006,180,3
126,2006,181,2
127,2006,182,6
128,2006,183,2
129,2006,184,6
130,2006,186,8
131,2006,187,2
132,2006,188,9
133,2006,190,11
134,2006,191,1
135,2006,194,2
136,2006,195,11
137,2006,197,7
138,2006,199,8
139,2006,201,4
140,2006,206,3
141,2006,207,8
142,2006,210,4
143,2006,211,3
144,2006,212,4
145,2006,215,2
146,2006,216,4
147,2006,217,8
148,2006,218,3
149,2006,219,4
150,2006,224,2
151,2006,225,5
152,2006,226,7
153,2006,228,3
154,2006,229,4
155,2006,230,7
156,2006,231,6
157,2006,232,2
158,2006,233,4
159,2006,234,8
160,2006,236,2
161,2006,237,1
162,2006,238,16
163,2006,239,7
164,2006,240,9
165,2006,241,10
166,2006,242,8
167,2006,243,18
168,2006,244,11
169,2006,245,20
170,2006,246,1
171,2006,247,1
172,2006,249,1
173,2006,250,2
174,2006,251,3
175,2006,252,3
176,2006,253,2
177,2006,254,1
178,2006,255,2
179,2006,257,1
180,2006,258,3
181,2006,260,2
182,2006,261,3
183,2006,263,2
184,2006,264,2
185,2006,265,4
186,2006,266,5
187,2006,267,2
188,2006,270,5
189,2006,271,2
190,2006,272,17
191,2006,273,16
192,2006,274,2
193,2006,275,19
194,2006,276,6
195,2006,277,3
196,2006,278,16
197,2006,279,6
198,2006,280,7
199,2006,281,14
200,2006,282,5
201,2006,283,29
202,2006,284,12
203,2006,285,12
204,2006,286,19
205,2006,287,17
206,2006,289,2
207,2006,290,24
208,2006,291,24
209,2006,292,8
210,2006,293,21
211,2006,294,27
212,2006,295,17
213,2006,296,15
214,2006,297,15
215,2006,298,12
216,2006,299,5
217,2006,300,7
218,2006,301,28
219,2006,302,33
220,2006,303,7
221,2006,304,15
222,2006,305,17
223,2006,306,14
224,2006,307,16
225,2006,308,6
226,2006,309,11
227,2006,310,30
228,2006,312,5
229,2006,313,6
230,2006,314,7
231,2006,315,28
232,2006,316,15
233,2006,317,29
234,2006,318,4
235,2006,319,4
236,2006,320,14
237,2006,321,4
238,2006,322,13
239,2006,323,10
240,2006,324,13
241,2006,325,5
242,2006,326,4
243,2006,327,6
244,2006,328,3
245,2006,329,6
246,2006,330,6
247,2006,331,6
248,2006,332,1
249,2006,333,3
250,2006,334,4
251,2006,335,8
252,2006,336,8
253,2006,337,3
254,2006,338,13
255,2006,339,7
256,2006,341,1
257,2006,342,3
258,2006,344,5
259,2006,346,1
260,2006,347,11
261,2006,349,8
262,2006,350,22
263,2006,351,14
264,2006,352,5
265,2006,354,16
266,2006,355,14
267,2006,356,16
268,2006,357,3
269,2006,358,1
270,2006,359,13
271,2006,360,12
272,2006,361,3
273,2006,362,8
274,2006,363,20
275,2006,364,21
276,2006,365,20
277,2006,366,2
278,2006,367,12
279,2006,368,7
280,2006,369,5
281,2006,370,21
282,2006,371,7
283,2006,372,3
284,2006,373,13
285,2006,374,6
286,2006,376,4
287,2006,377,11
288,2006,378,10
289,2006,379,13
290,2006,380,14
291,2006,381,9
292,2006,382,5
293,2006,383,21
294,2006,384,6
295,2006,385,7
296,2006,386,24
297,2006,387,6
298,2006,388,23
299,2006,389,10
300,2006,390,9
301,2006,391,20
302,2006,392,9
303,2006,393,20
304,2006,394,34
305,2006,395,15
306,2006,396,10
307,2006,397,10
308,2006,398,11
309,2006,400,8
310,2006,401,5
311,2006,402,2
312,2006,403,10
313,2006,404,7
314,2006,405,3
315,2006,407,8
316,2006,409,4
317,2006,410,12
318,2006,411,15
319,2006,412,1
320,2006,413,2
321,2006,414,2
322,2006,416,2
323,2006,418,1
324,2006,420,12
325,2006,421,8
326,2006,422,6
327,2006,423,6
328,2006,424,3
329,2006,425,4
330,2006,426,2
331,2006,427,8
332,2006,430,11
333,2006,431,12
334,2006,432,2
335,2006,433,9
336,2006,434,12
337,2006,435,19
338,2006,436,6
339,2006,437,9
340,2006,438,2
341,2006,439,3
342,2006,440,10
343,2006,441,7
344,2006,442,12
345,2006,443,1
346,2006,444,12
347,2006,445,3
348,2006,446,6
349,2006,447,3
350,2006,448,12
351,2006,449,1
352,2006,450,6
353,2006,451,5
354,2006,452,4
355,2006,453,9
356,2006,454,1
357,2006,455,1
358,2006,456,13
359,2006,457,6
360,2006,458,17
361,2006,460,6
362,2006,461,13
363,2006,462,4
364,2006,463,24
365,2006,464,11
366,2006,465,14
367,2006,466,3
368,2006,467,18
369,2006,468,5
370,2006,469,12
371,2006,470,2
372,2006,471,7
373,2006,472,4
374,2006,473,12
375,2006,474,6
376,2006,475,6
377,2006,476,8
378,2006,477,2
379,2006,478,6
380,2006,479,15
381,2006,480,20
382,2006,481,32
383,2006,482,8
384,2006,484,18
385,2006,485,4
386,2006,486,17
387,2006,487,9
388,2006,488,18
389,2006,489,1
390,2006,490,29
391,2006,491,6
392,2006,492,9
393,2006,493,16
394,2006,494,3
395,2006,495,5
396,2006,496,14
397,2006,497,14
398,2006,498,26
399,2006,499,16
400,2006,500,12
401,2006,501,6
402,2006,502,8
403,2006,503,4
404,2006,504,5
405,2006,505,6
406,2006,506,9
407,2006,507,5
408,2006,510,3
409,2006,511,2
410,2006,512,2
411,2006,513,3
412,2006,514,3
413,2006,515,12
414,2006,516,3
415,2006,520,11
416,2006,521,6
417,2006,522,8
418,2006,523,7
419,2006,524,2
420,2006,525,9
421,2006,526,8
422,2006,527,13
423,2006,528,2
424,2006,530,26
425,2006,531,20
426,2006,532,2
427,2006,535,32
428,2006,537,1
429,2006,538,4
430,2006,539,21
431,2006,540,5
432,2006,541,22
433,2006,542,5
434,2006,543,3
435,2006,544,31
436,2006,545,17
437,2006,546,23
438,2006,547,13
439,2006,548,15
440,2006,549,29
441,2006,550,21
442,2006,551,4
443,2006,553,19
444,2006,554,4
445,2006,556,1
446,2006,557,12
447,2006,558,2
448,2006,559,8
449,2006,560,14
450,2006,561,10
451,2006,562,18
452,2006,563,17
453,2006,564,4
454,2006,565,7
455,2006,566,10
456,2006,567,6
457,2006,570,14
458,2006,571,6
459,2006,572,8
460,2006,573,12
461,2006,574,4
462,2006,575,12
463,2006,576,1
464,2006,577,8
465,2006,580,10
466,2006,581,4
467,2006,582,6
468,2006,583,5
469,2006,584,7
470,2006,585,6
471,2006,586,5
472,2006,587,5
473,2006,588,3
474,2006,590,10
475,2006,591,2
476,2006,592,3
477,2006,593,5
478,2006,594,7
479,2006,595,4
480,2006,596,3
481,2006,597,10
482,2006,598,12
483,2006,599,7
484,2006,600,8
485,2006,601,9
486,2006,604,17
487,2006,605,8
488,2006,606,6
489,2006,608,2
490,2006,609,5
491,2006,610,18
492,2006,611,6
493,2006,612,4
494,2006,613,12
495,2006,614,6
496,2006,615,4
497,2006,616,3
498,2006,617,15
499,2006,618,6
500,2006,619,3
501,2006,620,4
502,2006,622,9
503,2006,623,5
504,2006,624,12
505,2006,625,6
506,2006,626,12
507,2006,627,2
508,2006,628,10
509,2006,629,5
510,2006,630,11
511,2006,631,9
512,2006,633,15
513,2006,634,8
514,2006,635,3
515,2006,636,3
516,2006,637,7
517,2006,638,15
518,2006,639,3
519,2006,640,18
520,2006,641,6
521,2006,644,18
522,2006,645,5
523,2006,646,4
524,2006,647,12
525,2006,648,17
526,2006,650,1
527,2006,651,1
528,2006,652,11
529,2006,653,5
530,2006,654,1
531,2006,655,5
532,2006,656,6
533,2006,657,12
534,2006,658,5
535,2006,660,6
536,2006,661,5
537,2006,664,4
538,2006,665,12
539,2006,666,1
540,2006,667,10
541,2006,668,11
542,2006,669,6
543,2006,670,8
544,2006,671,10
545,2006,672,4
546,2006,673,4
547,2006,674,13
548,2006,675,8
549,2006,676,12
550,2006,677,12
551,2006,678,24
552,2006,679,3
553,2006,680,7
554,2006,681,2
555,2006,682,1
556,2006,683,9
557,2006,684,8
558,2006,685,2
559,2006,686,8
560,2006,687,12
561,2006,688,20
562,2006,689,5
563,2006,690,3
564,2006,691,14
565,2006,692,3
566,2006,693,9
567,2006,700,15
568,2006,701,9
569,2006,703,25
570,2006,704,17
571,2006,705,37
572,2006,706,23
573,2006,707,28
574,2006,708,3
575,2006,710,23
576,2006,711,5
577,2006,712,20
578,2006,713,12
579,2006,714,16
580,2006,716,12
581,2006,717,12
582,2006,718,14
583,2006,719,5
584,2006,720,18
585,2006,721,14
586,2006,722,4
587,2006,723,23
588,2006,724,6
589,2006,725,2
590,2006,726,6
591,2006,727,8
592,2006,728,8
593,2006,729,12
594,2006,730,23
595,2006,731,13
596,2006,734,7
597,2006,735,7
598,2006,736,11
599,2006,737,8
600,2006,738,3
601,2006,739,8
602,2006,740,18
603,2006,741,4
604,2006,743,11
605,2006,744,14
606,2006,745,11
607,2006,746,5
608,2006,747,12
609,2006,748,9
610,2006,749,13
611,2006,750,10
612,2006,751,24
613,2006,752,8
614,2006,754,17
615,2006,755,10
616,2006,756,12
617,2006,757,11
618,2006,758,12
619,2006,759,22
620,2006,760,18
621,2006,761,6
622,2006,762,19
623,2006,763,9
624,2006,764,6
625,2006,765,14
626,2006,766,11
627,2006,767,3
628,2006,768,10
629,2006,769,11
630,2006,770,33
631,2006,773,21
632,2006,774,25
633,2006,775,23
634,2006,776,10
635,2006,777,3
636,2006,778,8
637,2006,779,9
638,2006,780,25
639,2006,781,10
640,2006,782,9
641,2006,783,19
642,2006,784,3
643,2006,785,17
644,2006,786,17
645,2006,787,2
646,2006,788,12
647,2006,789,5
648,2006,790,29
649,2006,791,10
650,2006,792,6
651,2006,793,10
652,2006,794,6
653,2006,795,12
654,2006,796,2
655,2006,797,21
656,2006,798,10
657,2006,799,4
658,2006,800,8
659,2006,801,6
660,2006,802,5
661,2006,804,2
662,2006,805,6
663,2006,806,8
664,2006,807,10
665,2006,808,12
666,2006,809,1
667,2006,810,19
668,2006,811,5
669,2006,812,5
670,2006,813,3
671,2006,814,2
672,2006,815,4
673,2006,816,3
674,2006,820,17
675,2006,822,9
676,2006,823,8
677,2006,824,8
678,2006,825,3
679,2006,826,10
680,2006,827,6
681,2006,828,4
682,2006,829,9
683,2006,830,1
684,2006,831,3
685,2006,832,14
686,2006,833,10
687,2006,834,9
688,2006,835,4
689,2006,836,11
690,2006,837,3
691,2006,838,10
692,2006,840,12
693,2006,841,5
694,2006,843,9
695,2006,844,4
696,2006,845,5
697,2006,846,13
698,2006,847,18
699,2006,850,4
700,2006,852,8
701,2006,853,18
702,2006,855,1
703,2006,856,7
704,2006,857,3
705,2006,860,12
706,2006,863,3
707,2006,864,8
708,2006,865,2
709,2006,870,7
710,2006,871,6
711,2006,873,4
712,2006,874,6
713,2006,875,2
714,2006,877,6
715,2006,878,2
716,2006,879,1
717,2006,880,10
718,2006,881,4
719,2006,882,11
720,2006,883,8
721,2006,884,8
722,2006,890,18
723,2006,891,6
724,2006,893,1
725,2006,894,15
726,2006,895,2
727,2006,898,6
728,2006,900,6
729,2006,902,4
730,2006,906,3
731,2006,907,1
732,2006,908,4
733,2006,913,6
734,2006,917,4
735,2006,919,4
736,2006,920,2
737,2006,921,2
738,2006,922,15
739,2006,923,26
740,2006,925,3
741,2006,928,2
742,2006,930,2
743,2006,932,19
744,2006,933,9
745,2006,934,4
746,2006,935,12
747,2006,936,12
748,2006,937,7
749,2006,939,3
750,2006,940,2
751,2006,945,6
752,2006,946,1
753,2006,948,1
754,2006,950,4
755,2006,951,1
756,2006,952,5
757,2006,953,14
758,2006,954,5
759,2006,955,3
760,2006,956,2
761,2006,957,1
762,2006,958,2
763,2006,959,6
764,2006,960,6
765,2006,961,1
766,2006,970,6
767,2006,971,1
768,2006,972,2
769,2006,973,4
770,2006,974,9
771,2006,975,3
772,2006,976,4
773,2006,977,6
774,2006,978,19
775,2006,979,4
776,2006,980,5
777,2006,981,3
778,2006,982,8
779,2006,984,2
780,2006,985,5
781,2006,986,3
782,2006,988,8
783,2006,989,9
784,2006,991,3
785,2006,992,4
786,2006,993,9
787,2006,995,3
788,2006,996,1
789,2006,997,8
790,2006,998,1
791,2007,010,6
792,2007,011,2
793,2007,012,4
794,2007,014,5
795,2007,015,8
796,2007,017,2
797,2007,018,5
798,2007,019,2
799,2007,020,2
800,2007,021,3
801,2007,023,3
802,2007,026,1
803,2007,027,4
804,2007,028,1
805,2007,029,1
806,2007,030,8
807,2007,031,3
808,2007,032,2
809,2007,033,4
810,2007,034,4
811,2007,035,5
812,2007,037,3
813,2007,038,8
814,2007,039,1
815,2007,040,2
816,2007,041,2
817,2007,042,6
818,2007,043,2
819,2007,044,3
820,2007,046,4
821,2007,047,6
822,2007,048,1
823,2007,049,6
824,2007,050,1
825,2007,051,2
826,2007,053,2
827,2007,054,10
828,2007,056,3
829,2007,057,4
830,2007,058,3
831,2007,060,1
832,2007,061,1
833,2007,062,1
834,2007,063,2
835,2007,064,9
836,2007,066,1
837,2007,067,1
838,2007,068,1
839,2007,070,18
840,2007,071,2
841,2007,072,6
842,2007,073,5
843,2007,074,8
844,2007,075,1
845,2007,076,4
846,2007,077,4
847,2007,078,8
848,2007,080,21
849,2007,081,1
850,2007,082,1
851,2007,083,3
852,2007,085,8
853,2007,086,5
854,2007,087,1
855,2007,088,15
856,2007,089,2
857,2007,105,1
858,2007,109,1
859,2007,111,2
860,2007,114,1
861,2007,117,1
862,2007,120,10
863,2007,121,2
864,2007,122,1
865,2007,123,2
866,2007,124,1
867,2007,125,6
868,2007,127,2
869,2007,128,9
870,2007,129,9
871,2007,130,10
872,2007,131,12
873,2007,132,2
874,2007,133,4
875,2007,134,4
876,2007,135,1
877,2007,136,8
878,2007,137,3
879,2007,138,7
880,2007,139,2
881,2007,140,11
882,2007,142,1
883,2007,143,1
884,2007,144,11
885,2007,145,4
886,2007,146,2
887,2007,147,7
888,2007,148,7
889,2007,150,4
890,2007,151,3
891,2007,152,4
892,2007,153,5
893,2007,154,3
894,2007,155,12
895,2007,156,4
896,2007,157,1
897,2007,158,4
898,2007,159,2
899,2007,160,5
900,2007,161,3
901,2007,162,1
902,2007,163,5
903,2007,164,7
904,2007,165,4
905,2007,166,6
906,2007,168,9
907,2007,169,5
908,2007,170,24
909,2007,171,5
910,2007,172,6
911,2007,173,8
912,2007,175,7
913,2007,177,7
914,2007,178,5
915,2007,179,6
916,2007,180,3
917,2007,181,1
918,2007,182,5
919,2007,183,2
920,2007,184,6
921,2007,186,8
922,2007,187,2
923,2007,188,9
924,2007,190,11
925,2007,194,2
926,2007,195,11
927,2007,197,7
928,2007,199,8
929,2007,201,4
930,2007,206,3
931,2007,207,8
932,2007,210,4
933,2007,211,3
934,2007,212,3
935,2007,215,2
936,2007,216,4
937,2007,217,8
938,2007,218,3
939,2007,219,4
940,2007,224,2
941,2007,225,5
942,2007,226,7
943,2007,228,3
944,2007,229,4
945,2007,230,7
946,2007,231,5
947,2007,232,1
948,2007,233,4
949,2007,234,8
950,2007,235,1
951,2007,236,2
952,2007,237,1
953,2007,238,18
954,2007,239,7
955,2007,240,9
956,2007,241,10
957,2007,242,8
958,2007,243,20
959,2007,244,10
960,2007,245,20
961,2007,246,1
962,2007,249,1
963,2007,250,2
964,2007,251,3
965,2007,252,3
966,2007,253,2
967,2007,254,1
968,2007,255,2
969,2007,257,1
970,2007,258,3
971,2007,260,2
972,2007,261,3
973,2007,263,2
974,2007,264,2
975,2007,265,4
976,2007,266,5
977,2007,267,2
978,2007,270,6
979,2007,271,2
980,2007,272,17
981,2007,273,16
982,2007,274,2
983,2007,275,20
984,2007,276,6
985,2007,277,3
986,2007,278,16
987,2007,279,6
988,2007,280,7
989,2007,281,14
990,2007,282,5
991,2007,283,30
992,2007,284,11
993,2007,285,12
994,2007,286,20
995,2007,287,17
996,2007,289,2
997,2007,290,18
998,2007,291,21
999,2007,292,8
1000,2007,293,21
1001,2007,294,28
1002,2007,295,17
1003,2007,296,15
1004,2007,297,17
1005,2007,298,11
1006,2007,299,4
1007,2007,300,7
1008,2007,301,25
1009,2007,302,32
1010,2007,303,7
1011,2007,304,15
1012,2007,305,16
1013,2007,306,12
1014,2007,307,19
1015,2007,308,7
1016,2007,309,10
1017,2007,310,30
1018,2007,312,4
1019,2007,313,7
1020,2007,314,7
1021,2007,315,25
1022,2007,316,15
1023,2007,317,27
1024,2007,318,4
1025,2007,319,4
1026,2007,320,14
1027,2007,321,5
1028,2007,322,12
1029,2007,323,10
1030,2007,324,13
1031,2007,325,5
1032,2007,326,4
1033,2007,327,8
1034,2007,328,3
1035,2007,329,6
1036,2007,330,6
1037,2007,331,5
1038,2007,332,1
1039,2007,333,3
1040,2007,334,5
1041,2007,335,8
1042,2007,336,9
1043,2007,337,3
1044,2007,338,13
1045,2007,339,7
1046,2007,341,1
1047,2007,342,2
1048,2007,344,5
1049,2007,346,1
1050,2007,347,14
1051,2007,349,8
1052,2007,350,23
1053,2007,351,13
1054,2007,352,5
1055,2007,354,14
1056,2007,355,13
1057,2007,356,17
1058,2007,357,4
1059,2007,358,1
1060,2007,359,13
1061,2007,360,13
1062,2007,361,3
1063,2007,362,8
1064,2007,363,20
1065,2007,364,21
1066,2007,365,19
1067,2007,366,2
1068,2007,367,12
1069,2007,368,7
1070,2007,369,5
1071,2007,370,21
1072,2007,371,4
1073,2007,372,4
1074,2007,373,16
1075,2007,374,7
1076,2007,376,4
1077,2007,377,11
1078,2007,378,12
1079,2007,379,12
1080,2007,380,13
1081,2007,381,9
1082,2007,382,3
1083,2007,383,21
1084,2007,384,7
1085,2007,385,7
1086,2007,386,24
1087,2007,387,6
1088,2007,388,24
1089,2007,389,8
1090,2007,390,8
1091,2007,391,20
1092,2007,392,8
1093,2007,393,21
1094,2007,394,34
1095,2007,395,14
1096,2007,396,8
1097,2007,397,10
1098,2007,398,10
1099,2007,400,8
1100,2007,401,5
1101,2007,402,2
1102,2007,403,11
1103,2007,404,7
1104,2007,405,3
1105,2007,407,8
1106,2007,409,5
1107,2007,410,12
1108,2007,411,14
1109,2007,412,1
1110,2007,413,2
1111,2007,414,2
1112,2007,416,2
1113,2007,418,1
1114,2007,420,13
1115,2007,421,8
1116,2007,422,7
1117,2007,423,6
1118,2007,424,2
1119,2007,425,4
1120,2007,426,1
1121,2007,427,8
1122,2007,430,11
1123,2007,431,12
1124,2007,432,2
1125,2007,433,9
1126,2007,434,12
1127,2007,435,17
1128,2007,436,5
1129,2007,437,9
1130,2007,438,2
1131,2007,439,2
1132,2007,440,9
1133,2007,441,6
1134,2007,442,12
1135,2007,443,1
1136,2007,444,12
1137,2007,445,3
1138,2007,446,6
1139,2007,447,3
1140,2007,448,11
1141,2007,449,1
1142,2007,450,6
1143,2007,451,5
1144,2007,452,4
1145,2007,453,9
1146,2007,454,1
1147,2007,455,1
1148,2007,456,13
1149,2007,457,6
1150,2007,458,16
1151,2007,460,6
1152,2007,461,13
1153,2007,462,4
1154,2007,463,24
1155,2007,464,11
1156,2007,465,14
1157,2007,466,3
1158,2007,467,17
1159,2007,468,5
1160,2007,469,11
1161,2007,470,2
1162,2007,471,7
1163,2007,472,4
1164,2007,473,12
1165,2007,474,6
1166,2007,475,5
1167,2007,476,8
1168,2007,477,1
1169,2007,478,6
1170,2007,479,13
1171,2007,480,20
1172,2007,481,28
1173,2007,482,7
1174,2007,484,16
1175,2007,485,4
1176,2007,486,17
1177,2007,487,9
1178,2007,488,19
1179,2007,489,1
1180,2007,490,31
1181,2007,491,6
1182,2007,492,9
1183,2007,493,16
1184,2007,494,3
1185,2007,495,5
1186,2007,496,12
1187,2007,497,14
1188,2007,498,24
1189,2007,499,16
1190,2007,500,13
1191,2007,501,6
1192,2007,502,8
1193,2007,503,4
1194,2007,504,3
1195,2007,505,7
1196,2007,506,8
1197,2007,507,5
1198,2007,510,2
1199,2007,511,2
1200,2007,512,2
1201,2007,513,3
1202,2007,514,3
1203,2007,515,12
1204,2007,516,3
1205,2007,520,11
1206,2007,521,6
1207,2007,522,9
1208,2007,523,7
1209,2007,524,2
1210,2007,525,9
1211,2007,526,8
1212,2007,527,13
1213,2007,528,2
1214,2007,530,26
1215,2007,531,20
1216,2007,532,2
1217,2007,535,31
1218,2007,537,1
1219,2007,538,4
1220,2007,539,19
1221,2007,540,5
1222,2007,541,22
1223,2007,542,5
1224,2007,543,3
1225,2007,544,31
1226,2007,545,16
1227,2007,546,24
1228,2007,547,13
1229,2007,548,15
1230,2007,549,29
1231,2007,550,17
1232,2007,551,4
1233,2007,553,17
1234,2007,554,4
1235,2007,556,1
1236,2007,557,12
1237,2007,558,2
1238,2007,559,8
1239,2007,560,14
1240,2007,561,8
1241,2007,562,17
1242,2007,563,17
1243,2007,564,4
1244,2007,565,7
1245,2007,566,10
1246,2007,567,5
1247,2007,570,18
1248,2007,571,7
1249,2007,572,10
1250,2007,573,14
1251,2007,574,3
1252,2007,575,15
1253,2007,576,3
1254,2007,577,12
1255,2007,580,10
1256,2007,581,4
1257,2007,582,6
1258,2007,583,5
1259,2007,584,7
1260,2007,585,6
1261,2007,586,5
1262,2007,587,5
1263,2007,588,3
1264,2007,590,10
1265,2007,591,2
1266,2007,592,3
1267,2007,593,5
1268,2007,594,8
1269,2007,595,4
1270,2007,596,3
1271,2007,597,10
1272,2007,598,12
1273,2007,599,7
1274,2007,600,8
1275,2007,601,8
1276,2007,604,17
1277,2007,605,8
1278,2007,606,6
1279,2007,608,2
1280,2007,609,5
1281,2007,610,17
1282,2007,611,6
1283,2007,612,4
1284,2007,613,10
1285,2007,614,7
1286,2007,615,4
1287,2007,616,3
1288,2007,617,15
1289,2007,618,7
1290,2007,619,3
1291,2007,620,4
1292,2007,622,10
1293,2007,623,4
1294,2007,624,11
1295,2007,625,5
1296,2007,626,11
1297,2007,627,2
1298,2007,628,10
1299,2007,629,5
1300,2007,630,12
1301,2007,631,9
1302,2007,633,13
1303,2007,634,9
1304,2007,635,3
1305,2007,636,4
1306,2007,637,6
1307,2007,638,15
1308,2007,639,3
1309,2007,640,18
1310,2007,641,6
1311,2007,644,18
1312,2007,645,5
1313,2007,646,4
1314,2007,647,12
1315,2007,648,17
1316,2007,650,1
1317,2007,651,1
1318,2007,652,11
1319,2007,653,4
1320,2007,654,2
1321,2007,655,5
1322,2007,656,6
1323,2007,657,12
1324,2007,658,3
1325,2007,660,5
1326,2007,661,5
1327,2007,664,4
1328,2007,665,11
1329,2007,666,1
1330,2007,667,9
1331,2007,668,11
1332,2007,669,5
1333,2007,670,8
1334,2007,671,10
1335,2007,672,4
1336,2007,673,4
1337,2007,674,13
1338,2007,675,7
1339,2007,676,12
1340,2007,677,12
1341,2007,678,23
1342,2007,679,3
1343,2007,680,6
1344,2007,681,2
1345,2007,682,1
1346,2007,683,9
1347,2007,684,8
1348,2007,685,2
1349,2007,686,8
1350,2007,687,12
1351,2007,688,19
1352,2007,689,5
1353,2007,690,3
1354,2007,691,14
1355,2007,692,3
1356,2007,693,9
1357,2007,700,14
1358,2007,701,6
1359,2007,703,21
1360,2007,704,17
1361,2007,705,35
1362,2007,706,20
1363,2007,707,27
1364,2007,708,3
1365,2007,710,24
1366,2007,711,5
1367,2007,712,19
1368,2007,713,11
1369,2007,714,17
1370,2007,716,11
1371,2007,717,13
1372,2007,718,12
1373,2007,719,5
1374,2007,720,19
1375,2007,721,14
1376,2007,722,4
1377,2007,723,22
1378,2007,724,6
1379,2007,725,2
1380,2007,726,6
1381,2007,727,8
1382,2007,728,8
1383,2007,729,11
1384,2007,730,23
1385,2007,731,16
1386,2007,734,6
1387,2007,735,7
1388,2007,736,11
1389,2007,737,8
1390,2007,738,3
1391,2007,739,9
1392,2007,740,17
1393,2007,741,4
1394,2007,743,11
1395,2007,744,14
1396,2007,745,11
1397,2007,746,4
1398,2007,747,12
1399,2007,748,8
1400,2007,749,12
1401,2007,750,10
1402,2007,751,25
1403,2007,752,8
1404,2007,754,16
1405,2007,755,9
1406,2007,756,11
1407,2007,757,13
1408,2007,758,11
1409,2007,759,22
1410,2007,760,19
1411,2007,761,6
1412,2007,762,19
1413,2007,763,9
1414,2007,764,6
1415,2007,765,14
1416,2007,766,11
1417,2007,767,3
1418,2007,768,10
1419,2007,769,10
1420,2007,770,36
1421,2007,773,21
1422,2007,774,23
1423,2007,775,25
1424,2007,776,10
1425,2007,777,3
1426,2007,778,8
1427,2007,779,9
1428,2007,780,26
1429,2007,781,10
1430,2007,782,9
1431,2007,783,20
1432,2007,784,3
1433,2007,785,16
1434,2007,786,18
1435,2007,787,2
1436,2007,788,11
1437,2007,789,4
1438,2007,790,31
1439,2007,791,9
1440,2007,792,6
1441,2007,793,11
1442,2007,794,5
1443,2007,795,11
1444,2007,796,2
1445,2007,797,23
1446,2007,798,11
1447,2007,799,4
1448,2007,800,8
1449,2007,801,5
1450,2007,802,5
1451,2007,804,3
1452,2007,805,6
1453,2007,806,8
1454,2007,807,11
1455,2007,808,12
1456,2007,809,1
1457,2007,810,18
1458,2007,811,5
1459,2007,812,5
1460,2007,813,3
1461,2007,814,2
1462,2007,815,4
1463,2007,816,3
1464,2007,820,18
1465,2007,822,8
1466,2007,823,8
1467,2007,824,7
1468,2007,825,2
1469,2007,826,9
1470,2007,827,6
1471,2007,828,4
1472,2007,829,8
1473,2007,830,1
1474,2007,831,3
1475,2007,832,13
1476,2007,833,11
1477,2007,834,10
1478,2007,835,3
1479,2007,836,11
1480,2007,837,3
1481,2007,838,10
1482,2007,840,11
1483,2007,841,5
1484,2007,843,9
1485,2007,844,4
1486,2007,845,5
1487,2007,846,13
1488,2007,847,19
1489,2007,850,5
1490,2007,852,8
1491,2007,853,19
1492,2007,855,1
1493,2007,856,6
1494,2007,857,3
1495,2007,860,11
1496,2007,863,4
1497,2007,864,8
1498,2007,865,2
1499,2007,870,7
1500,2007,871,5
1501,2007,873,4
1502,2007,874,6
1503,2007,875,1
1504,2007,877,6
1505,2007,878,2
1506,2007,879,1
1507,2007,880,10
1508,2007,881,3
1509,2007,882,11
1510,2007,883,8
1511,2007,884,7
1512,2007,890,18
1513,2007,891,6
1514,2007,893,1
1515,2007,894,15
1516,2007,895,2
1517,2007,898,6
1518,2007,900,6
1519,2007,902,4
1520,2007,906,2
1521,2007,907,1
1522,2007,908,4
1523,2007,913,5
1524,2007,917,4
1525,2007,919,4
1526,2007,920,2
1527,2007,921,2
1528,2007,922,16
1529,2007,923,27
1530,2007,925,3
1531,2007,930,2
1532,2007,932,20
1533,2007,933,9
1534,2007,934,4
1535,2007,935,12
1536,2007,936,12
1537,2007,937,7
1538,2007,939,4
1539,2007,940,2
1540,2007,945,6
1541,2007,946,1
1542,2007,948,1
1543,2007,950,4
1544,2007,951,1
1545,2007,952,5
1546,2007,953,14
1547,2007,954,5
1548,2007,955,3
1549,2007,956,2
1550,2007,957,1
1551,2007,958,1
1552,2007,959,6
1553,2007,960,8
1554,2007,961,1
1555,2007,970,6
1556,2007,971,1
1557,2007,972,2
1558,2007,973,4
1559,2007,974,8
1560,2007,975,3
1561,2007,976,4
1562,2007,977,7
1563,2007,978,18
1564,2007,979,3
1565,2007,980,5
1566,2007,981,3
1567,2007,982,7
1568,2007,984,2
1569,2007,985,5
1570,2007,986,3
1571,2007,988,8
1572,2007,989,9
1573,2007,990,1
1574,2007,991,2
1575,2007,992,5
1576,2007,993,9
1577,2007,995,3
1578,2007,996,1
1579,2007,997,8
1580,2007,998,1
1581,2008,010,6
1582,2008,011,2
1583,2008,012,4
1584,2008,014,5
1585,2008,015,7
1586,2008,017,2
1587,2008,018,5
1588,2008,019,2
1589,2008,020,2
1590,2008,021,3
1591,2008,023,3
1592,2008,027,3
1593,2008,028,1
1594,2008,029,1
1595,2008,030,8
1596,2008,031,3
1597,2008,032,2
1598,2008,033,4
1599,2008,034,4
1600,2008,035,5
1601,2008,037,3
1602,2008,038,8
1603,2008,039,1
1604,2008,040,1
1605,2008,041,2
1606,2008,042,6
1607,2008,043,2
1608,2008,044,3
1609,2008,046,4
1610,2008,047,6
1611,2008,048,1
1612,2008,049,6
1613,2008,050,1
1614,2008,051,2
1615,2008,053,2
1616,2008,054,10
1617,2008,056,3
1618,2008,057,4
1619,2008,058,3
1620,2008,060,1
1621,2008,061,1
1622,2008,062,1
1623,2008,063,2
1624,2008,064,9
1625,2008,066,1
1626,2008,067,1
1627,2008,068,1
1628,2008,070,16
1629,2008,071,2
1630,2008,072,6
1631,2008,073,4
1632,2008,074,8
1633,2008,075,1
1634,2008,076,4
1635,2008,077,4
1636,2008,078,8
1637,2008,080,20
1638,2008,081,1
1639,2008,083,3
1640,2008,085,8
1641,2008,086,5
1642,2008,087,1
1643,2008,088,16
1644,2008,089,2
1645,2008,105,1
1646,2008,109,1
1647,2008,111,2
1648,2008,114,1
1649,2008,117,1
1650,2008,120,10
1651,2008,121,2
1652,2008,122,1
1653,2008,123,2
1654,2008,124,1
1655,2008,125,5
1656,2008,127,2
1657,2008,128,9
1658,2008,129,8
1659,2008,130,9
1660,2008,131,11
1661,2008,132,2
1662,2008,133,4
1663,2008,134,5
1664,2008,135,1
1665,2008,136,8
1666,2008,137,3
1667,2008,138,7
1668,2008,139,2
1669,2008,140,11
1670,2008,142,1
1671,2008,143,1
1672,2008,144,11
1673,2008,145,4
1674,2008,146,2
1675,2008,147,6
1676,2008,148,6
1677,2008,150,4
1678,2008,151,4
1679,2008,152,3
1680,2008,153,5
1681,2008,154,3
1682,2008,155,10
1683,2008,156,3
1684,2008,157,1
1685,2008,158,4
1686,2008,159,2
1687,2008,160,5
1688,2008,161,3
1689,2008,162,1
1690,2008,163,5
1691,2008,164,6
1692,2008,165,4
1693,2008,166,5
1694,2008,168,9
1695,2008,169,5
1696,2008,170,24
1697,2008,171,5
1698,2008,172,6
1699,2008,173,8
1700,2008,175,7
1701,2008,177,7
1702,2008,178,5
1703,2008,179,6
1704,2008,180,2
1705,2008,182,5
1706,2008,183,2
1707,2008,184,6
1708,2008,186,8
1709,2008,187,2
1710,2008,188,9
1711,2008,190,10
1712,2008,194,2
1713,2008,195,11
1714,2008,197,7
1715,2008,199,8
1716,2008,201,3
1717,2008,206,3
1718,2008,207,8
1719,2008,210,4
1720,2008,211,3
1721,2008,212,3
1722,2008,215,2
1723,2008,216,4
1724,2008,217,8
1725,2008,218,3
1726,2008,219,4
1727,2008,224,2
1728,2008,225,5
1729,2008,226,7
1730,2008,228,3
1731,2008,229,3
1732,2008,230,7
1733,2008,231,5
1734,2008,232,1
1735,2008,233,4
1736,2008,234,8
1737,2008,235,1
1738,2008,236,2
1739,2008,237,1
1740,2008,238,19
1741,2008,239,7
1742,2008,240,9
1743,2008,241,10
1744,2008,242,7
1745,2008,243,19
1746,2008,244,10
1747,2008,245,19
1748,2008,246,1
1749,2008,249,2
1750,2008,250,2
1751,2008,251,3
1752,2008,252,3
1753,2008,253,2
1754,2008,254,1
1755,2008,255,2
1756,2008,257,1
1757,2008,258,3
1758,2008,260,2
1759,2008,261,2
1760,2008,263,2
1761,2008,264,2
1762,2008,265,4
1763,2008,266,5
1764,2008,267,2
1765,2008,270,6
1766,2008,271,2
1767,2008,272,17
1768,2008,273,15
1769,2008,274,2
1770,2008,275,20
1771,2008,276,6
1772,2008,277,3
1773,2008,278,15
1774,2008,279,6
1775,2008,280,6
1776,2008,281,14
1777,2008,282,5
1778,2008,283,29
1779,2008,284,10
1780,2008,285,12
1781,2008,286,19
1782,2008,287,15
1783,2008,289,2
1784,2008,290,24
1785,2008,291,24
1786,2008,292,8
1787,2008,293,20
1788,2008,294,27
1789,2008,295,17
1790,2008,296,15
1791,2008,297,17
1792,2008,298,10
1793,2008,299,4
1794,2008,300,7
1795,2008,301,23
1796,2008,302,27
1797,2008,303,7
1798,2008,304,15
1799,2008,305,16
1800,2008,306,14
1801,2008,307,19
1802,2008,308,7
1803,2008,309,8
1804,2008,310,29
1805,2008,312,4
1806,2008,313,7
1807,2008,314,7
1808,2008,315,25
1809,2008,316,15
1810,2008,317,25
1811,2008,318,4
1812,2008,319,4
1813,2008,320,14
1814,2008,321,4
1815,2008,322,11
1816,2008,323,9
1817,2008,324,13
1818,2008,325,4
1819,2008,326,4
1820,2008,327,8
1821,2008,328,3
1822,2008,329,6
1823,2008,330,8
1824,2008,331,5
1825,2008,333,4
1826,2008,334,4
1827,2008,335,8
1828,2008,336,9
1829,2008,337,3
1830,2008,338,12
1831,2008,339,7
1832,2008,341,1
1833,2008,342,2
1834,2008,344,5
1835,2008,346,1
1836,2008,347,13
1837,2008,349,8
1838,2008,350,24
1839,2008,351,11
1840,2008,352,4
1841,2008,354,15
1842,2008,355,12
1843,2008,356,16
1844,2008,357,4
1845,2008,358,1
1846,2008,359,11
1847,2008,360,13
1848,2008,361,2
1849,2008,362,8
1850,2008,363,21
1851,2008,364,20
1852,2008,365,18
1853,2008,366,2
1854,2008,367,12
1855,2008,368,7
1856,2008,369,4
1857,2008,370,20
1858,2008,371,5
1859,2008,372,4
1860,2008,373,15
1861,2008,374,7
1862,2008,376,4
1863,2008,377,10
1864,2008,378,12
1865,2008,379,12
1866,2008,380,13
1867,2008,381,10
1868,2008,382,3
1869,2008,383,21
1870,2008,384,7
1871,2008,385,7
1872,2008,386,22
1873,2008,387,6
1874,2008,388,22
1875,2008,389,7
1876,2008,390,8
1877,2008,391,18
1878,2008,392,8
1879,2008,393,21
1880,2008,394,33
1881,2008,395,14
1882,2008,396,8
1883,2008,397,9
1884,2008,398,10
1885,2008,400,8
1886,2008,401,5
1887,2008,402,2
1888,2008,403,10
1889,2008,404,7
1890,2008,405,3
1891,2008,407,8
1892,2008,409,5
1893,2008,410,12
1894,2008,411,14
1895,2008,412,1
1896,2008,413,2
1897,2008,414,1
1898,2008,416,2
1899,2008,418,1
1900,2008,420,12
1901,2008,421,8
1902,2008,422,6
1903,2008,423,6
1904,2008,424,3
1905,2008,425,3
1906,2008,426,1
1907,2008,427,7
1908,2008,430,10
1909,2008,431,12
1910,2008,432,2
1911,2008,433,9
1912,2008,434,12
1913,2008,435,17
1914,2008,436,5
1915,2008,437,9
1916,2008,438,2
1917,2008,439,2
1918,2008,440,8
1919,2008,441,6
1920,2008,442,12
1921,2008,443,1
1922,2008,444,13
1923,2008,445,3
1924,2008,446,6
1925,2008,447,3
1926,2008,448,11
1927,2008,449,1
1928,2008,450,6
1929,2008,451,5
1930,2008,452,4
1931,2008,453,9
1932,2008,454,1
1933,2008,455,1
1934,2008,456,11
1935,2008,457,6
1936,2008,458,17
1937,2008,460,6
1938,2008,461,12
1939,2008,462,4
1940,2008,463,23
1941,2008,464,11
1942,2008,465,14
1943,2008,466,3
1944,2008,467,18
1945,2008,468,4
1946,2008,469,10
1947,2008,470,2
1948,2008,471,6
1949,2008,472,4
1950,2008,473,12
1951,2008,474,6
1952,2008,475,5
1953,2008,476,8
1954,2008,477,1
1955,2008,478,6
1956,2008,479,13
1957,2008,480,19
1958,2008,481,26
1959,2008,482,7
1960,2008,484,16
1961,2008,485,4
1962,2008,486,17
1963,2008,487,8
1964,2008,488,19
1965,2008,489,1
1966,2008,490,31
1967,2008,491,6
1968,2008,492,9
1969,2008,493,16
1970,2008,494,3
1971,2008,495,5
1972,2008,496,12
1973,2008,497,14
1974,2008,498,23
1975,2008,499,16
1976,2008,500,12
1977,2008,501,6
1978,2008,502,9
1979,2008,503,4
1980,2008,504,4
1981,2008,505,7
1982,2008,506,7
1983,2008,507,5
1984,2008,510,2
1985,2008,511,2
1986,2008,512,2
1987,2008,513,3
1988,2008,514,3
1989,2008,515,12
1990,2008,516,3
1991,2008,520,11
1992,2008,521,5
1993,2008,522,9
1994,2008,523,7
1995,2008,524,2
1996,2008,525,8
1997,2008,526,8
1998,2008,527,13
1999,2008,528,1
2000,2008,530,27
2001,2008,531,19
2002,2008,532,2
2003,2008,535,30
2004,2008,538,4
2005,2008,539,17
2006,2008,540,5
2007,2008,541,23
2008,2008,542,5
2009,2008,543,3
2010,2008,544,29
2011,2008,545,16
2012,2008,546,24
2013,2008,547,13
2014,2008,548,12
2015,2008,549,28
2016,2008,550,16
2017,2008,551,4
2018,2008,553,16
2019,2008,554,4
2020,2008,556,1
2021,2008,557,12
2022,2008,558,2
2023,2008,559,8
2024,2008,560,15
2025,2008,561,8
2026,2008,562,17
2027,2008,563,16
2028,2008,564,3
2029,2008,565,7
2030,2008,566,9
2031,2008,567,5
2032,2008,570,18
2033,2008,571,7
2034,2008,572,8
2035,2008,573,13
2036,2008,574,4
2037,2008,575,14
2038,2008,576,2
2039,2008,577,12
2040,2008,580,10
2041,2008,581,4
2042,2008,582,6
2043,2008,583,5
2044,2008,584,7
2045,2008,585,6
2046,2008,586,6
2047,2008,587,4
2048,2008,588,3
2049,2008,590,10
2050,2008,591,2
2051,2008,592,3
2052,2008,593,5
2053,2008,594,7
2054,2008,595,4
2055,2008,596,3
2056,2008,597,9
2057,2008,598,12
2058,2008,599,7
2059,2008,600,8
2060,2008,601,8
2061,2008,604,17
2062,2008,605,6
2063,2008,606,6
2064,2008,608,2
2065,2008,609,5
2066,2008,610,16
2067,2008,611,5
2068,2008,612,4
2069,2008,613,11
2070,2008,614,7
2071,2008,615,4
2072,2008,616,3
2073,2008,617,15
2074,2008,618,7
2075,2008,619,3
2076,2008,620,4
2077,2008,622,10
2078,2008,623,4
2079,2008,624,11
2080,2008,625,6
2081,2008,626,10
2082,2008,627,2
2083,2008,628,10
2084,2008,629,5
2085,2008,630,13
2086,2008,631,9
2087,2008,633,12
2088,2008,634,8
2089,2008,635,3
2090,2008,636,3
2091,2008,637,6
2092,2008,638,15
2093,2008,639,3
2094,2008,640,18
2095,2008,641,5
2096,2008,644,18
2097,2008,645,5
2098,2008,646,4
2099,2008,647,12
2100,2008,648,16
2101,2008,650,1
2102,2008,652,12
2103,2008,653,3
2104,2008,654,2
2105,2008,655,5
2106,2008,656,6
2107,2008,657,12
2108,2008,658,3
2109,2008,660,5
2110,2008,661,6
2111,2008,664,4
2112,2008,665,10
2113,2008,666,1
2114,2008,667,9
2115,2008,668,10
2116,2008,669,5
2117,2008,670,7
2118,2008,671,10
2119,2008,672,4
2120,2008,673,4
2121,2008,674,13
2122,2008,675,7
2123,2008,676,12
2124,2008,677,11
2125,2008,678,22
2126,2008,679,2
2127,2008,680,6
2128,2008,681,2
2129,2008,683,9
2130,2008,684,8
2131,2008,685,2
2132,2008,686,8
2133,2008,687,10
2134,2008,688,18
2135,2008,689,5
2136,2008,690,2
2137,2008,691,14
2138,2008,692,3
2139,2008,693,9
2140,2008,700,14
2141,2008,701,7
2142,2008,703,20
2143,2008,704,17
2144,2008,705,37
2145,2008,706,21
2146,2008,707,26
2147,2008,708,2
2148,2008,710,24
2149,2008,711,5
2150,2008,712,19
2151,2008,713,11
2152,2008,714,17
2153,2008,716,11
2154,2008,717,12
2155,2008,718,12
2156,2008,719,5
2157,2008,720,19
2158,2008,721,14
2159,2008,722,4
2160,2008,723,20
2161,2008,724,6
2162,2008,725,2
2163,2008,726,6
2164,2008,727,8
2165,2008,728,8
2166,2008,729,11
2167,2008,730,23
2168,2008,731,15
2169,2008,734,7
2170,2008,735,6
2171,2008,736,10
2172,2008,737,8
2173,2008,738,3
2174,2008,739,9
2175,2008,740,17
2176,2008,741,4
2177,2008,743,9
2178,2008,744,12
2179,2008,745,11
2180,2008,746,4
2181,2008,747,11
2182,2008,748,7
2183,2008,749,12
2184,2008,750,9
2185,2008,751,25
2186,2008,752,8
2187,2008,754,16
2188,2008,755,9
2189,2008,756,10
2190,2008,757,11
2191,2008,758,12
2192,2008,759,22
2193,2008,760,17
2194,2008,761,5
2195,2008,762,18
2196,2008,763,9
2197,2008,764,6
2198,2008,765,13
2199,2008,766,10
2200,2008,767,3
2201,2008,768,10
2202,2008,769,9
2203,2008,770,34
2204,2008,773,20
2205,2008,774,21
2206,2008,775,21
2207,2008,776,10
2208,2008,777,2
2209,2008,778,7
2210,2008,779,9
2211,2008,780,26
2212,2008,781,9
2213,2008,782,10
2214,2008,783,21
2215,2008,784,3
2216,2008,785,16
2217,2008,786,18
2218,2008,787,2
2219,2008,788,10
2220,2008,789,3
2221,2008,790,29
2222,2008,791,8
2223,2008,792,5
2224,2008,793,11
2225,2008,794,5
2226,2008,795,11
2227,2008,796,2
2228,2008,797,22
2229,2008,798,10
2230,2008,799,4
2231,2008,800,8
2232,2008,801,5
2233,2008,802,5
2234,2008,804,3
2235,2008,805,6
2236,2008,806,8
2237,2008,807,11
2238,2008,808,12
2239,2008,809,1
2240,2008,810,18
2241,2008,811,5
2242,2008,812,5
2243,2008,813,3
2244,2008,814,2
2245,2008,815,4
2246,2008,816,3
2247,2008,820,17
2248,2008,822,8
2249,2008,823,8
2250,2008,824,6
2251,2008,825,1
2252,2008,826,9
2253,2008,827,6
2254,2008,828,4
2255,2008,829,8
2256,2008,830,1
2257,2008,831,3
2258,2008,832,11
2259,2008,833,11
2260,2008,834,9
2261,2008,835,3
2262,2008,836,10
2263,2008,837,3
2264,2008,838,10
2265,2008,840,12
2266,2008,841,6
2267,2008,843,10
2268,2008,844,4
2269,2008,845,5
2270,2008,846,13
2271,2008,847,18
2272,2008,850,5
2273,2008,852,8
2274,2008,853,20
2275,2008,855,1
2276,2008,856,6
2277,2008,857,3
2278,2008,860,12
2279,2008,863,4
2280,2008,864,8
2281,2008,865,2
2282,2008,870,7
2283,2008,871,5
2284,2008,873,4
2285,2008,874,6
2286,2008,875,1
2287,2008,877,6
2288,2008,878,2
2289,2008,879,1
2290,2008,880,11
2291,2008,881,3
2292,2008,882,11
2293,2008,883,9
2294,2008,884,7
2295,2008,890,17
2296,2008,891,5
2297,2008,893,1
2298,2008,894,14
2299,2008,895,2
2300,2008,898,6
2301,2008,900,6
2302,2008,902,4
2303,2008,906,2
2304,2008,907,1
2305,2008,908,4
2306,2008,913,5
2307,2008,917,4
2308,2008,919,3
2309,2008,920,2
2310,2008,921,2
2311,2008,922,14
2312,2008,923,23
2313,2008,925,3
2314,2008,930,1
2315,2008,932,20
2316,2008,933,9
2317,2008,934,4
2318,2008,935,13
2319,2008,936,11
2320,2008,937,7
2321,2008,939,4
2322,2008,940,2
2323,2008,945,6
2324,2008,946,1
2325,2008,948,1
2326,2008,950,4
2327,2008,951,1
2328,2008,952,6
2329,2008,953,15
2330,2008,954,5
2331,2008,955,3
2332,2008,956,3
2333,2008,957,1
2334,2008,958,1
2335,2008,959,5
2336,2008,960,9
2337,2008,961,1
2338,2008,970,6
2339,2008,971,1
2340,2008,972,2
2341,2008,973,4
2342,2008,974,8
2343,2008,975,3
2344,2008,976,4
2345,2008,977,7
2346,2008,978,17
2347,2008,979,4
2348,2008,980,4
2349,2008,981,3
2350,2008,982,7
2351,2008,984,3
2352,2008,985,6
2353,2008,986,3
2354,2008,988,8
2355,2008,989,10
2356,2008,990,1
2357,2008,991,1
2358,2008,992,5
2359,2008,993,8
2360,2008,995,4
2361,2008,996,1
2362,2008,997,9
2363,2008,998,1
2364,2014,010,7
2365,2014,011,2
2366,2014,012,2
2367,2014,014,1
2368,2014,015,11
2369,2014,016,1
2370,2014,017,2
2371,2014,018,5
2372,2014,019,2
2373,2014,020,2
2374,2014,021,2
2375,2014,023,3
2376,2014,024,1
2377,2014,027,1
2378,2014,028,2
2379,2014,029,3
2380,2014,030,10
2381,2014,031,3
2382,2014,032,1
2383,2014,033,2
2384,2014,034,3
2385,2014,037,3
2386,2014,038,7
2387,2014,039,1
2388,2014,040,5
2389,2014,041,2
2390,2014,042,5
2391,2014,043,3
2392,2014,044,3
2393,2014,046,4
2394,2014,047,4
2395,2014,048,1
2396,2014,049,6
2397,2014,050,1
2398,2014,051,2
2399,2014,053,3
2400,2014,054,9
2401,2014,056,3
2402,2014,057,5
2403,2014,058,3
2404,2014,061,2
2405,2014,062,1
2406,2014,063,4
2407,2014,064,10
2408,2014,068,3
2409,2014,070,15
2410,2014,071,3
2411,2014,072,5
2412,2014,073,4
2413,2014,074,7
2414,2014,076,4
2415,2014,077,2
2416,2014,078,11
2417,2014,080,22
2418,2014,081,1
2419,2014,082,3
2420,2014,083,3
2421,2014,085,8
2422,2014,086,5
2423,2014,087,1
2424,2014,088,15
2425,2014,089,3
2426,2014,105,1
2427,2014,109,2
2428,2014,114,1
2429,2014,117,1
2430,2014,120,12
2431,2014,121,1
2432,2014,122,1
2433,2014,123,2
2434,2014,124,3
2435,2014,125,6
2436,2014,128,8
2437,2014,129,9
2438,2014,130,13
2439,2014,131,13
2440,2014,132,2
2441,2014,133,4
2442,2014,134,5
2443,2014,135,1
2444,2014,136,8
2445,2014,137,4
2446,2014,138,7
2447,2014,139,2
2448,2014,140,13
2449,2014,141,4
2450,2014,142,2
2451,2014,143,1
2452,2014,144,10
2453,2014,145,5
2454,2014,146,2
2455,2014,147,6
2456,2014,148,6
2457,2014,150,5
2458,2014,151,2
2459,2014,152,1
2460,2014,153,5
2461,2014,154,4
2462,2014,155,12
2463,2014,156,3
2464,2014,157,2
2465,2014,158,4
2466,2014,159,3
2467,2014,160,7
2468,2014,161,4
2469,2014,163,5
2470,2014,164,5
2471,2014,165,3
2472,2014,166,8
2473,2014,167,1
2474,2014,168,11
2475,2014,169,7
2476,2014,170,21
2477,2014,171,4
2478,2014,172,5
2479,2014,173,6
2480,2014,174,1
2481,2014,175,7
2482,2014,177,9
2483,2014,178,5
2484,2014,179,5
2485,2014,180,3
2486,2014,181,2
2487,2014,182,5
2488,2014,184,9
2489,2014,186,8
2490,2014,187,2
2491,2014,188,10
2492,2014,189,2
2493,2014,190,10
2494,2014,191,1
2495,2014,193,1
2496,2014,194,3
2497,2014,195,12
2498,2014,196,1
2499,2014,197,8
2500,2014,199,9
2501,2014,201,2
2502,2014,206,3
2503,2014,207,4
2504,2014,208,1
2505,2014,210,4
2506,2014,211,3
2507,2014,212,5
2508,2014,215,4
2509,2014,216,7
2510,2014,217,9
2511,2014,218,3
2512,2014,219,5
2513,2014,224,2
2514,2014,225,5
2515,2014,226,7
2516,2014,227,1
2517,2014,228,4
2518,2014,229,3
2519,2014,230,8
2520,2014,231,3
2521,2014,233,4
2522,2014,234,8
2523,2014,235,1
2524,2014,236,1
2525,2014,237,1
2526,2014,238,20
2527,2014,239,8
2528,2014,240,7
2529,2014,241,11
2530,2014,242,7
2531,2014,243,19
2532,2014,244,10
2533,2014,245,18
2534,2014,246,1
2535,2014,249,2
2536,2014,250,1
2537,2014,251,3
2538,2014,252,3
2539,2014,253,2
2540,2014,254,1
2541,2014,255,2
2542,2014,257,1
2543,2014,258,3
2544,2014,260,2
2545,2014,261,3
2546,2014,263,1
2547,2014,264,2
2548,2014,265,5
2549,2014,266,5
2550,2014,267,1
2551,2014,270,3
2552,2014,271,2
2553,2014,272,21
2554,2014,273,15
2555,2014,274,3
2556,2014,275,21
2557,2014,276,2
2558,2014,277,3
2559,2014,278,23
2560,2014,279,9
2561,2014,280,5
2562,2014,281,11
2563,2014,282,5
2564,2014,283,27
2565,2014,284,14
2566,2014,285,13
2567,2014,286,17
2568,2014,287,11
2569,2014,289,1
2570,2014,290,22
2571,2014,291,24
2572,2014,292,6
2573,2014,293,22
2574,2014,294,31
2575,2014,295,28
2576,2014,296,16
2577,2014,297,17
2578,2014,298,10
2579,2014,299,5
2580,2014,300,6
2581,2014,301,27
2582,2014,302,27
2583,2014,303,7
2584,2014,304,15
2585,2014,305,18
2586,2014,306,15
2587,2014,307,18
2588,2014,308,6
2589,2014,309,7
2590,2014,310,24
2591,2014,312,4
2592,2014,313,6
2593,2014,314,5
2594,2014,315,29
2595,2014,316,15
2596,2014,317,24
2597,2014,318,6
2598,2014,319,3
2599,2014,320,18
2600,2014,321,3
2601,2014,322,9
2602,2014,323,8
2603,2014,324,10
2604,2014,325,3
2605,2014,326,5
2606,2014,327,5
2607,2014,328,3
2608,2014,329,6
2609,2014,330,7
2610,2014,331,5
2611,2014,333,4
2612,2014,334,6
2613,2014,335,8
2614,2014,336,7
2615,2014,337,3
2616,2014,338,15
2617,2014,339,4
2618,2014,341,1
2619,2014,342,3
2620,2014,344,5
2621,2014,346,2
2622,2014,347,14
2623,2014,349,7
2624,2014,350,23
2625,2014,351,11
2626,2014,352,3
2627,2014,354,14
2628,2014,355,11
2629,2014,356,16
2630,2014,357,4
2631,2014,358,1
2632,2014,359,10
2633,2014,360,16
2634,2014,361,2
2635,2014,362,5
2636,2014,363,19
2637,2014,364,17
2638,2014,365,20
2639,2014,366,3
2640,2014,367,10
2641,2014,368,8
2642,2014,369,3
2643,2014,370,21
2644,2014,371,6
2645,2014,372,5
2646,2014,373,19
2647,2014,374,7
2648,2014,376,4
2649,2014,377,11
2650,2014,378,10
2651,2014,379,12
2652,2014,380,10
2653,2014,381,9
2654,2014,382,3
2655,2014,383,24
2656,2014,384,5
2657,2014,385,8
2658,2014,386,22
2659,2014,387,4
2660,2014,388,22
2661,2014,389,8
2662,2014,390,9
2663,2014,391,16
2664,2014,392,7
2665,2014,393,19
2666,2014,394,27
2667,2014,395,11
2668,2014,396,7
2669,2014,397,10
2670,2014,398,10
2671,2014,400,8
2672,2014,401,7
2673,2014,402,2
2674,2014,403,11
2675,2014,404,6
2676,2014,405,1
2677,2014,406,1
2678,2014,407,6
2679,2014,409,5
2680,2014,410,13
2681,2014,411,14
2682,2014,412,1
2683,2014,413,1
2684,2014,416,2
2685,2014,418,1
2686,2014,420,9
2687,2014,421,9
2688,2014,422,6
2689,2014,423,5
2690,2014,424,5
2691,2014,425,2
2692,2014,426,2
2693,2014,427,7
2694,2014,430,10
2695,2014,431,11
2696,2014,432,5
2697,2014,433,9
2698,2014,434,16
2699,2014,435,17
2700,2014,436,6
2701,2014,437,10
2702,2014,438,2
2703,2014,439,3
2704,2014,440,14
2705,2014,441,6
2706,2014,442,12
2707,2014,443,1
2708,2014,444,11
2709,2014,445,3
2710,2014,446,6
2711,2014,447,3
2712,2014,448,13
2713,2014,449,2
2714,2014,450,4
2715,2014,451,8
2716,2014,452,2
2717,2014,453,10
2718,2014,454,1
2719,2014,456,11
2720,2014,457,5
2721,2014,458,17
2722,2014,460,8
2723,2014,461,16
2724,2014,462,4
2725,2014,463,24
2726,2014,464,11
2727,2014,465,14
2728,2014,466,3
2729,2014,467,19
2730,2014,468,4
2731,2014,469,13
2732,2014,470,2
2733,2014,471,6
2734,2014,472,4
2735,2014,473,15
2736,2014,474,7
2737,2014,475,6
2738,2014,476,6
2739,2014,477,2
2740,2014,478,6
2741,2014,479,14
2742,2014,480,20
2743,2014,481,26
2744,2014,482,9
2745,2014,484,19
2746,2014,485,3
2747,2014,486,17
2748,2014,487,5
2749,2014,488,17
2750,2014,490,28
2751,2014,491,5
2752,2014,492,7
2753,2014,493,16
2754,2014,494,7
2755,2014,495,3
2756,2014,496,14
2757,2014,497,12
2758,2014,498,21
2759,2014,499,16
2760,2014,500,13
2761,2014,501,5
2762,2014,502,11
2763,2014,503,4
2764,2014,504,4
2765,2014,505,7
2766,2014,506,10
2767,2014,507,4
2768,2014,510,5
2769,2014,511,3
2770,2014,512,3
2771,2014,513,3
2772,2014,514,4
2773,2014,515,12
2774,2014,516,2
2775,2014,520,11
2776,2014,521,7
2777,2014,522,8
2778,2014,523,9
2779,2014,524,2
2780,2014,525,9
2781,2014,526,8
2782,2014,527,15
2783,2014,528,2
2784,2014,530,30
2785,2014,531,18
2786,2014,532,2
2787,2014,535,27
2788,2014,538,5
2789,2014,539,15
2790,2014,540,8
2791,2014,541,26
2792,2014,542,4
2793,2014,543,4
2794,2014,544,28
2795,2014,545,14
2796,2014,546,28
2797,2014,547,14
2798,2014,548,13
2799,2014,549,30
2800,2014,550,15
2801,2014,551,3
2802,2014,553,16
2803,2014,554,2
2804,2014,556,1
2805,2014,557,13
2806,2014,558,3
2807,2014,559,11
2808,2014,560,13
2809,2014,561,11
2810,2014,562,15
2811,2014,563,19
2812,2014,564,4
2813,2014,565,9
2814,2014,566,9
2815,2014,567,6
2816,2014,570,20
2817,2014,571,7
2818,2014,572,8
2819,2014,573,13
2820,2014,574,4
2821,2014,575,13
2822,2014,576,2
2823,2014,577,14
2824,2014,580,11
2825,2014,581,5
2826,2014,582,6
2827,2014,583,6
2828,2014,584,7
2829,2014,585,6
2830,2014,586,7
2831,2014,587,5
2832,2014,588,7
2833,2014,590,10
2834,2014,591,4
2835,2014,592,3
2836,2014,593,5
2837,2014,594,7
2838,2014,595,3
2839,2014,596,2
2840,2014,597,9
2841,2014,598,13
2842,2014,599,7
2843,2014,600,11
2844,2014,601,10
2845,2014,604,22
2846,2014,605,9
2847,2014,606,5
2848,2014,608,2
2849,2014,609,7
2850,2014,610,20
2851,2014,611,4
2852,2014,612,4
2853,2014,613,12
2854,2014,614,5
2855,2014,615,4
2856,2014,616,3
2857,2014,617,17
2858,2014,618,9
2859,2014,619,2
2860,2014,620,4
2861,2014,622,9
2862,2014,623,4
2863,2014,624,13
2864,2014,625,5
2865,2014,626,9
2866,2014,627,2
2867,2014,628,10
2868,2014,629,3
2869,2014,630,11
2870,2014,631,9
2871,2014,633,12
2872,2014,634,9
2873,2014,635,1
2874,2014,636,4
2875,2014,637,7
2876,2014,638,15
2877,2014,639,4
2878,2014,640,16
2879,2014,641,5
2880,2014,644,18
2881,2014,645,5
2882,2014,646,5
2883,2014,647,12
2884,2014,648,15
2885,2014,650,2
2886,2014,652,12
2887,2014,653,4
2888,2014,654,2
2889,2014,655,4
2890,2014,656,5
2891,2014,657,12
2892,2014,658,3
2893,2014,660,6
2894,2014,661,5
2895,2014,664,3
2896,2014,665,8
2897,2014,666,1
2898,2014,667,8
2899,2014,668,9
2900,2014,669,2
2901,2014,670,7
2902,2014,671,10
2903,2014,672,3
2904,2014,673,4
2905,2014,674,11
2906,2014,675,6
2907,2014,676,10
2908,2014,677,12
2909,2014,678,18
2910,2014,679,2
2911,2014,680,4
2912,2014,681,1
2913,2014,683,10
2914,2014,684,8
2915,2014,685,3
2916,2014,686,8
2917,2014,687,8
2918,2014,688,21
2919,2014,689,5
2920,2014,690,2
2921,2014,691,14
2922,2014,692,4
2923,2014,693,8
2924,2014,700,16
2925,2014,701,10
2926,2014,703,27
2927,2014,704,22
2928,2014,705,38
2929,2014,706,20
2930,2014,707,29
2931,2014,708,3
2932,2014,710,29
2933,2014,711,8
2934,2014,712,19
2935,2014,713,12
2936,2014,714,15
2937,2014,716,10
2938,2014,717,12
2939,2014,718,10
2940,2014,719,6
2941,2014,720,19
2942,2014,721,18
2943,2014,722,4
2944,2014,723,19
2945,2014,724,6
2946,2014,725,5
2947,2014,726,4
2948,2014,727,7
2949,2014,728,7
2950,2014,729,11
2951,2014,730,24
2952,2014,731,15
2953,2014,734,7
2954,2014,735,6
2955,2014,736,11
2956,2014,737,10
2957,2014,738,2
2958,2014,739,6
2959,2014,740,17
2960,2014,741,4
2961,2014,743,7
2962,2014,744,14
2963,2014,745,9
2964,2014,746,6
2965,2014,747,10
2966,2014,748,8
2967,2014,749,12
2968,2014,750,7
2969,2014,751,26
2970,2014,752,9
2971,2014,754,12
2972,2014,755,11
2973,2014,756,15
2974,2014,757,12
2975,2014,758,10
2976,2014,759,26
2977,2014,760,19
2978,2014,761,8
2979,2014,762,16
2980,2014,763,9
2981,2014,764,5
2982,2014,765,11
2983,2014,766,12
2984,2014,767,4
2985,2014,768,9
2986,2014,769,8
2987,2014,770,35
2988,2014,773,17
2989,2014,774,21
2990,2014,775,26
2991,2014,776,9
2992,2014,777,3
2993,2014,778,10
2994,2014,779,8
2995,2014,780,31
2996,2014,781,15
2997,2014,782,9
2998,2014,783,30
2999,2014,784,4
3000,2014,785,23
3001,2014,786,20
3002,2014,787,2
3003,2014,788,10
3004,2014,789,6
3005,2014,790,26
3006,2014,791,8
3007,2014,792,4
3008,2014,793,8
3009,2014,794,5
3010,2014,795,11
3011,2014,796,3
3012,2014,797,26
3013,2014,798,12
3014,2014,799,4
3015,2014,800,4
3016,2014,801,6
3017,2014,802,2
3018,2014,804,3
3019,2014,805,6
3020,2014,806,9
3021,2014,807,10
3022,2014,808,12
3023,2014,810,12
3024,2014,811,4
3025,2014,812,3
3026,2014,813,2
3027,2014,814,2
3028,2014,815,4
3029,2014,816,5
3030,2014,820,16
3031,2014,822,8
3032,2014,823,8
3033,2014,824,5
3034,2014,825,2
3035,2014,826,8
3036,2014,827,8
3037,2014,828,2
3038,2014,829,9
3039,2014,830,1
3040,2014,831,3
3041,2014,832,14
3042,2014,833,9
3043,2014,834,8
3044,2014,835,4
3045,2014,836,10
3046,2014,837,3
3047,2014,838,8
3048,2014,840,16
3049,2014,841,6
3050,2014,843,11
3051,2014,844,4
3052,2014,845,7
3053,2014,846,12
3054,2014,847,16
3055,2014,850,7
3056,2014,851,7
3057,2014,852,2
3058,2014,853,19
3059,2014,855,1
3060,2014,856,7
3061,2014,857,3
3062,2014,860,11
3063,2014,863,3
3064,2014,864,9
3065,2014,865,2
3066,2014,870,11
3067,2014,871,5
3068,2014,873,4
3069,2014,874,7
3070,2014,875,1
3071,2014,877,4
3072,2014,878,2
3073,2014,879,1
3074,2014,880,10
3075,2014,881,4
3076,2014,882,11
3077,2014,883,8
3078,2014,884,8
3079,2014,890,14
3080,2014,891,6
3081,2014,893,2
3082,2014,894,16
3083,2014,895,3
3084,2014,898,7
3085,2014,900,8
3086,2014,902,3
3087,2014,906,1
3088,2014,907,1
3089,2014,908,5
3090,2014,913,3
3091,2014,917,3
3092,2014,919,3
3093,2014,920,2
3094,2014,921,3
3095,2014,922,14
3096,2014,923,22
3097,2014,925,5
3098,2014,930,1
3099,2014,932,23
3100,2014,933,8
3101,2014,934,4
3102,2014,935,10
3103,2014,936,10
3104,2014,937,6
3105,2014,939,4
3106,2014,940,1
3107,2014,945,3
3108,2014,946,2
3109,2014,948,1
3110,2014,950,3
3111,2014,951,1
3112,2014,952,5
3113,2014,953,13
3114,2014,954,4
3115,2014,955,1
3116,2014,956,6
3117,2014,957,1
3118,2014,958,1
3119,2014,959,5
3120,2014,960,9
3121,2014,961,1
3122,2014,970,4
3123,2014,971,1
3124,2014,972,1
3125,2014,973,5
3126,2014,974,8
3127,2014,975,3
3128,2014,976,4
3129,2014,977,8
3130,2014,978,17
3131,2014,979,3
3132,2014,980,3
3133,2014,981,1
3134,2014,982,7
3135,2014,983,1
3136,2014,984,3
3137,2014,985,7
3138,2014,986,3
3139,2014,988,8
3140,2014,989,7
3141,2014,990,1
3142,2014,991,2
3143,2014,992,5
3144,2014,993,8
3145,2014,995,4
3146,2014,996,5
3147,2014,997,8
3148,2014,998,1
3149,2015,010,7
3150,2015,011,2
3151,2015,012,2
3152,2015,014,2
3153,2015,015,11
3154,2015,016,1
3155,2015,017,2
3156,2015,018,5
3157,2015,019,2
3158,2015,020,2
3159,2015,021,2
3160,2015,023,3
3161,2015,024,1
3162,2015,027,1
3163,2015,028,2
3164,2015,029,3
3165,2015,030,10
3166,2015,031,3
3167,2015,032,1
3168,2015,033,2
3169,2015,034,2
3170,2015,037,3
3171,2015,038,7
3172,2015,039,1
3173,2015,040,4
3174,2015,041,2
3175,2015,042,5
3176,2015,043,2
3177,2015,044,3
3178,2015,046,4
3179,2015,047,4
3180,2015,048,1
3181,2015,049,6
3182,2015,050,1
3183,2015,051,2
3184,2015,053,2
3185,2015,054,8
3186,2015,056,3
3187,2015,057,5
3188,2015,058,3
3189,2015,061,2
3190,2015,062,1
3191,2015,063,4
3192,2015,064,8
3193,2015,068,1
3194,2015,070,15
3195,2015,071,3
3196,2015,072,5
3197,2015,073,4
3198,2015,074,7
3199,2015,076,4
3200,2015,077,2
3201,2015,078,11
3202,2015,080,22
3203,2015,081,1
3204,2015,082,3
3205,2015,083,3
3206,2015,085,8
3207,2015,086,5
3208,2015,087,1
3209,2015,088,15
3210,2015,089,3
3211,2015,105,1
3212,2015,109,2
3213,2015,114,1
3214,2015,117,1
3215,2015,120,12
3216,2015,121,1
3217,2015,122,1
3218,2015,123,2
3219,2015,124,3
3220,2015,125,6
3221,2015,128,8
3222,2015,129,9
3223,2015,130,13
3224,2015,131,13
3225,2015,132,2
3226,2015,133,4
3227,2015,134,5
3228,2015,135,1
3229,2015,136,8
3230,2015,137,4
3231,2015,138,7
3232,2015,139,2
3233,2015,140,12
3234,2015,141,4
3235,2015,142,1
3236,2015,143,1
3237,2015,144,9
3238,2015,145,5
3239,2015,146,2
3240,2015,147,6
3241,2015,148,6
3242,2015,150,3
3243,2015,151,3
3244,2015,152,1
3245,2015,153,4
3246,2015,154,4
3247,2015,155,12
3248,2015,156,3
3249,2015,157,2
3250,2015,158,4
3251,2015,159,3
3252,2015,160,7
3253,2015,161,4
3254,2015,163,5
3255,2015,164,5
3256,2015,165,3
3257,2015,166,8
3258,2015,167,1
3259,2015,168,11
3260,2015,169,7
3261,2015,170,22
3262,2015,171,4
3263,2015,172,5
3264,2015,173,6
3265,2015,174,1
3266,2015,175,7
3267,2015,177,9
3268,2015,178,5
3269,2015,179,6
3270,2015,180,3
3271,2015,181,2
3272,2015,182,5
3273,2015,184,9
3274,2015,186,8
3275,2015,187,2
3276,2015,188,10
3277,2015,189,2
3278,2015,190,9
3279,2015,191,1
3280,2015,193,1
3281,2015,194,3
3282,2015,195,12
3283,2015,196,1
3284,2015,197,7
3285,2015,199,8
3286,2015,201,2
3287,2015,206,3
3288,2015,207,4
3289,2015,208,1
3290,2015,210,5
3291,2015,211,3
3292,2015,212,5
3293,2015,215,4
3294,2015,216,7
3295,2015,217,9
3296,2015,218,3
3297,2015,219,5
3298,2015,224,2
3299,2015,225,5
3300,2015,226,7
3301,2015,227,1
3302,2015,228,4
3303,2015,229,3
3304,2015,230,7
3305,2015,231,3
3306,2015,233,4
3307,2015,234,8
3308,2015,235,1
3309,2015,236,1
3310,2015,237,1
3311,2015,238,20
3312,2015,239,7
3313,2015,240,6
3314,2015,241,11
3315,2015,242,7
3316,2015,243,19
3317,2015,244,10
3318,2015,245,18
3319,2015,246,1
3320,2015,249,2
3321,2015,250,1
3322,2015,251,3
3323,2015,252,3
3324,2015,253,2
3325,2015,254,1
3326,2015,255,2
3327,2015,257,1
3328,2015,258,3
3329,2015,260,2
3330,2015,261,3
3331,2015,263,1
3332,2015,264,2
3333,2015,265,5
3334,2015,266,5
3335,2015,267,1
3336,2015,270,3
3337,2015,271,2
3338,2015,272,21
3339,2015,273,15
3340,2015,274,2
3341,2015,275,21
3342,2015,276,2
3343,2015,277,3
3344,2015,278,23
3345,2015,279,9
3346,2015,280,5
3347,2015,281,12
3348,2015,282,5
3349,2015,283,27
3350,2015,284,14
3351,2015,285,13
3352,2015,286,17
3353,2015,287,11
3354,2015,289,1
3355,2015,290,23
3356,2015,291,23
3357,2015,292,6
3358,2015,293,22
3359,2015,294,31
3360,2015,295,28
3361,2015,296,14
3362,2015,297,17
3363,2015,298,10
3364,2015,299,5
3365,2015,300,7
3366,2015,301,25
3367,2015,302,27
3368,2015,303,6
3369,2015,304,14
3370,2015,305,18
3371,2015,306,14
3372,2015,307,17
3373,2015,308,6
3374,2015,309,7
3375,2015,310,21
3376,2015,312,4
3377,2015,313,6
3378,2015,314,5
3379,2015,315,30
3380,2015,316,15
3381,2015,317,22
3382,2015,318,6
3383,2015,319,3
3384,2015,320,18
3385,2015,321,3
3386,2015,322,9
3387,2015,323,8
3388,2015,324,10
3389,2015,325,3
3390,2015,326,5
3391,2015,327,5
3392,2015,328,3
3393,2015,329,6
3394,2015,330,7
3395,2015,331,5
3396,2015,333,4
3397,2015,334,6
3398,2015,335,7
3399,2015,336,7
3400,2015,337,3
3401,2015,338,13
3402,2015,339,4
3403,2015,341,1
3404,2015,342,3
3405,2015,344,5
3406,2015,346,2
3407,2015,347,14
3408,2015,349,8
3409,2015,350,26
3410,2015,351,10
3411,2015,352,3
3412,2015,354,13
3413,2015,355,11
3414,2015,356,15
3415,2015,357,4
3416,2015,358,1
3417,2015,359,10
3418,2015,360,15
3419,2015,361,3
3420,2015,362,5
3421,2015,363,20
3422,2015,364,17
3423,2015,365,20
3424,2015,366,2
3425,2015,367,10
3426,2015,368,8
3427,2015,369,3
3428,2015,370,21
3429,2015,371,6
3430,2015,372,5
3431,2015,373,19
3432,2015,374,7
3433,2015,376,4
3434,2015,377,11
3435,2015,378,10
3436,2015,379,12
3437,2015,380,10
3438,2015,381,9
3439,2015,382,3
3440,2015,383,23
3441,2015,384,5
3442,2015,385,8
3443,2015,386,21
3444,2015,387,5
3445,2015,388,22
3446,2015,389,8
3447,2015,390,9
3448,2015,391,16
3449,2015,392,7
3450,2015,393,19
3451,2015,394,27
3452,2015,395,11
3453,2015,396,7
3454,2015,397,8
3455,2015,398,12
3456,2015,400,8
3457,2015,401,6
3458,2015,402,2
3459,2015,403,11
3460,2015,404,6
3461,2015,405,1
3462,2015,406,1
3463,2015,407,7
3464,2015,409,5
3465,2015,410,13
3466,2015,411,13
3467,2015,412,1
3468,2015,413,1
3469,2015,416,2
3470,2015,418,1
3471,2015,420,9
3472,2015,421,9
3473,2015,422,6
3474,2015,423,5
3475,2015,424,4
3476,2015,425,2
3477,2015,426,2
3478,2015,427,7
3479,2015,430,10
3480,2015,431,11
3481,2015,432,5
3482,2015,433,9
3483,2015,434,16
3484,2015,435,17
3485,2015,436,6
3486,2015,437,11
3487,2015,438,2
3488,2015,439,3
3489,2015,440,13
3490,2015,441,6
3491,2015,442,12
3492,2015,443,1
3493,2015,444,11
3494,2015,445,3
3495,2015,446,6
3496,2015,447,3
3497,2015,448,13
3498,2015,449,2
3499,2015,450,4
3500,2015,451,8
3501,2015,452,2
3502,2015,453,10
3503,2015,454,2
3504,2015,456,11
3505,2015,457,5
3506,2015,458,17
3507,2015,460,8
3508,2015,461,16
3509,2015,462,4
3510,2015,463,25
3511,2015,464,11
3512,2015,465,15
3513,2015,466,3
3514,2015,467,19
3515,2015,468,4
3516,2015,469,13
3517,2015,470,2
3518,2015,471,6
3519,2015,472,4
3520,2015,473,15
3521,2015,474,6
3522,2015,475,6
3523,2015,476,6
3524,2015,477,2
3525,2015,478,6
3526,2015,479,14
3527,2015,480,20
3528,2015,481,26
3529,2015,482,7
3530,2015,484,19
3531,2015,485,3
3532,2015,486,16
3533,2015,487,6
3534,2015,488,17
3535,2015,490,28
3536,2015,491,5
3537,2015,492,7
3538,2015,493,16
3539,2015,494,6
3540,2015,495,3
3541,2015,496,14
3542,2015,497,12
3543,2015,498,21
3544,2015,499,16
3545,2015,500,13
3546,2015,501,5
3547,2015,502,11
3548,2015,503,4
3549,2015,504,4
3550,2015,505,6
3551,2015,506,10
3552,2015,507,4
3553,2015,510,5
3554,2015,511,3
3555,2015,512,3
3556,2015,513,3
3557,2015,514,4
3558,2015,515,13
3559,2015,516,2
3560,2015,520,13
3561,2015,521,7
3562,2015,522,9
3563,2015,523,9
3564,2015,524,2
3565,2015,525,8
3566,2015,526,8
3567,2015,527,15
3568,2015,528,2
3569,2015,530,29
3570,2015,531,17
3571,2015,532,2
3572,2015,535,28
3573,2015,538,5
3574,2015,539,15
3575,2015,540,7
3576,2015,541,24
3577,2015,542,4
3578,2015,543,4
3579,2015,544,30
3580,2015,545,14
3581,2015,546,28
3582,2015,547,14
3583,2015,548,12
3584,2015,549,30
3585,2015,550,14
3586,2015,551,3
3587,2015,553,16
3588,2015,554,2
3589,2015,556,1
3590,2015,557,13
3591,2015,558,3
3592,2015,559,11
3593,2015,560,14
3594,2015,561,11
3595,2015,562,15
3596,2015,563,18
3597,2015,564,4
3598,2015,565,7
3599,2015,566,9
3600,2015,567,6
3601,2015,570,20
3602,2015,571,7
3603,2015,572,8
3604,2015,573,13
3605,2015,574,4
3606,2015,575,13
3607,2015,576,2
3608,2015,577,14
3609,2015,580,10
3610,2015,581,5
3611,2015,582,6
3612,2015,583,5
3613,2015,584,7
3614,2015,585,5
3615,2015,586,6
3616,2015,587,5
3617,2015,588,7
3618,2015,590,10
3619,2015,591,4
3620,2015,592,4
3621,2015,593,5
3622,2015,594,7
3623,2015,595,3
3624,2015,596,2
3625,2015,597,10
3626,2015,598,13
3627,2015,599,7
3628,2015,600,11
3629,2015,601,10
3630,2015,604,24
3631,2015,605,9
3632,2015,606,5
3633,2015,608,2
3634,2015,609,7
3635,2015,610,19
3636,2015,611,4
3637,2015,612,4
3638,2015,613,13
3639,2015,614,5
3640,2015,615,4
3641,2015,616,3
3642,2015,617,16
3643,2015,618,9
3644,2015,619,2
3645,2015,620,4
3646,2015,622,9
3647,2015,623,4
3648,2015,624,13
3649,2015,625,5
3650,2015,626,9
3651,2015,627,2
3652,2015,628,10
3653,2015,629,3
3654,2015,630,11
3655,2015,631,9
3656,2015,633,12
3657,2015,634,9
3658,2015,635,1
3659,2015,636,4
3660,2015,637,7
3661,2015,638,15
3662,2015,639,4
3663,2015,640,16
3664,2015,641,5
3665,2015,644,17
3666,2015,645,5
3667,2015,646,5
3668,2015,647,10
3669,2015,648,15
3670,2015,650,2
3671,2015,652,12
3672,2015,653,4
3673,2015,654,2
3674,2015,655,4
3675,2015,656,4
3676,2015,657,12
3677,2015,658,3
3678,2015,660,5
3679,2015,661,5
3680,2015,664,3
3681,2015,665,9
3682,2015,666,1
3683,2015,667,8
3684,2015,668,9
3685,2015,669,2
3686,2015,670,7
3687,2015,671,10
3688,2015,672,3
3689,2015,673,4
3690,2015,674,11
3691,2015,675,6
3692,2015,676,10
3693,2015,677,11
3694,2015,678,18
3695,2015,679,2
3696,2015,680,4
3697,2015,681,1
3698,2015,683,9
3699,2015,684,7
3700,2015,685,3
3701,2015,686,8
3702,2015,687,8
3703,2015,688,21
3704,2015,689,5
3705,2015,690,2
3706,2015,691,14
3707,2015,692,4
3708,2015,693,8
3709,2015,700,16
3710,2015,701,8
3711,2015,703,27
3712,2015,704,22
3713,2015,705,40
3714,2015,706,20
3715,2015,707,30
3716,2015,708,3
3717,2015,710,29
3718,2015,711,8
3719,2015,712,21
3720,2015,713,12
3721,2015,714,16
3722,2015,716,10
3723,2015,717,11
3724,2015,718,10
3725,2015,719,6
3726,2015,720,20
3727,2015,721,19
3728,2015,722,4
3729,2015,723,19
3730,2015,724,6
3731,2015,725,5
3732,2015,726,4
3733,2015,727,7
3734,2015,728,7
3735,2015,729,10
3736,2015,730,26
3737,2015,731,15
3738,2015,734,7
3739,2015,735,6
3740,2015,736,10
3741,2015,737,11
3742,2015,738,3
3743,2015,739,6
3744,2015,740,16
3745,2015,741,5
3746,2015,743,7
3747,2015,744,15
3748,2015,745,8
3749,2015,746,7
3750,2015,747,12
3751,2015,748,8
3752,2015,749,12
3753,2015,750,7
3754,2015,751,27
3755,2015,752,10
3756,2015,754,11
3757,2015,755,10
3758,2015,756,14
3759,2015,757,12
3760,2015,758,8
3761,2015,759,26
3762,2015,760,19
3763,2015,761,8
3764,2015,762,15
3765,2015,763,8
3766,2015,764,9
3767,2015,765,11
3768,2015,766,12
3769,2015,767,5
3770,2015,768,8
3771,2015,769,9
3772,2015,770,34
3773,2015,773,18
3774,2015,774,21
3775,2015,775,24
3776,2015,776,9
3777,2015,777,3
3778,2015,778,10
3779,2015,779,8
3780,2015,780,32
3781,2015,781,15
3782,2015,782,10
3783,2015,783,31
3784,2015,784,4
3785,2015,785,23
3786,2015,786,19
3787,2015,787,1
3788,2015,788,10
3789,2015,789,5
3790,2015,790,26
3791,2015,791,8
3792,2015,792,5
3793,2015,793,8
3794,2015,794,5
3795,2015,795,11
3796,2015,796,3
3797,2015,797,30
3798,2015,798,12
3799,2015,799,4
3800,2015,800,4
3801,2015,801,6
3802,2015,802,2
3803,2015,804,3
3804,2015,805,6
3805,2015,806,8
3806,2015,807,9
3807,2015,808,12
3808,2015,810,13
3809,2015,811,4
3810,2015,812,3
3811,2015,813,2
3812,2015,814,2
3813,2015,815,5
3814,2015,816,5
3815,2015,820,16
3816,2015,822,8
3817,2015,823,7
3818,2015,824,5
3819,2015,825,2
3820,2015,826,8
3821,2015,827,8
3822,2015,828,2
3823,2015,829,9
3824,2015,830,1
3825,2015,831,3
3826,2015,832,12
3827,2015,833,10
3828,2015,834,8
3829,2015,835,4
3830,2015,836,11
3831,2015,837,3
3832,2015,838,8
3833,2015,840,16
3834,2015,841,6
3835,2015,843,10
3836,2015,844,3
3837,2015,845,6
3838,2015,846,13
3839,2015,847,16
3840,2015,850,7
3841,2015,851,7
3842,2015,852,2
3843,2015,853,21
3844,2015,855,1
3845,2015,856,7
3846,2015,857,3
3847,2015,860,11
3848,2015,863,3
3849,2015,864,9
3850,2015,865,2
3851,2015,870,11
3852,2015,871,5
3853,2015,873,4
3854,2015,874,7
3855,2015,875,1
3856,2015,877,4
3857,2015,878,2
3858,2015,879,1
3859,2015,880,10
3860,2015,881,4
3861,2015,882,12
3862,2015,883,7
3863,2015,884,8
3864,2015,890,14
3865,2015,891,6
3866,2015,893,2
3867,2015,894,16
3868,2015,895,2
3869,2015,898,7
3870,2015,900,7
3871,2015,902,3
3872,2015,906,1
3873,2015,907,1
3874,2015,908,4
3875,2015,913,3
3876,2015,917,2
3877,2015,919,3
3878,2015,920,2
3879,2015,921,3
3880,2015,922,13
3881,2015,923,20
3882,2015,925,5
3883,2015,930,1
3884,2015,932,23
3885,2015,933,8
3886,2015,934,4
3887,2015,935,11
3888,2015,936,10
3889,2015,937,6
3890,2015,939,4
3891,2015,940,1
3892,2015,945,3
3893,2015,946,3
3894,2015,948,1
3895,2015,950,4
3896,2015,951,1
3897,2015,952,5
3898,2015,953,13
3899,2015,954,5
3900,2015,955,2
3901,2015,956,5
3902,2015,957,1
3903,2015,958,1
3904,2015,959,6
3905,2015,960,10
3906,2015,961,1
3907,2015,970,5
3908,2015,971,1
3909,2015,972,1
3910,2015,973,5
3911,2015,974,8
3912,2015,975,3
3913,2015,976,4
3914,2015,977,8
3915,2015,978,17
3916,2015,979,3
3917,2015,980,3
3918,2015,981,1
3919,2015,982,6
3920,2015,983,1
3921,2015,984,3
3922,2015,985,6
3923,2015,986,3
3924,2015,988,8
3925,2015,989,9
3926,2015,990,1
3927,2015,991,2
3928,2015,992,5
3929,2015,993,8
3930,2015,995,4
3931,2015,996,5
3932,2015,997,8
3933,2015,998,1
3934,2016,010,7
3935,2016,011,2
3936,2016,012,2
3937,2016,014,2
3938,2016,015,11
3939,2016,016,1
3940,2016,017,2
3941,2016,018,5
3942,2016,019,2
3943,2016,020,2
3944,2016,021,2
3945,2016,023,3
3946,2016,024,1
3947,2016,028,2
3948,2016,029,3
3949,2016,030,10
3950,2016,031,2
3951,2016,032,1
3952,2016,033,2
3953,2016,034,2
3954,2016,037,3
3955,2016,038,7
3956,2016,039,1
3957,2016,040,5
3958,2016,041,2
3959,2016,042,4
3960,2016,043,2
3961,2016,044,3
3962,2016,046,4
3963,2016,047,4
3964,2016,048,1
3965,2016,049,6
3966,2016,050,1
3967,2016,051,2
3968,2016,053,2
3969,2016,054,8
3970,2016,056,3
3971,2016,057,5
3972,2016,058,3
3973,2016,061,2
3974,2016,062,1
3975,2016,063,4
3976,2016,064,8
3977,2016,068,1
3978,2016,070,14
3979,2016,071,3
3980,2016,072,4
3981,2016,073,3
3982,2016,074,7
3983,2016,076,4
3984,2016,077,2
3985,2016,078,9
3986,2016,080,22
3987,2016,081,1
3988,2016,082,3
3989,2016,083,2
3990,2016,085,8
3991,2016,086,5
3992,2016,087,1
3993,2016,088,14
3994,2016,089,3
3995,2016,105,1
3996,2016,109,2
3997,2016,114,1
3998,2016,117,1
3999,2016,120,12
4000,2016,121,1
4001,2016,122,1
4002,2016,123,2
4003,2016,124,3
4004,2016,125,6
4005,2016,128,9
4006,2016,129,8
4007,2016,130,13
4008,2016,131,13
4009,2016,132,2
4010,2016,133,4
4011,2016,134,5
4012,2016,135,1
4013,2016,136,7
4014,2016,137,4
4015,2016,138,7
4016,2016,139,2
4017,2016,140,12
4018,2016,141,4
4019,2016,142,2
4020,2016,143,1
4021,2016,144,9
4022,2016,145,6
4023,2016,146,2
4024,2016,147,6
4025,2016,148,6
4026,2016,150,2
4027,2016,151,2
4028,2016,152,1
4029,2016,153,4
4030,2016,154,4
4031,2016,155,12
4032,2016,156,3
4033,2016,157,2
4034,2016,158,4
4035,2016,159,3
4036,2016,160,7
4037,2016,161,4
4038,2016,163,4
4039,2016,164,5
4040,2016,165,2
4041,2016,166,8
4042,2016,167,1
4043,2016,168,10
4044,2016,169,7
4045,2016,170,23
4046,2016,171,4
4047,2016,172,6
4048,2016,173,5
4049,2016,174,1
4050,2016,175,6
4051,2016,177,10
4052,2016,178,5
4053,2016,179,5
4054,2016,180,3
4055,2016,181,2
4056,2016,182,5
4057,2016,184,9
4058,2016,186,8
4059,2016,187,2
4060,2016,188,10
4061,2016,189,2
4062,2016,190,9
4063,2016,191,1
4064,2016,193,1
4065,2016,194,3
4066,2016,195,11
4067,2016,196,1
4068,2016,197,7
4069,2016,199,7
4070,2016,201,2
4071,2016,206,3
4072,2016,207,4
4073,2016,208,1
4074,2016,210,5
4075,2016,211,3
4076,2016,212,4
4077,2016,215,3
4078,2016,216,6
4079,2016,217,9
4080,2016,218,3
4081,2016,219,5
4082,2016,224,2
4083,2016,225,5
4084,2016,226,7
4085,2016,227,1
4086,2016,228,4
4087,2016,229,3
4088,2016,230,7
4089,2016,231,3
4090,2016,233,4
4091,2016,234,8
4092,2016,235,1
4093,2016,236,1
4094,2016,237,1
4095,2016,238,20
4096,2016,239,7
4097,2016,240,6
4098,2016,241,10
4099,2016,242,7
4100,2016,243,19
4101,2016,244,10
4102,2016,245,18
4103,2016,246,1
4104,2016,249,2
4105,2016,250,1
4106,2016,251,3
4107,2016,252,4
4108,2016,253,2
4109,2016,254,1
4110,2016,255,2
4111,2016,257,1
4112,2016,258,3
4113,2016,260,2
4114,2016,261,3
4115,2016,263,1
4116,2016,264,1
4117,2016,265,5
4118,2016,266,5
4119,2016,267,1
4120,2016,270,3
4121,2016,271,2
4122,2016,272,21
4123,2016,273,14
4124,2016,274,2
4125,2016,275,21
4126,2016,276,2
4127,2016,277,3
4128,2016,278,23
4129,2016,279,8
4130,2016,280,6
4131,2016,281,12
4132,2016,282,5
4133,2016,283,28
4134,2016,284,13
4135,2016,285,16
4136,2016,286,17
4137,2016,287,11
4138,2016,289,1
4139,2016,290,23
4140,2016,291,23
4141,2016,292,6
4142,2016,293,21
4143,2016,294,31
4144,2016,295,28
4145,2016,296,14
4146,2016,297,17
4147,2016,298,10
4148,2016,299,4
4149,2016,300,6
4150,2016,301,25
4151,2016,302,27
4152,2016,303,6
4153,2016,304,13
4154,2016,305,18
4155,2016,306,14
4156,2016,307,17
4157,2016,308,6
4158,2016,309,7
4159,2016,310,23
4160,2016,312,4
4161,2016,313,6
4162,2016,314,5
4163,2016,315,30
4164,2016,316,13
4165,2016,317,21
4166,2016,318,6
4167,2016,319,3
4168,2016,320,17
4169,2016,321,3
4170,2016,322,10
4171,2016,323,8
4172,2016,324,10
4173,2016,325,3
4174,2016,326,5
4175,2016,327,5
4176,2016,328,3
4177,2016,329,6
4178,2016,330,7
4179,2016,331,5
4180,2016,333,4
4181,2016,334,6
4182,2016,335,7
4183,2016,336,6
4184,2016,337,3
4185,2016,338,12
4186,2016,339,4
4187,2016,341,1
4188,2016,342,4
4189,2016,344,5
4190,2016,346,2
4191,2016,347,13
4192,2016,349,8
4193,2016,350,25
4194,2016,351,9
4195,2016,352,3
4196,2016,354,13
4197,2016,355,11
4198,2016,356,16
4199,2016,357,4
4200,2016,358,1
4201,2016,359,10
4202,2016,360,16
4203,2016,361,3
4204,2016,362,5
4205,2016,363,19
4206,2016,364,16
4207,2016,365,20
4208,2016,366,2
4209,2016,367,10
4210,2016,368,8
4211,2016,369,3
4212,2016,370,21
4213,2016,371,6
4214,2016,372,5
4215,2016,373,20
4216,2016,374,7
4217,2016,376,5
4218,2016,377,11
4219,2016,378,10
4220,2016,379,12
4221,2016,380,9
4222,2016,381,9
4223,2016,382,3
4224,2016,383,23
4225,2016,384,4
4226,2016,385,9
4227,2016,386,20
4228,2016,387,5
4229,2016,388,22
4230,2016,389,9
4231,2016,390,9
4232,2016,391,14
4233,2016,392,7
4234,2016,393,18
4235,2016,394,28
4236,2016,395,11
4237,2016,396,7
4238,2016,397,9
4239,2016,398,11
4240,2016,400,7
4241,2016,401,6
4242,2016,402,2
4243,2016,403,11
4244,2016,404,6
4245,2016,405,1
4246,2016,406,1
4247,2016,407,7
4248,2016,409,5
4249,2016,410,13
4250,2016,411,13
4251,2016,412,1
4252,2016,413,1
4253,2016,416,2
4254,2016,418,1
4255,2016,420,9
4256,2016,421,9
4257,2016,422,6
4258,2016,423,5
4259,2016,424,4
4260,2016,425,2
4261,2016,426,2
4262,2016,427,7
4263,2016,430,10
4264,2016,431,13
4265,2016,432,3
4266,2016,433,9
4267,2016,434,16
4268,2016,435,18
4269,2016,436,6
4270,2016,437,11
4271,2016,438,2
4272,2016,439,3
4273,2016,440,13
4274,2016,441,6
4275,2016,442,12
4276,2016,443,1
4277,2016,444,11
4278,2016,445,2
4279,2016,446,5
4280,2016,447,3
4281,2016,448,13
4282,2016,449,2
4283,2016,450,4
4284,2016,451,7
4285,2016,452,2
4286,2016,453,12
4287,2016,454,2
4288,2016,456,14
4289,2016,457,5
4290,2016,458,17
4291,2016,460,9
4292,2016,461,16
4293,2016,462,4
4294,2016,463,26
4295,2016,464,11
4296,2016,465,16
4297,2016,466,3
4298,2016,467,21
4299,2016,468,4
4300,2016,469,13
4301,2016,470,2
4302,2016,471,7
4303,2016,472,4
4304,2016,473,14
4305,2016,474,6
4306,2016,475,7
4307,2016,476,6
4308,2016,477,2
4309,2016,478,6
4310,2016,479,14
4311,2016,480,20
4312,2016,481,26
4313,2016,482,8
4314,2016,484,19
4315,2016,485,3
4316,2016,486,16
4317,2016,487,6
4318,2016,488,17
4319,2016,490,28
4320,2016,491,5
4321,2016,492,6
4322,2016,493,16
4323,2016,494,7
4324,2016,495,3
4325,2016,496,13
4326,2016,497,12
4327,2016,498,21
4328,2016,499,16
4329,2016,500,12
4330,2016,501,4
4331,2016,502,11
4332,2016,503,4
4333,2016,504,4
4334,2016,505,6
4335,2016,506,10
4336,2016,507,4
4337,2016,510,5
4338,2016,511,3
4339,2016,512,3
4340,2016,513,2
4341,2016,514,4
4342,2016,515,13
4343,2016,516,2
4344,2016,520,13
4345,2016,521,7
4346,2016,522,8
4347,2016,523,10
4348,2016,524,2
4349,2016,525,8
4350,2016,526,8
4351,2016,527,16
4352,2016,528,3
4353,2016,530,30
4354,2016,531,17
4355,2016,532,2
4356,2016,535,27
4357,2016,538,6
4358,2016,539,15
4359,2016,540,7
4360,2016,541,24
4361,2016,542,5
4362,2016,543,4
4363,2016,544,29
4364,2016,545,15
4365,2016,546,28
4366,2016,547,15
4367,2016,548,14
4368,2016,549,32
4369,2016,550,14
4370,2016,551,3
4371,2016,553,16
4372,2016,554,2
4373,2016,556,1
4374,2016,557,14
4375,2016,558,3
4376,2016,559,11
4377,2016,560,14
4378,2016,561,10
4379,2016,562,14
4380,2016,563,17
4381,2016,564,5
4382,2016,565,7
4383,2016,566,9
4384,2016,567,6
4385,2016,570,20
4386,2016,571,6
4387,2016,572,8
4388,2016,573,13
4389,2016,574,3
4390,2016,575,13
4391,2016,576,2
4392,2016,577,15
4393,2016,580,10
4394,2016,581,5
4395,2016,582,6
4396,2016,583,5
4397,2016,584,6
4398,2016,585,5
4399,2016,586,7
4400,2016,587,6
4401,2016,588,6
4402,2016,590,10
4403,2016,591,4
4404,2016,592,4
4405,2016,593,5
4406,2016,594,7
4407,2016,595,3
4408,2016,596,2
4409,2016,597,10
4410,2016,598,13
4411,2016,599,7
4412,2016,600,11
4413,2016,601,12
4414,2016,604,28
4415,2016,605,9
4416,2016,606,5
4417,2016,608,2
4418,2016,609,9
4419,2016,610,19
4420,2016,611,4
4421,2016,612,4
4422,2016,613,16
4423,2016,614,5
4424,2016,615,4
4425,2016,616,3
4426,2016,617,17
4427,2016,618,6
4428,2016,619,3
4429,2016,620,5
4430,2016,622,10
4431,2016,623,4
4432,2016,624,14
4433,2016,625,5
4434,2016,626,10
4435,2016,627,2
4436,2016,628,9
4437,2016,629,5
4438,2016,630,11
4439,2016,631,8
4440,2016,633,12
4441,2016,634,9
4442,2016,635,2
4443,2016,636,4
4444,2016,637,7
4445,2016,638,15
4446,2016,639,4
4447,2016,640,15
4448,2016,641,4
4449,2016,644,18
4450,2016,645,5
4451,2016,646,6
4452,2016,647,9
4453,2016,648,16
4454,2016,650,2
4455,2016,652,12
4456,2016,653,4
4457,2016,654,2
4458,2016,655,4
4459,2016,656,4
4460,2016,657,11
4461,2016,658,3
4462,2016,660,5
4463,2016,661,5
4464,2016,664,3
4465,2016,665,9
4466,2016,666,1
4467,2016,667,8
4468,2016,668,9
4469,2016,669,2
4470,2016,670,7
4471,2016,671,9
4472,2016,672,3
4473,2016,673,4
4474,2016,674,12
4475,2016,675,6
4476,2016,676,10
4477,2016,677,11
4478,2016,678,18
4479,2016,679,2
4480,2016,680,4
4481,2016,681,1
4482,2016,683,9
4483,2016,684,7
4484,2016,685,3
4485,2016,686,8
4486,2016,687,8
4487,2016,688,21
4488,2016,689,5
4489,2016,690,3
4490,2016,691,13
4491,2016,692,4
4492,2016,693,8
4493,2016,700,16
4494,2016,701,8
4495,2016,703,27
4496,2016,704,22
4497,2016,705,40
4498,2016,706,18
4499,2016,707,31
4500,2016,708,3
4501,2016,710,29
4502,2016,711,8
4503,2016,712,20
4504,2016,713,11
4505,2016,714,15
4506,2016,716,11
4507,2016,717,12
4508,2016,718,10
4509,2016,719,6
4510,2016,720,19
4511,2016,721,20
4512,2016,722,3
4513,2016,723,18
4514,2016,724,6
4515,2016,725,5
4516,2016,726,4
4517,2016,727,8
4518,2016,728,7
4519,2016,729,10
4520,2016,730,27
4521,2016,731,15
4522,2016,734,7
4523,2016,735,5
4524,2016,736,10
4525,2016,737,12
4526,2016,738,3
4527,2016,739,6
4528,2016,740,16
4529,2016,741,4
4530,2016,743,6
4531,2016,744,15
4532,2016,745,7
4533,2016,746,7
4534,2016,747,12
4535,2016,748,7
4536,2016,749,12
4537,2016,750,6
4538,2016,751,26
4539,2016,752,11
4540,2016,754,11
4541,2016,755,10
4542,2016,756,14
4543,2016,757,11
4544,2016,758,8
4545,2016,759,23
4546,2016,760,20
4547,2016,761,7
4548,2016,762,14
4549,2016,763,9
4550,2016,764,10
4551,2016,765,11
4552,2016,766,12
4553,2016,767,4
4554,2016,768,9
4555,2016,769,8
4556,2016,770,37
4557,2016,773,20
4558,2016,774,22
4559,2016,775,22
4560,2016,776,10
4561,2016,777,3
4562,2016,778,8
4563,2016,779,7
4564,2016,780,35
4565,2016,781,15
4566,2016,782,11
4567,2016,783,27
4568,2016,784,4
4569,2016,785,24
4570,2016,786,20
4571,2016,787,1
4572,2016,788,11
4573,2016,789,6
4574,2016,790,25
4575,2016,791,8
4576,2016,792,4
4577,2016,793,8
4578,2016,794,6
4579,2016,795,11
4580,2016,796,3
4581,2016,797,28
4582,2016,798,12
4583,2016,799,4
4584,2016,800,4
4585,2016,801,6
4586,2016,802,3
4587,2016,804,3
4588,2016,805,6
4589,2016,806,9
4590,2016,807,9
4591,2016,808,12
4592,2016,810,12
4593,2016,811,3
4594,2016,812,3
4595,2016,813,2
4596,2016,814,2
4597,2016,815,5
4598,2016,816,5
4599,2016,820,15
4600,2016,822,8
4601,2016,823,7
4602,2016,824,5
4603,2016,825,2
4604,2016,826,8
4605,2016,827,8
4606,2016,828,2
4607,2016,829,10
4608,2016,830,1
4609,2016,831,3
4610,2016,832,14
4611,2016,833,8
4612,2016,834,8
4613,2016,835,4
4614,2016,836,11
4615,2016,837,3
4616,2016,838,8
4617,2016,840,17
4618,2016,841,6
4619,2016,843,10
4620,2016,844,4
4621,2016,845,6
4622,2016,846,14
4623,2016,847,16
4624,2016,850,7
4625,2016,851,7
4626,2016,852,2
4627,2016,853,21
4628,2016,855,1
4629,2016,856,8
4630,2016,857,3
4631,2016,860,12
4632,2016,863,3
4633,2016,864,8
4634,2016,865,2
4635,2016,870,12
4636,2016,871,5
4637,2016,873,4
4638,2016,874,7
4639,2016,875,1
4640,2016,877,4
4641,2016,878,2
4642,2016,879,1
4643,2016,880,11
4644,2016,881,5
4645,2016,882,10
4646,2016,883,7
4647,2016,884,8
4648,2016,890,14
4649,2016,891,6
4650,2016,893,2
4651,2016,894,16
4652,2016,895,2
4653,2016,898,7
4654,2016,900,7
4655,2016,902,3
4656,2016,906,2
4657,2016,907,1
4658,2016,908,3
4659,2016,913,3
4660,2016,917,2
4661,2016,919,3
4662,2016,921,4
4663,2016,922,12
4664,2016,923,21
4665,2016,925,5
4666,2016,930,1
4667,2016,932,23
4668,2016,933,8
4669,2016,934,4
4670,2016,935,11
4671,2016,936,9
4672,2016,937,6
4673,2016,939,4
4674,2016,940,2
4675,2016,945,3
4676,2016,946,3
4677,2016,948,1
4678,2016,950,5
4679,2016,951,1
4680,2016,952,6
4681,2016,953,13
4682,2016,954,5
4683,2016,955,2
4684,2016,956,5
4685,2016,957,1
4686,2016,958,1
4687,2016,959,6
4688,2016,960,9
4689,2016,961,1
4690,2016,970,5
4691,2016,971,1
4692,2016,972,1
4693,2016,973,5
4694,2016,974,8
4695,2016,975,3
4696,2016,976,4
4697,2016,977,8
4698,2016,978,17
4699,2016,979,3
4700,2016,980,3
4701,2016,981,1
4702,2016,982,7
4703,2016,983,1
4704,2016,984,3
4705,2016,985,6
4706,2016,986,3
4707,2016,988,8
4708,2016,989,8
4709,2016,990,2
4710,2016,991,2
4711,2016,992,4
4712,2016,993,8
4713,2016,995,4
4714,2016,996,5
4715,2016,997,8
4716,2016,998,1
