,ZIP3,exit_2007,exit_2008,exit_2015,exit_2016,exit_2006_2016
0,010,0.0,-1.0,0.0,0.0,-1.0
1,011,0.0,0.0,0.0,0.0,-1.0
2,012,0.0,0.0,0.0,0.0,-2.0
3,014,0.0,0.0,0.0,0.0,-4.0
4,015,-1.0,-1.0,0.0,0.0,-1.0
5,016,0.0,0.0,0.0,0.0,0.0
6,017,0.0,0.0,0.0,0.0,0.0
7,018,0.0,0.0,0.0,0.0,-1.0
8,019,0.0,0.0,0.0,0.0,0.0
9,020,0.0,0.0,0.0,0.0,0.0
10,021,0.0,0.0,0.0,0.0,-1.0
11,023,0.0,0.0,0.0,0.0,0.0
12,024,0.0,0.0,-1.0,0.0,0.0
13,026,0.0,-1.0,0.0,0.0,-1.0
14,027,-1.0,-1.0,0.0,-1.0,-5.0
15,028,0.0,0.0,0.0,0.0,0.0
16,029,0.0,0.0,0.0,0.0,-1.0
17,030,-1.0,0.0,0.0,0.0,-6.0
18,031,-1.0,0.0,0.0,-1.0,-2.0
19,032,0.0,0.0,0.0,0.0,-1.0
20,033,0.0,0.0,0.0,0.0,-2.0
21,034,0.0,0.0,-1.0,0.0,-2.0
22,035,0.0,0.0,0.0,0.0,-5.0
23,037,0.0,0.0,0.0,0.0,0.0
24,038,-2.0,0.0,0.0,0.0,-3.0
25,039,0.0,0.0,0.0,0.0,-1.0
26,040,0.0,-1.0,-1.0,0.0,-2.0
27,041,-1.0,0.0,0.0,0.0,-2.0
28,042,0.0,0.0,0.0,-1.0,-2.0
29,043,0.0,0.0,-1.0,0.0,-2.0
30,044,0.0,0.0,0.0,0.0,-1.0
31,046,0.0,0.0,0.0,0.0,0.0
32,047,0.0,0.0,0.0,0.0,-2.0
33,048,0.0,0.0,0.0,0.0,0.0
34,049,0.0,0.0,0.0,0.0,-2.0
35,050,0.0,0.0,0.0,0.0,0.0
36,051,0.0,0.0,0.0,0.0,0.0
37,053,0.0,0.0,-1.0,0.0,-1.0
38,054,0.0,0.0,-1.0,0.0,-4.0
39,056,0.0,0.0,0.0,0.0,0.0
40,057,0.0,0.0,0.0,0.0,0.0
41,058,0.0,0.0,0.0,0.0,0.0
42,060,0.0,0.0,0.0,0.0,-1.0
43,061,0.0,0.0,0.0,0.0,0.0
44,062,0.0,0.0,0.0,0.0,0.0
45,063,-1.0,0.0,-1.0,0.0,0.0
46,064,-2.0,0.0,-2.0,0.0,-5.0
47,066,0.0,0.0,0.0,0.0,-1.0
48,067,0.0,0.0,0.0,0.0,-1.0
49,068,0.0,0.0,-2.0,0.0,-1.0
50,070,-3.0,-2.0,0.0,-1.0,-11.0
51,071,0.0,0.0,0.0,0.0,0.0
52,072,0.0,0.0,0.0,-1.0,-2.0
53,073,0.0,-1.0,0.0,-1.0,-3.0
54,074,-1.0,0.0,0.0,0.0,-2.0
55,075,-1.0,0.0,0.0,0.0,-2.0
56,076,0.0,0.0,0.0,0.0,0.0
57,077,0.0,0.0,0.0,0.0,-3.0
58,078,0.0,0.0,0.0,-2.0,-1.0
59,080,-1.0,-1.0,0.0,-1.0,-5.0
60,081,0.0,0.0,0.0,0.0,0.0
61,082,0.0,-1.0,0.0,0.0,-1.0
62,083,0.0,0.0,0.0,-1.0,-1.0
63,085,-2.0,0.0,0.0,0.0,-4.0
64,086,0.0,0.0,0.0,0.0,-1.0
65,087,0.0,0.0,0.0,0.0,0.0
66,088,-1.0,0.0,0.0,-1.0,-7.0
67,089,0.0,0.0,0.0,0.0,-1.0
68,105,0.0,0.0,0.0,0.0,-1.0
69,109,0.0,0.0,0.0,-1.0,-1.0
70,111,0.0,0.0,0.0,0.0,-2.0
71,114,0.0,0.0,0.0,0.0,0.0
72,117,0.0,0.0,0.0,0.0,0.0
73,120,-1.0,-1.0,0.0,0.0,-4.0
74,121,-1.0,0.0,0.0,0.0,-2.0
75,122,0.0,0.0,0.0,0.0,-1.0
76,123,0.0,0.0,0.0,0.0,-1.0
77,124,-1.0,0.0,0.0,0.0,-1.0
78,125,0.0,-1.0,0.0,0.0,-2.0
79,127,0.0,0.0,0.0,0.0,-2.0
80,128,-1.0,0.0,0.0,0.0,-3.0
81,129,-1.0,-1.0,0.0,-1.0,-3.0
82,130,0.0,-1.0,0.0,-1.0,-2.0
83,131,0.0,-1.0,0.0,0.0,-5.0
84,132,0.0,0.0,0.0,0.0,0.0
85,133,0.0,0.0,0.0,0.0,-4.0
86,134,0.0,0.0,0.0,0.0,-1.0
87,135,0.0,0.0,0.0,0.0,0.0
88,136,-2.0,0.0,0.0,-1.0,-4.0
89,137,0.0,0.0,0.0,0.0,0.0
90,138,0.0,0.0,0.0,0.0,-1.0
91,139,0.0,0.0,0.0,0.0,0.0
92,140,-1.0,0.0,-1.0,0.0,-3.0
93,141,0.0,0.0,0.0,0.0,0.0
94,142,0.0,0.0,-1.0,0.0,0.0
95,143,0.0,0.0,0.0,0.0,0.0
96,144,0.0,0.0,-1.0,0.0,-3.0
97,145,0.0,0.0,0.0,0.0,-3.0
98,146,0.0,0.0,0.0,0.0,0.0
99,147,0.0,-1.0,0.0,0.0,-2.0
100,148,-1.0,-1.0,0.0,0.0,-4.0
101,150,0.0,0.0,-1.0,-1.0,-3.0
102,151,-1.0,0.0,0.0,-1.0,-4.0
103,152,0.0,-1.0,0.0,0.0,-3.0
104,153,0.0,0.0,-1.0,0.0,-2.0
105,154,0.0,0.0,0.0,0.0,-1.0
106,155,0.0,-1.0,0.0,0.0,-1.0
107,156,0.0,-1.0,0.0,0.0,-2.0
108,157,-1.0,0.0,0.0,0.0,-1.0
109,158,0.0,0.0,0.0,0.0,0.0
110,159,0.0,0.0,0.0,0.0,0.0
111,160,-2.0,0.0,0.0,0.0,-3.0
112,161,0.0,0.0,0.0,0.0,0.0
113,162,0.0,0.0,0.0,0.0,-1.0
114,163,-1.0,0.0,0.0,-1.0,-2.0
115,164,0.0,-1.0,0.0,0.0,-2.0
116,165,0.0,0.0,0.0,-1.0,-2.0
117,166,-1.0,-1.0,0.0,0.0,-2.0
118,167,0.0,0.0,0.0,0.0,0.0
119,168,0.0,0.0,0.0,0.0,0.0
120,169,0.0,0.0,0.0,0.0,-1.0
121,170,-1.0,0.0,0.0,0.0,-9.0
122,171,0.0,0.0,0.0,0.0,-2.0
123,172,0.0,0.0,0.0,0.0,-3.0
124,173,0.0,0.0,0.0,-1.0,-4.0
125,174,0.0,0.0,0.0,0.0,0.0
126,175,-1.0,0.0,0.0,-1.0,-4.0
127,177,0.0,0.0,0.0,0.0,-4.0
128,178,0.0,0.0,-1.0,0.0,-2.0
129,179,0.0,0.0,0.0,-1.0,-4.0
130,180,0.0,-1.0,0.0,0.0,-1.0
131,181,-1.0,-1.0,0.0,0.0,-2.0
132,182,-1.0,0.0,0.0,0.0,-2.0
133,183,0.0,0.0,0.0,0.0,-2.0
134,184,0.0,0.0,0.0,0.0,-1.0
135,186,-1.0,0.0,0.0,0.0,-2.0
136,187,0.0,0.0,0.0,0.0,0.0
137,188,0.0,0.0,0.0,0.0,-1.0
138,189,0.0,0.0,0.0,0.0,0.0
139,190,0.0,-1.0,-1.0,0.0,-4.0
140,191,-1.0,0.0,0.0,0.0,-1.0
141,193,0.0,0.0,0.0,0.0,0.0
142,194,0.0,0.0,0.0,0.0,-1.0
143,195,0.0,0.0,0.0,-2.0,-4.0
144,196,0.0,0.0,0.0,0.0,0.0
145,197,0.0,0.0,-1.0,0.0,-1.0
146,199,0.0,0.0,-1.0,-1.0,-4.0
147,201,0.0,-1.0,0.0,0.0,-2.0
148,206,0.0,0.0,-1.0,0.0,-1.0
149,207,0.0,0.0,0.0,0.0,-4.0
150,208,0.0,0.0,0.0,0.0,0.0
151,210,0.0,0.0,0.0,0.0,-1.0
152,211,0.0,0.0,0.0,0.0,0.0
153,212,-1.0,0.0,-1.0,-1.0,-2.0
154,215,0.0,-1.0,0.0,-1.0,-1.0
155,216,0.0,0.0,0.0,-1.0,-2.0
156,217,0.0,0.0,0.0,0.0,0.0
157,218,0.0,0.0,0.0,0.0,-1.0
158,219,0.0,-1.0,-2.0,0.0,-1.0
159,224,0.0,0.0,0.0,0.0,0.0
160,225,0.0,0.0,0.0,0.0,-1.0
161,226,0.0,0.0,0.0,0.0,0.0
162,227,0.0,0.0,0.0,0.0,0.0
163,228,0.0,0.0,0.0,0.0,0.0
164,229,0.0,-1.0,0.0,0.0,-2.0
165,230,0.0,0.0,-1.0,0.0,-2.0
166,231,-1.0,0.0,0.0,0.0,-3.0
167,232,-1.0,-1.0,0.0,0.0,-2.0
168,233,0.0,0.0,0.0,0.0,0.0
169,234,0.0,0.0,0.0,0.0,-1.0
170,235,0.0,0.0,0.0,0.0,0.0
171,236,0.0,0.0,0.0,0.0,-2.0
172,237,0.0,0.0,0.0,0.0,0.0
173,238,0.0,0.0,0.0,0.0,-1.0
174,239,0.0,0.0,-1.0,0.0,-1.0
175,240,0.0,0.0,-1.0,0.0,-4.0
176,241,0.0,0.0,0.0,-1.0,-2.0
177,242,0.0,-1.0,0.0,0.0,-2.0
178,243,0.0,-1.0,0.0,0.0,-2.0
179,244,-1.0,0.0,0.0,0.0,-2.0
180,245,0.0,-2.0,0.0,0.0,-8.0
181,246,0.0,0.0,0.0,0.0,-1.0
182,247,-1.0,0.0,0.0,0.0,-1.0
183,249,-1.0,0.0,0.0,0.0,0.0
184,250,0.0,0.0,0.0,0.0,-1.0
185,251,0.0,0.0,0.0,0.0,0.0
186,252,0.0,0.0,0.0,0.0,-1.0
187,253,0.0,0.0,0.0,0.0,0.0
188,254,0.0,0.0,0.0,0.0,0.0
189,255,0.0,0.0,0.0,0.0,0.0
190,257,0.0,0.0,0.0,0.0,0.0
191,258,0.0,0.0,0.0,0.0,0.0
192,260,0.0,0.0,0.0,0.0,-1.0
193,261,0.0,-1.0,0.0,0.0,-1.0
194,263,0.0,0.0,0.0,0.0,-1.0
195,264,0.0,0.0,0.0,-1.0,-1.0
196,265,0.0,0.0,0.0,0.0,0.0
197,266,0.0,0.0,0.0,0.0,-1.0
198,267,0.0,0.0,0.0,0.0,-1.0
199,270,0.0,0.0,0.0,0.0,-2.0
200,271,0.0,0.0,0.0,0.0,0.0
201,272,0.0,0.0,0.0,0.0,-2.0
202,273,0.0,-1.0,0.0,-1.0,-6.0
203,274,0.0,0.0,-1.0,0.0,-1.0
204,275,0.0,0.0,0.0,0.0,-4.0
205,276,0.0,0.0,0.0,0.0,-4.0
206,277,-1.0,0.0,0.0,0.0,-1.0
207,278,0.0,-1.0,0.0,0.0,-2.0
208,279,0.0,0.0,0.0,-1.0,-1.0
209,280,0.0,-1.0,-1.0,0.0,-3.0
210,281,0.0,0.0,0.0,-1.0,-6.0
211,282,0.0,0.0,0.0,0.0,-2.0
212,283,-3.0,-1.0,0.0,-1.0,-8.0
213,284,-1.0,-1.0,0.0,-1.0,-4.0
214,285,0.0,0.0,0.0,0.0,-4.0
215,286,0.0,-1.0,0.0,-1.0,-7.0
216,287,-1.0,-2.0,0.0,0.0,-7.0
217,289,0.0,0.0,0.0,0.0,-1.0
218,290,-7.0,-1.0,-1.0,-1.0,-4.0
219,291,-3.0,0.0,-1.0,-1.0,-6.0
220,292,0.0,0.0,0.0,0.0,-2.0
221,293,0.0,-1.0,0.0,-1.0,-3.0
222,294,0.0,-1.0,0.0,0.0,-3.0
223,295,0.0,0.0,0.0,0.0,-3.0
224,296,0.0,-1.0,-3.0,0.0,-6.0
225,297,0.0,0.0,0.0,0.0,-5.0
226,298,-1.0,-1.0,-2.0,0.0,-9.0
227,299,-1.0,0.0,0.0,-1.0,-2.0
228,300,0.0,0.0,0.0,-1.0,-4.0
229,301,-3.0,-2.0,-2.0,0.0,-9.0
230,302,-1.0,-5.0,0.0,0.0,-10.0
231,303,-1.0,0.0,-1.0,-1.0,-3.0
232,304,0.0,0.0,-1.0,-1.0,-5.0
233,305,-3.0,0.0,0.0,0.0,-5.0
234,306,-2.0,0.0,-1.0,0.0,-6.0
235,307,0.0,0.0,-1.0,0.0,-3.0
236,308,0.0,0.0,0.0,0.0,-3.0
237,309,-1.0,-2.0,0.0,0.0,-7.0
238,310,-1.0,-1.0,-3.0,0.0,-10.0
239,312,-1.0,0.0,0.0,0.0,-1.0
240,313,0.0,0.0,0.0,0.0,-2.0
241,314,0.0,0.0,0.0,0.0,-4.0
242,315,-3.0,0.0,0.0,0.0,-9.0
243,316,0.0,0.0,-1.0,-2.0,-4.0
244,317,-3.0,-2.0,-2.0,-1.0,-10.0
245,318,0.0,0.0,0.0,0.0,0.0
246,319,0.0,0.0,0.0,0.0,-3.0
247,320,0.0,0.0,0.0,-2.0,-4.0
248,321,0.0,-1.0,0.0,0.0,-2.0
249,322,-1.0,-1.0,0.0,0.0,-4.0
250,323,-1.0,-1.0,0.0,0.0,-4.0
251,324,0.0,-1.0,-1.0,0.0,-9.0
252,325,0.0,-1.0,0.0,0.0,-5.0
253,326,0.0,0.0,0.0,0.0,0.0
254,327,0.0,0.0,0.0,0.0,-3.0
255,328,0.0,0.0,-1.0,0.0,-1.0
256,329,0.0,0.0,0.0,0.0,0.0
257,330,0.0,0.0,0.0,0.0,-2.0
258,331,-1.0,0.0,0.0,0.0,-2.0
259,332,0.0,-1.0,0.0,0.0,-1.0
260,333,0.0,0.0,0.0,0.0,-1.0
261,334,0.0,-1.0,0.0,0.0,-3.0
262,335,0.0,0.0,-1.0,0.0,-3.0
263,336,0.0,-1.0,0.0,-1.0,-4.0
264,337,0.0,0.0,0.0,0.0,-1.0
265,338,0.0,-1.0,-2.0,-1.0,-7.0
266,339,0.0,0.0,-1.0,0.0,-4.0
267,341,0.0,0.0,0.0,0.0,0.0
268,342,-1.0,0.0,0.0,0.0,-2.0
269,344,0.0,0.0,0.0,0.0,-1.0
270,346,0.0,0.0,0.0,0.0,-1.0
271,347,0.0,-1.0,0.0,-1.0,-2.0
272,349,0.0,0.0,0.0,0.0,-2.0
273,350,0.0,-1.0,0.0,-1.0,-7.0
274,351,-1.0,-2.0,-1.0,-1.0,-6.0
275,352,-1.0,-1.0,0.0,0.0,-2.0
276,354,-2.0,-1.0,-1.0,0.0,-5.0
277,355,-1.0,-1.0,0.0,0.0,-6.0
278,356,0.0,-1.0,-1.0,-1.0,-3.0
279,357,0.0,0.0,0.0,0.0,0.0
280,358,-1.0,0.0,0.0,0.0,-1.0
281,359,0.0,-2.0,-1.0,-1.0,-4.0
282,360,0.0,0.0,-1.0,-1.0,-4.0
283,361,-1.0,-1.0,0.0,0.0,-1.0
284,362,0.0,0.0,0.0,0.0,-3.0
285,363,0.0,0.0,0.0,-2.0,-7.0
286,364,-1.0,-2.0,0.0,-1.0,-14.0
287,365,-1.0,-1.0,0.0,0.0,-6.0
288,366,0.0,0.0,-1.0,0.0,-1.0
289,367,0.0,0.0,0.0,-1.0,-4.0
290,368,0.0,0.0,0.0,0.0,0.0
291,369,0.0,-1.0,0.0,0.0,-2.0
292,370,0.0,-1.0,0.0,-1.0,-3.0
293,371,-3.0,-1.0,0.0,0.0,-4.0
294,372,0.0,0.0,0.0,0.0,0.0
295,373,0.0,-1.0,0.0,-1.0,-4.0
296,374,0.0,0.0,0.0,0.0,0.0
297,376,0.0,0.0,0.0,0.0,-1.0
298,377,0.0,-2.0,0.0,0.0,-2.0
299,378,0.0,-2.0,0.0,0.0,-3.0
300,379,-2.0,0.0,0.0,0.0,-2.0
301,380,-1.0,-1.0,0.0,-1.0,-5.0
302,381,0.0,0.0,0.0,0.0,-3.0
303,382,-2.0,0.0,0.0,0.0,-2.0
304,383,-1.0,0.0,-1.0,-2.0,-4.0
305,384,0.0,0.0,0.0,-1.0,-4.0
306,385,0.0,0.0,0.0,0.0,-2.0
307,386,0.0,-2.0,-1.0,-1.0,-9.0
308,387,0.0,0.0,0.0,0.0,-2.0
309,388,-1.0,-2.0,-1.0,0.0,-7.0
310,389,-2.0,-1.0,0.0,0.0,-4.0
311,390,-1.0,0.0,0.0,0.0,-3.0
312,391,0.0,-2.0,0.0,-2.0,-8.0
313,392,-1.0,0.0,-1.0,0.0,-3.0
314,393,-1.0,0.0,0.0,-1.0,-7.0
315,394,-1.0,0.0,-2.0,0.0,-9.0
316,395,-1.0,0.0,0.0,0.0,-6.0
317,396,-2.0,-1.0,0.0,0.0,-5.0
318,397,0.0,-2.0,-2.0,0.0,-5.0
319,398,-1.0,0.0,0.0,-1.0,-1.0
320,400,0.0,0.0,0.0,-1.0,-2.0
321,401,0.0,0.0,-1.0,0.0,-1.0
322,402,0.0,0.0,0.0,0.0,-1.0
323,403,0.0,-2.0,0.0,0.0,-2.0
324,404,0.0,0.0,0.0,0.0,-2.0
325,405,0.0,0.0,0.0,0.0,-3.0
326,406,0.0,0.0,0.0,0.0,0.0
327,407,0.0,0.0,0.0,0.0,-1.0
328,409,0.0,0.0,-1.0,0.0,-1.0
329,410,0.0,0.0,0.0,0.0,-2.0
330,411,-1.0,0.0,-1.0,0.0,-6.0
331,412,0.0,-1.0,0.0,0.0,-1.0
332,413,0.0,0.0,0.0,0.0,-1.0
333,414,0.0,-1.0,0.0,0.0,-2.0
334,416,0.0,0.0,0.0,0.0,0.0
335,418,0.0,0.0,0.0,0.0,0.0
336,420,0.0,-1.0,0.0,0.0,-4.0
337,421,0.0,0.0,0.0,0.0,0.0
338,422,0.0,-1.0,0.0,0.0,-1.0
339,423,0.0,0.0,0.0,0.0,-1.0
340,424,-1.0,0.0,-1.0,0.0,-2.0
341,425,0.0,-1.0,0.0,0.0,-2.0
342,426,-1.0,0.0,0.0,0.0,-1.0
343,427,0.0,-2.0,0.0,0.0,-3.0
344,430,0.0,-1.0,0.0,0.0,-2.0
345,431,-1.0,-1.0,0.0,0.0,-4.0
346,432,0.0,0.0,0.0,-2.0,-1.0
347,433,-1.0,0.0,0.0,0.0,-4.0
348,434,0.0,0.0,-2.0,0.0,-3.0
349,435,-4.0,0.0,0.0,0.0,-9.0
350,436,-1.0,0.0,0.0,0.0,-1.0
351,437,-1.0,0.0,0.0,0.0,-1.0
352,438,0.0,0.0,0.0,0.0,0.0
353,439,-1.0,0.0,0.0,0.0,-1.0
354,440,-3.0,-1.0,-1.0,0.0,-4.0
355,441,-1.0,0.0,0.0,0.0,-1.0
356,442,0.0,-1.0,0.0,0.0,-1.0
357,443,0.0,0.0,0.0,0.0,-1.0
358,444,0.0,0.0,0.0,0.0,-4.0
359,445,0.0,0.0,0.0,-1.0,-1.0
360,446,-1.0,0.0,0.0,-1.0,-2.0
361,447,0.0,0.0,0.0,0.0,-1.0
362,448,-1.0,0.0,0.0,0.0,-3.0
363,449,0.0,0.0,0.0,0.0,0.0
364,450,0.0,-1.0,0.0,0.0,-3.0
365,451,0.0,0.0,0.0,-1.0,0.0
366,452,0.0,0.0,0.0,0.0,-2.0
367,453,0.0,0.0,-1.0,0.0,-3.0
368,454,0.0,0.0,0.0,0.0,0.0
369,455,0.0,0.0,0.0,0.0,-1.0
370,456,0.0,-2.0,0.0,0.0,-4.0
371,457,0.0,0.0,-1.0,-1.0,-2.0
372,458,-1.0,0.0,0.0,0.0,-3.0
373,460,0.0,0.0,0.0,0.0,-1.0
374,461,-1.0,-1.0,0.0,-1.0,-5.0
375,462,0.0,0.0,0.0,0.0,0.0
376,463,0.0,-1.0,-1.0,0.0,-6.0
377,464,0.0,0.0,0.0,-1.0,-4.0
378,465,-1.0,0.0,0.0,0.0,-3.0
379,466,0.0,0.0,0.0,0.0,0.0
380,467,-1.0,0.0,0.0,0.0,-5.0
381,468,0.0,-1.0,0.0,0.0,-1.0
382,469,-1.0,-1.0,0.0,0.0,-2.0
383,470,0.0,0.0,0.0,0.0,0.0
384,471,-2.0,-1.0,0.0,0.0,-3.0
385,472,0.0,0.0,0.0,0.0,-1.0
386,473,0.0,0.0,0.0,-1.0,-1.0
387,474,0.0,0.0,-1.0,0.0,-1.0
388,475,-1.0,0.0,0.0,0.0,-1.0
389,476,0.0,0.0,0.0,0.0,-4.0
390,477,-1.0,0.0,0.0,0.0,-1.0
391,478,-1.0,0.0,0.0,0.0,-2.0
392,479,-2.0,0.0,0.0,-1.0,-6.0
393,480,0.0,-2.0,-1.0,0.0,-7.0
394,481,-6.0,-3.0,0.0,0.0,-13.0
395,482,-1.0,0.0,-2.0,0.0,-3.0
396,484,-2.0,0.0,0.0,-1.0,-3.0
397,485,0.0,0.0,0.0,0.0,-1.0
398,486,-1.0,0.0,-1.0,0.0,-3.0
399,487,0.0,0.0,0.0,0.0,-3.0
400,488,0.0,0.0,-1.0,0.0,-5.0
401,489,0.0,0.0,0.0,0.0,-1.0
402,490,0.0,0.0,0.0,0.0,-5.0
403,491,0.0,0.0,0.0,0.0,-1.0
404,492,0.0,0.0,0.0,-1.0,-6.0
405,493,0.0,0.0,0.0,0.0,0.0
406,494,0.0,0.0,-1.0,0.0,-1.0
407,495,0.0,0.0,0.0,0.0,-2.0
408,496,-2.0,0.0,0.0,-1.0,-2.0
409,497,0.0,0.0,0.0,0.0,-2.0
410,498,-2.0,-1.0,0.0,0.0,-5.0
411,499,0.0,0.0,0.0,0.0,-2.0
412,500,0.0,-1.0,0.0,-1.0,-4.0
413,501,0.0,0.0,0.0,-1.0,-4.0
414,502,-1.0,0.0,0.0,0.0,-4.0
415,503,0.0,0.0,0.0,0.0,-1.0
416,504,-2.0,0.0,0.0,0.0,-2.0
417,505,0.0,0.0,-1.0,0.0,-2.0
418,506,-1.0,-1.0,0.0,0.0,-3.0
419,507,0.0,0.0,0.0,0.0,-2.0
420,510,-1.0,0.0,0.0,0.0,0.0
421,511,0.0,0.0,0.0,0.0,-2.0
422,512,0.0,0.0,0.0,0.0,0.0
423,513,0.0,0.0,0.0,-1.0,-1.0
424,514,0.0,0.0,0.0,0.0,0.0
425,515,0.0,0.0,0.0,0.0,-1.0
426,516,0.0,0.0,0.0,0.0,-1.0
427,520,0.0,0.0,0.0,0.0,-1.0
428,521,0.0,-1.0,0.0,0.0,-1.0
429,522,0.0,0.0,0.0,-1.0,-2.0
430,523,0.0,0.0,0.0,0.0,-1.0
431,524,0.0,0.0,0.0,0.0,0.0
432,525,0.0,-1.0,-1.0,0.0,-2.0
433,526,0.0,0.0,0.0,-1.0,-1.0
434,527,0.0,0.0,0.0,0.0,-1.0
435,528,0.0,-1.0,0.0,0.0,-1.0
436,530,0.0,0.0,-1.0,-1.0,-4.0
437,531,0.0,-1.0,-1.0,-1.0,-8.0
438,532,0.0,0.0,0.0,0.0,0.0
439,535,-2.0,-1.0,0.0,-1.0,-9.0
440,537,0.0,-1.0,0.0,0.0,-1.0
441,538,0.0,0.0,0.0,0.0,0.0
442,539,-3.0,-2.0,0.0,0.0,-7.0
443,540,0.0,0.0,-1.0,0.0,-1.0
444,541,0.0,0.0,-2.0,0.0,-5.0
445,542,0.0,0.0,0.0,0.0,-1.0
446,543,0.0,0.0,0.0,0.0,-1.0
447,544,-1.0,-2.0,0.0,-2.0,-6.0
448,545,-1.0,0.0,0.0,0.0,-4.0
449,546,0.0,0.0,0.0,0.0,-6.0
450,547,0.0,0.0,0.0,0.0,-1.0
451,548,0.0,-3.0,-1.0,0.0,-6.0
452,549,-1.0,-1.0,0.0,0.0,-7.0
453,550,-4.0,-1.0,-1.0,0.0,-9.0
454,551,0.0,0.0,0.0,0.0,-1.0
455,553,-2.0,-1.0,0.0,0.0,-7.0
456,554,0.0,0.0,0.0,0.0,-2.0
457,556,0.0,0.0,0.0,0.0,0.0
458,557,0.0,0.0,0.0,0.0,0.0
459,558,0.0,0.0,0.0,0.0,-1.0
460,559,-1.0,0.0,0.0,0.0,-4.0
461,560,-1.0,0.0,0.0,0.0,-5.0
462,561,-2.0,0.0,0.0,-1.0,-4.0
463,562,-1.0,0.0,0.0,-1.0,-4.0
464,563,0.0,-1.0,-1.0,-1.0,-5.0
465,564,0.0,-1.0,0.0,0.0,-1.0
466,565,-1.0,0.0,-2.0,0.0,-1.0
467,566,0.0,-1.0,0.0,0.0,-1.0
468,567,-1.0,0.0,-1.0,0.0,-2.0
469,570,-1.0,-1.0,0.0,0.0,-1.0
470,571,-1.0,0.0,0.0,-1.0,-1.0
471,572,0.0,-2.0,0.0,0.0,0.0
472,573,0.0,-1.0,0.0,0.0,-1.0
473,574,-1.0,0.0,0.0,-1.0,-2.0
474,575,0.0,-1.0,0.0,0.0,-4.0
475,576,0.0,-1.0,0.0,0.0,-1.0
476,577,0.0,0.0,0.0,0.0,0.0
477,580,-1.0,0.0,-1.0,0.0,-2.0
478,581,0.0,0.0,0.0,0.0,0.0
479,582,0.0,0.0,0.0,0.0,-1.0
480,583,0.0,0.0,-1.0,0.0,-2.0
481,584,0.0,0.0,0.0,-1.0,-1.0
482,585,0.0,0.0,-1.0,0.0,-1.0
483,586,0.0,0.0,-1.0,0.0,0.0
484,587,0.0,-1.0,0.0,0.0,-1.0
485,588,0.0,0.0,0.0,-1.0,-1.0
486,590,0.0,0.0,0.0,0.0,0.0
487,591,0.0,0.0,0.0,0.0,0.0
488,592,0.0,0.0,0.0,0.0,0.0
489,593,0.0,0.0,0.0,0.0,0.0
490,594,0.0,-1.0,0.0,0.0,-1.0
491,595,0.0,0.0,0.0,0.0,-1.0
492,596,0.0,0.0,0.0,0.0,-1.0
493,597,0.0,-1.0,0.0,0.0,-1.0
494,598,0.0,0.0,0.0,0.0,-1.0
495,599,0.0,0.0,0.0,0.0,-1.0
496,600,0.0,-1.0,-1.0,0.0,-1.0
497,601,-1.0,0.0,0.0,0.0,-2.0
498,604,-1.0,-2.0,-1.0,0.0,-4.0
499,605,0.0,-2.0,0.0,0.0,-5.0
500,606,0.0,0.0,0.0,0.0,-2.0
501,608,0.0,0.0,0.0,0.0,0.0
502,609,0.0,0.0,0.0,0.0,-2.0
503,610,-1.0,-1.0,-2.0,-1.0,-11.0
504,611,0.0,-1.0,0.0,0.0,-4.0
505,612,0.0,0.0,0.0,0.0,-2.0
506,613,-2.0,0.0,0.0,0.0,-7.0
507,614,-2.0,0.0,0.0,0.0,-6.0
508,615,0.0,0.0,0.0,-2.0,-2.0
509,616,0.0,0.0,0.0,0.0,0.0
510,617,0.0,0.0,-1.0,-1.0,-5.0
511,618,0.0,0.0,0.0,-3.0,-4.0
512,619,0.0,-1.0,0.0,0.0,-3.0
513,620,0.0,0.0,0.0,0.0,-2.0
514,622,0.0,0.0,0.0,-1.0,-4.0
515,623,-1.0,0.0,0.0,0.0,-1.0
516,624,-2.0,0.0,0.0,0.0,-3.0
517,625,-1.0,0.0,0.0,0.0,-3.0
518,626,-1.0,-1.0,0.0,-1.0,-5.0
519,627,0.0,0.0,0.0,0.0,-2.0
520,628,-1.0,0.0,0.0,-2.0,-6.0
521,629,0.0,0.0,0.0,0.0,-2.0
522,630,0.0,0.0,0.0,0.0,-2.0
523,631,0.0,0.0,-2.0,-1.0,-3.0
524,633,-2.0,-1.0,0.0,0.0,-4.0
525,634,0.0,-1.0,0.0,-1.0,-2.0
526,635,0.0,0.0,0.0,0.0,-2.0
527,636,0.0,-1.0,0.0,0.0,-3.0
528,637,-1.0,-1.0,0.0,0.0,-2.0
529,638,0.0,0.0,0.0,0.0,-5.0
530,639,0.0,0.0,0.0,0.0,-1.0
531,640,0.0,-1.0,0.0,-1.0,-6.0
532,641,0.0,-2.0,0.0,-1.0,-5.0
533,644,0.0,-1.0,-1.0,0.0,-6.0
534,645,0.0,0.0,0.0,0.0,0.0
535,646,0.0,0.0,0.0,0.0,0.0
536,647,0.0,0.0,-2.0,-1.0,-3.0
537,648,0.0,-1.0,0.0,0.0,-5.0
538,650,0.0,0.0,0.0,0.0,0.0
539,651,0.0,-1.0,0.0,0.0,-1.0
540,652,0.0,0.0,0.0,0.0,-1.0
541,653,-1.0,-1.0,0.0,0.0,-4.0
542,654,0.0,0.0,0.0,0.0,0.0
543,655,0.0,0.0,0.0,0.0,-3.0
544,656,0.0,0.0,-1.0,0.0,-2.0
545,657,0.0,0.0,0.0,-1.0,-5.0
546,658,-2.0,0.0,0.0,0.0,-3.0
547,660,-1.0,0.0,-2.0,0.0,-3.0
548,661,0.0,0.0,-1.0,0.0,-2.0
549,664,0.0,0.0,0.0,0.0,-2.0
550,665,-1.0,-1.0,0.0,0.0,-5.0
551,666,0.0,0.0,0.0,0.0,0.0
552,667,-1.0,0.0,0.0,0.0,-2.0
553,668,0.0,-1.0,0.0,0.0,-2.0
554,669,-1.0,0.0,0.0,0.0,-4.0
555,670,0.0,-1.0,0.0,-1.0,-4.0
556,671,-1.0,0.0,0.0,-1.0,-3.0
557,672,0.0,0.0,0.0,0.0,-2.0
558,673,0.0,0.0,0.0,0.0,-2.0
559,674,0.0,0.0,0.0,0.0,-4.0
560,675,-2.0,0.0,0.0,0.0,-3.0
561,676,0.0,0.0,0.0,0.0,-3.0
562,677,0.0,-1.0,-1.0,0.0,-2.0
563,678,-1.0,-1.0,-1.0,0.0,-8.0
564,679,0.0,-1.0,0.0,0.0,-1.0
565,680,-2.0,0.0,0.0,0.0,-3.0
566,681,0.0,0.0,0.0,0.0,-1.0
567,682,0.0,0.0,0.0,0.0,0.0
568,683,0.0,-1.0,-1.0,0.0,-3.0
569,684,0.0,0.0,-1.0,0.0,-1.0
570,685,0.0,0.0,0.0,0.0,0.0
571,686,0.0,0.0,0.0,0.0,0.0
572,687,-1.0,-2.0,0.0,0.0,-5.0
573,688,-1.0,-1.0,0.0,0.0,-2.0
574,689,0.0,0.0,0.0,0.0,0.0
575,690,0.0,-1.0,0.0,-1.0,-2.0
576,691,0.0,0.0,0.0,-1.0,-4.0
577,692,0.0,0.0,-1.0,0.0,0.0
578,693,0.0,0.0,0.0,0.0,-2.0
579,700,-2.0,0.0,0.0,0.0,-5.0
580,701,-3.0,0.0,-2.0,0.0,-3.0
581,703,-4.0,-1.0,-1.0,-1.0,-7.0
582,704,0.0,-1.0,0.0,0.0,-6.0
583,705,-4.0,-2.0,-1.0,-1.0,-13.0
584,706,-3.0,0.0,0.0,-2.0,-7.0
585,707,-1.0,-1.0,0.0,0.0,-5.0
586,708,0.0,-1.0,0.0,0.0,-1.0
587,710,-1.0,0.0,-1.0,0.0,-7.0
588,711,0.0,0.0,0.0,0.0,-2.0
589,712,-2.0,0.0,0.0,-1.0,-6.0
590,713,0.0,0.0,0.0,-1.0,-2.0
591,714,0.0,0.0,0.0,-1.0,-6.0
592,716,-1.0,0.0,0.0,0.0,-3.0
593,717,0.0,-1.0,-1.0,0.0,-2.0
594,718,-2.0,0.0,0.0,0.0,-8.0
595,719,0.0,0.0,0.0,-1.0,-3.0
596,720,0.0,0.0,0.0,-1.0,-4.0
597,721,0.0,0.0,-1.0,-1.0,-2.0
598,722,0.0,0.0,0.0,-1.0,-2.0
599,723,-3.0,-2.0,0.0,-1.0,-9.0
600,724,0.0,0.0,0.0,-1.0,-2.0
601,725,0.0,0.0,0.0,0.0,-1.0
602,726,0.0,0.0,0.0,0.0,-2.0
603,727,0.0,0.0,-1.0,0.0,-2.0
604,728,0.0,-1.0,0.0,0.0,-2.0
605,729,-1.0,0.0,-1.0,0.0,-4.0
606,730,0.0,0.0,0.0,0.0,-7.0
607,731,0.0,-1.0,0.0,0.0,-2.0
608,734,0.0,0.0,0.0,0.0,0.0
609,735,0.0,-1.0,0.0,-1.0,-4.0
610,736,0.0,-1.0,-1.0,0.0,-3.0
611,737,-1.0,0.0,0.0,-1.0,-2.0
612,738,0.0,0.0,0.0,0.0,0.0
613,739,0.0,0.0,0.0,0.0,-5.0
614,740,-2.0,0.0,-1.0,0.0,-6.0
615,741,0.0,-1.0,0.0,-1.0,-1.0
616,743,0.0,-2.0,0.0,-1.0,-6.0
617,744,-1.0,-2.0,0.0,-1.0,-4.0
618,745,-1.0,0.0,-1.0,-1.0,-5.0
619,746,-1.0,0.0,0.0,0.0,-1.0
620,747,0.0,-2.0,0.0,0.0,-3.0
621,748,-1.0,-1.0,0.0,-1.0,-5.0
622,749,-2.0,-1.0,0.0,0.0,-4.0
623,750,0.0,-1.0,-1.0,-1.0,-6.0
624,751,-2.0,0.0,0.0,-2.0,-9.0
625,752,0.0,0.0,0.0,0.0,-2.0
626,754,-2.0,0.0,-1.0,-1.0,-9.0
627,755,-1.0,0.0,-1.0,-1.0,-4.0
628,756,-2.0,-1.0,-2.0,-1.0,-5.0
629,757,0.0,-2.0,0.0,-1.0,-4.0
630,758,-2.0,0.0,-2.0,-1.0,-5.0
631,759,-3.0,-1.0,0.0,-3.0,-8.0
632,760,-1.0,-2.0,0.0,-1.0,-6.0
633,761,0.0,-1.0,0.0,-1.0,-2.0
634,762,-1.0,-1.0,-1.0,-1.0,-8.0
635,763,0.0,0.0,-1.0,0.0,-2.0
636,764,0.0,0.0,0.0,0.0,-2.0
637,765,-1.0,-1.0,0.0,0.0,-6.0
638,766,-1.0,-1.0,0.0,0.0,-4.0
639,767,0.0,0.0,0.0,0.0,-1.0
640,768,0.0,0.0,-1.0,-1.0,-4.0
641,769,-1.0,-1.0,0.0,-1.0,-5.0
642,770,-1.0,-3.0,-1.0,-1.0,-13.0
643,773,-1.0,-1.0,0.0,0.0,-8.0
644,774,-3.0,-2.0,0.0,0.0,-8.0
645,775,-2.0,-5.0,-3.0,-2.0,-11.0
646,776,0.0,0.0,0.0,0.0,-4.0
647,777,0.0,-1.0,0.0,0.0,-1.0
648,778,-1.0,-2.0,-1.0,-2.0,-4.0
649,779,0.0,0.0,0.0,-1.0,-5.0
650,780,0.0,-1.0,-2.0,-1.0,-12.0
651,781,0.0,-1.0,0.0,0.0,-3.0
652,782,0.0,0.0,0.0,0.0,-1.0
653,783,-2.0,0.0,-1.0,-6.0,-8.0
654,784,0.0,0.0,0.0,0.0,0.0
655,785,-1.0,0.0,0.0,-1.0,-6.0
656,786,0.0,0.0,-3.0,-2.0,-8.0
657,787,0.0,0.0,-1.0,0.0,-1.0
658,788,-1.0,-1.0,-1.0,0.0,-5.0
659,789,-1.0,-1.0,-1.0,0.0,-3.0
660,790,-1.0,-2.0,-3.0,-1.0,-14.0
661,791,-1.0,-1.0,0.0,0.0,-3.0
662,792,-1.0,-1.0,0.0,-1.0,-6.0
663,793,0.0,0.0,0.0,0.0,-3.0
664,794,-1.0,-1.0,0.0,0.0,-2.0
665,795,-1.0,0.0,0.0,-1.0,-4.0
666,796,0.0,0.0,0.0,0.0,0.0
667,797,0.0,-1.0,-1.0,-5.0,-9.0
668,798,-1.0,-1.0,0.0,0.0,-1.0
669,799,0.0,-1.0,0.0,0.0,-2.0
670,800,0.0,0.0,0.0,0.0,-4.0
671,801,-1.0,0.0,0.0,0.0,-2.0
672,802,0.0,0.0,0.0,0.0,-3.0
673,804,0.0,-1.0,0.0,0.0,-1.0
674,805,0.0,0.0,0.0,0.0,-2.0
675,806,0.0,-1.0,-2.0,0.0,-4.0
676,807,-2.0,0.0,-1.0,0.0,-4.0
677,808,-1.0,0.0,0.0,0.0,-4.0
678,809,0.0,0.0,0.0,0.0,-1.0
679,810,-1.0,0.0,0.0,-1.0,-8.0
680,811,0.0,0.0,0.0,-1.0,-3.0
681,812,0.0,0.0,0.0,0.0,-3.0
682,813,0.0,0.0,0.0,0.0,-1.0
683,814,0.0,0.0,0.0,0.0,0.0
684,815,0.0,0.0,-1.0,-1.0,-2.0
685,816,0.0,0.0,0.0,0.0,-1.0
686,820,0.0,-1.0,0.0,-1.0,-2.0
687,822,-1.0,0.0,0.0,0.0,-1.0
688,823,0.0,0.0,-1.0,0.0,-3.0
689,824,-1.0,-1.0,0.0,0.0,-3.0
690,825,-1.0,-1.0,0.0,0.0,-2.0
691,826,-2.0,-1.0,0.0,0.0,-3.0
692,827,0.0,0.0,0.0,0.0,0.0
693,828,0.0,0.0,0.0,0.0,-2.0
694,829,-1.0,0.0,0.0,0.0,-1.0
695,830,0.0,0.0,0.0,0.0,0.0
696,831,0.0,0.0,0.0,0.0,0.0
697,832,-1.0,-3.0,-2.0,0.0,-6.0
698,833,0.0,0.0,0.0,-2.0,-4.0
699,834,0.0,-1.0,0.0,-1.0,-3.0
700,835,-1.0,0.0,0.0,0.0,-1.0
701,836,0.0,-1.0,0.0,-1.0,-1.0
702,837,0.0,0.0,0.0,0.0,0.0
703,838,0.0,0.0,0.0,-1.0,-3.0
704,840,-1.0,0.0,0.0,0.0,-2.0
705,841,0.0,0.0,0.0,0.0,-1.0
706,843,-1.0,0.0,-1.0,0.0,-2.0
707,844,0.0,0.0,-1.0,0.0,-1.0
708,845,0.0,0.0,-2.0,0.0,-2.0
709,846,0.0,0.0,0.0,0.0,-2.0
710,847,0.0,-1.0,0.0,0.0,-5.0
711,850,0.0,0.0,0.0,0.0,-1.0
712,851,0.0,0.0,0.0,0.0,0.0
713,852,0.0,0.0,0.0,0.0,0.0
714,853,-1.0,-1.0,0.0,0.0,-4.0
715,855,0.0,0.0,0.0,0.0,0.0
716,856,-1.0,0.0,0.0,0.0,-2.0
717,857,0.0,0.0,0.0,0.0,-1.0
718,860,-1.0,0.0,-1.0,0.0,-4.0
719,863,0.0,0.0,0.0,0.0,-1.0
720,864,0.0,0.0,0.0,-1.0,-1.0
721,865,0.0,0.0,0.0,0.0,0.0
722,870,-1.0,0.0,0.0,0.0,-1.0
723,871,-1.0,0.0,0.0,0.0,-2.0
724,873,0.0,0.0,0.0,0.0,-1.0
725,874,0.0,0.0,0.0,0.0,-1.0
726,875,-1.0,0.0,0.0,0.0,-2.0
727,877,-1.0,-1.0,0.0,0.0,-4.0
728,878,0.0,0.0,0.0,0.0,-2.0
729,879,0.0,0.0,0.0,0.0,-1.0
730,880,0.0,0.0,0.0,-1.0,-10.0
731,881,-1.0,0.0,0.0,0.0,-4.0
732,882,0.0,0.0,0.0,-2.0,-11.0
733,883,0.0,-1.0,-1.0,0.0,-8.0
734,884,-1.0,0.0,0.0,0.0,-8.0
735,890,0.0,-1.0,0.0,0.0,-5.0
736,891,-1.0,-1.0,0.0,0.0,-3.0
737,893,0.0,0.0,0.0,0.0,0.0
738,894,0.0,-1.0,-1.0,-1.0,-5.0
739,895,0.0,0.0,-1.0,0.0,-1.0
740,898,0.0,0.0,0.0,0.0,0.0
741,900,0.0,0.0,-2.0,0.0,0.0
742,902,0.0,0.0,0.0,-1.0,-2.0
743,906,-1.0,-1.0,0.0,0.0,-2.0
744,907,0.0,0.0,0.0,0.0,0.0
745,908,0.0,0.0,-1.0,-1.0,-2.0
746,913,-1.0,0.0,0.0,0.0,-3.0
747,917,0.0,-1.0,-1.0,0.0,-2.0
748,919,0.0,-1.0,0.0,0.0,-2.0
749,920,0.0,0.0,0.0,-2.0,-2.0
750,921,0.0,0.0,0.0,0.0,0.0
751,922,-1.0,-2.0,-1.0,-1.0,-6.0
752,923,0.0,-4.0,-3.0,0.0,-10.0
753,925,0.0,0.0,0.0,0.0,-2.0
754,928,-2.0,0.0,0.0,0.0,-2.0
755,930,0.0,-1.0,0.0,0.0,-2.0
756,932,-1.0,-1.0,0.0,0.0,-4.0
757,933,0.0,0.0,0.0,-1.0,-2.0
758,934,0.0,0.0,0.0,0.0,-2.0
759,935,0.0,0.0,0.0,0.0,-4.0
760,936,0.0,-1.0,0.0,-1.0,-4.0
761,937,0.0,0.0,0.0,0.0,-1.0
762,939,0.0,0.0,0.0,0.0,0.0
763,940,0.0,0.0,0.0,0.0,-1.0
764,945,0.0,0.0,0.0,0.0,-5.0
765,946,0.0,0.0,0.0,0.0,0.0
766,948,0.0,0.0,0.0,0.0,0.0
767,950,0.0,0.0,0.0,0.0,0.0
768,951,0.0,0.0,0.0,0.0,0.0
769,952,0.0,0.0,0.0,0.0,0.0
770,953,0.0,0.0,0.0,0.0,-3.0
771,954,-1.0,0.0,0.0,-1.0,-3.0
772,955,0.0,0.0,0.0,0.0,-1.0
773,956,0.0,0.0,-1.0,0.0,-2.0
774,957,0.0,0.0,0.0,0.0,0.0
775,958,-1.0,0.0,0.0,0.0,-1.0
776,959,0.0,-1.0,0.0,0.0,-2.0
777,960,0.0,0.0,0.0,-1.0,0.0
778,961,0.0,0.0,0.0,0.0,0.0
779,970,0.0,0.0,0.0,0.0,-2.0
780,971,0.0,0.0,0.0,0.0,-1.0
781,972,0.0,0.0,0.0,0.0,-1.0
782,973,0.0,0.0,0.0,0.0,-1.0
783,974,-1.0,0.0,0.0,0.0,-2.0
784,975,0.0,0.0,0.0,0.0,0.0
785,976,0.0,0.0,0.0,0.0,-3.0
786,977,0.0,0.0,0.0,0.0,0.0
787,978,-1.0,-1.0,0.0,0.0,-2.0
788,979,-1.0,0.0,0.0,0.0,-2.0
789,980,0.0,0.0,0.0,0.0,-1.0
790,981,0.0,-1.0,0.0,0.0,-3.0
791,982,-1.0,0.0,-1.0,0.0,-3.0
792,983,0.0,0.0,0.0,0.0,0.0
793,984,0.0,0.0,0.0,0.0,0.0
794,985,0.0,0.0,-1.0,0.0,-1.0
795,986,0.0,0.0,0.0,0.0,0.0
796,988,0.0,0.0,0.0,0.0,-1.0
797,989,0.0,0.0,0.0,-1.0,-4.0
798,990,0.0,0.0,0.0,0.0,0.0
799,991,-1.0,-1.0,0.0,0.0,-2.0
800,992,0.0,0.0,0.0,-1.0,-1.0
801,993,0.0,-1.0,-1.0,0.0,-2.0
802,995,0.0,0.0,0.0,0.0,0.0
803,996,0.0,0.0,0.0,0.0,0.0
804,997,0.0,0.0,0.0,0.0,-2.0
805,998,0.0,0.0,0.0,0.0,0.0
