REPORT_DATE,FATALITIES,STATE,COUNTY,change_2007,change_2008,change_2015,change_2016,change_2006_2016,indicator_2002_2006,indicator_1999_2001,indicator_1993_1998
2024-09-17,1,MD,24009,0.0,0.0,0.0,0.0,0.0,0,0,0
2024-09-17,1,MD,24009,0.0,0.0,0.0,0.0,0.0,0,0,0
2024-09-17,1,MD,24009,0.0,0.0,0.0,0.0,0.0,0,0,0
2024-11-27,1,NC,37195,0.0,0.0,0.0,0.0,0.0,0,0,0
2024-11-22,1,NV,32003,0.0,-2.0,0.0,0.0,-3.0,0,0,0
2024-08-05,1,CA,06001,0.0,0.0,1.0,0.0,0.0,0,0,0
2023-12-05,2,CA,06037,0.0,0.0,-2.0,0.0,-6.0,0,0,0
2024-07-29,1,CA,06065,0.0,0.0,0.0,-1.0,2.0,0,0,0
2024-11-03,1,NC,37081,0.0,0.0,-1.0,0.0,1.0,0,0,0
2024-10-11,1,ID,16027,0.0,0.0,0.0,1.0,1.0,0,0,0
2024-10-13,1,KY,21093,0.0,-1.0,0.0,0.0,-2.0,0,0,0
2024-10-31,1,TN,47011,1.0,-1.0,0.0,0.0,1.0,0,0,0
2024-10-20,1,OK,40083,0.0,0.0,0.0,0.0,1.0,0,0,0
2024-10-18,1,FL,12097,0.0,0.0,0.0,0.0,-1.0,0,0,0
2024-10-13,1,KY,21213,0.0,0.0,0.0,0.0,0.0,0,0,0
2024-09-28,1,WI,55079,0.0,0.0,0.0,0.0,0.0,0,0,0
2024-10-09,1,NV,32027,0.0,0.0,0.0,0.0,1.0,0,0,0
2024-09-18,1,OK,40017,0.0,0.0,0.0,1.0,0.0,0,0,0
2024-09-07,1,WY,56007,0.0,0.0,0.0,0.0,1.0,0,0,0
2024-04-17,1,CA,06077,0.0,1.0,0.0,1.0,1.0,0,0,0
2024-07-25,1,WA,53033,0.0,0.0,0.0,0.0,-3.0,0,0,0
2024-10-04,1,AL,01015,0.0,0.0,0.0,0.0,-1.0,0,0,0
2024-09-19,1,MI,26145,0.0,0.0,0.0,0.0,-1.0,0,0,0
2024-09-14,1,KY,21145,0.0,0.0,0.0,0.0,-1.0,0,0,0
2024-06-06,2,AZ,04005,-1.0,1.0,0.0,1.0,0.0,0,0,0
2024-08-30,1,OH,39061,0.0,0.0,0.0,0.0,-2.0,0,0,0
2024-09-11,1,AL,01125,-1.0,2.0,0.0,0.0,1.0,0,0,0
2023-11-29,1,NY,36013,0.0,-1.0,0.0,0.0,-1.0,0,0,0
2023-11-29,1,NY,36013,0.0,-1.0,0.0,0.0,-1.0,0,0,0
2024-08-29,1,VA,51149,1.0,0.0,0.0,0.0,1.0,0,0,0
2024-08-18,1,FL,12109,0.0,0.0,0.0,0.0,0.0,0,0,0
2024-08-14,1,MO,29510,0.0,0.0,-1.0,0.0,0.0,0,0,0
2024-08-22,1,NC,37119,0.0,0.0,0.0,0.0,0.0,0,0,0
2024-04-02,1,CA,06037,0.0,0.0,-2.0,0.0,-6.0,0,0,0
2024-08-18,1,NV,32031,0.0,-1.0,-1.0,0.0,-1.0,0,0,0
2024-02-25,1,CA,06073,0.0,-1.0,0.0,-1.0,-1.0,0,0,0
2024-08-02,1,FL,12011,0.0,1.0,0.0,0.0,1.0,0,0,0
2024-08-12,1,OR,41051,0.0,0.0,0.0,0.0,-1.0,0,0,0
2024-08-10,1,SC,45055,-1.0,1.0,0.0,0.0,0.0,0,0,0
2022-10-07,1,OH,39025,0.0,0.0,0.0,-1.0,0.0,0,0,0
2022-06-07,1,CA,06071,1.0,-4.0,-3.0,1.0,-5.0,0,0,0
2024-07-12,1,AZ,04013,1.0,0.0,1.0,0.0,4.0,0,0,0
2022-02-14,1,OH,39155,0.0,0.0,0.0,0.0,1.0,0,0,0
2024-07-31,1,SC,45059,0.0,0.0,0.0,0.0,0.0,0,0,0
2024-06-14,1,WA,53053,0.0,1.0,0.0,0.0,2.0,0,0,0
2024-06-06,2,AZ,04005,-1.0,1.0,0.0,1.0,0.0,0,0,0
2022-11-23,1,OH,39095,0.0,0.0,0.0,1.0,2.0,0,0,0
2022-06-29,1,OH,39049,0.0,0.0,0.0,-2.0,0.0,0,0,0
2022-11-23,1,FL,12099,1.0,-1.0,0.0,0.0,2.0,0,0,0
2024-06-22,2,NC,37153,0.0,0.0,0.0,0.0,-1.0,0,0,0
2024-07-20,1,AR,05123,-1.0,-1.0,0.0,-1.0,-3.0,0,0,0
2024-05-15,1,SC,45033,0.0,0.0,0.0,0.0,1.0,0,0,0
2022-11-26,1,OK,40145,0.0,0.0,1.0,-1.0,0.0,0,0,0
2024-03-28,2,CA,06037,0.0,0.0,-2.0,0.0,-6.0,0,0,0
2022-09-03,1,OK,40081,0.0,0.0,0.0,0.0,0.0,0,0,0
2022-08-09,1,OK,40143,0.0,0.0,1.0,-1.0,0.0,0,0,0
2024-06-25,1,OH,39017,0.0,0.0,0.0,0.0,-2.0,0,0,0
2022-03-18,1,CT,09009,0.0,0.0,-2.0,0.0,-1.0,0,0,0
2024-07-01,1,TN,47037,1.0,0.0,0.0,0.0,1.0,0,0,0
2023-10-15,1,CA,06107,-1.0,0.0,0.0,0.0,0.0,0,0,0
2024-06-20,1,WA,53033,0.0,0.0,0.0,0.0,-3.0,0,0,0
2024-06-21,2,VA,51153,0.0,-1.0,0.0,0.0,-1.0,0,0,0
2024-06-18,1,SC,45063,-4.0,4.0,1.0,0.0,1.0,0,0,0
2024-04-05,1,NJ,34013,0.0,-1.0,0.0,0.0,-1.0,0,0,0
2024-06-14,1,KY,21029,0.0,0.0,-1.0,0.0,0.0,0,0,0
2024-05-09,1,NY,36055,0.0,0.0,0.0,0.0,1.0,0,0,0
2024-06-01,1,SC,45079,0.0,0.0,0.0,0.0,-2.0,0,0,0
2024-04-27,1,LA,22061,0.0,0.0,0.0,0.0,1.0,0,0,0
2024-01-01,1,MI,26163,-5.0,-2.0,-2.0,1.0,-5.0,0,0,0
2024-06-03,1,TN,47037,1.0,0.0,0.0,0.0,1.0,0,0,0
2024-04-05,1,NE,31105,0.0,0.0,0.0,0.0,-1.0,0,0,0
2024-05-18,1,NV,32015,0.0,0.0,0.0,0.0,0.0,0,0,0
2022-04-18,1,NJ,34033,0.0,0.0,0.0,0.0,2.0,0,0,0
2024-03-26,1,CA,06033,0.0,0.0,1.0,0.0,0.0,0,0,0
2024-05-18,1,AL,01073,0.0,-1.0,0.0,0.0,-3.0,0,0,0
2024-03-08,1,CA,06071,1.0,-4.0,-3.0,1.0,-5.0,0,0,0
2024-04-25,2,CA,06073,0.0,-1.0,0.0,-1.0,-1.0,0,0,0
2023-12-17,1,CA,06031,0.0,0.0,0.0,0.0,0.0,0,0,0
2024-04-21,1,NE,31019,0.0,0.0,0.0,0.0,0.0,0,0,0
2024-03-31,1,OK,40143,0.0,0.0,1.0,-1.0,0.0,0,0,0
2023-07-16,1,CA,06037,0.0,0.0,-2.0,0.0,-6.0,0,0,0
2024-04-29,1,KY,21029,0.0,0.0,-1.0,0.0,0.0,0,0,0
2024-04-26,1,AL,01015,0.0,0.0,0.0,0.0,-1.0,0,0,0
2024-04-03,2,LA,22097,0.0,0.0,1.0,0.0,-1.0,0,0,0
2023-06-01,1,CA,06037,0.0,0.0,-2.0,0.0,-6.0,0,0,0
2024-04-05,2,CA,06071,1.0,-4.0,-3.0,1.0,-5.0,0,0,0
2024-04-13,3,SC,45079,0.0,0.0,0.0,0.0,-2.0,0,0,0
2024-04-14,1,NC,37071,0.0,0.0,0.0,0.0,0.0,0,0,0
2024-03-28,1,NC,37091,0.0,0.0,0.0,0.0,1.0,0,0,0
2024-03-16,1,IL,17043,-1.0,0.0,0.0,2.0,4.0,0,0,0
2024-04-04,1,SC,45007,0.0,0.0,-1.0,0.0,-3.0,0,0,0
2024-04-11,1,TN,47093,-1.0,0.0,0.0,0.0,-1.0,0,0,0
2024-03-28,1,IL,17037,0.0,0.0,0.0,0.0,0.0,0,0,0
2023-12-31,1,CA,06013,0.0,0.0,0.0,0.0,-1.0,0,0,0
2024-03-28,1,NC,37091,0.0,0.0,0.0,0.0,1.0,0,0,0
2024-01-19,1,OR,41047,0.0,0.0,1.0,0.0,0.0,0,0,0
2024-01-03,1,CA,06029,2.0,1.0,0.0,0.0,1.0,0,0,0
2024-02-28,1,NC,37057,0.0,0.0,0.0,0.0,-1.0,0,0,0
2024-02-28,1,AR,05019,0.0,0.0,0.0,-1.0,-1.0,0,0,0
2023-11-11,1,CA,06077,0.0,1.0,0.0,1.0,1.0,0,0,0
2024-02-22,1,KY,21111,0.0,0.0,0.0,0.0,0.0,0,0,0
2024-02-21,2,GA,13051,0.0,0.0,0.0,0.0,-3.0,0,0,0
2023-12-29,1,WA,53053,0.0,1.0,0.0,0.0,2.0,0,0,0
2023-10-18,1,MI,26025,1.0,0.0,0.0,0.0,0.0,0,0,0
2023-10-29,1,CO,08059,0.0,0.0,0.0,0.0,0.0,0,0,0
2022-10-25,1,NV,32003,0.0,-2.0,0.0,0.0,-3.0,0,0,0
2024-01-18,1,IN,18087,0.0,0.0,0.0,0.0,1.0,0,0,0
2023-08-01,1,AZ,04015,0.0,0.0,1.0,-1.0,1.0,0,0,0
2024-01-09,1,OH,39113,0.0,0.0,0.0,1.0,2.0,0,0,0
2024-01-26,1,AL,01015,0.0,0.0,0.0,0.0,-1.0,0,0,0
2024-01-21,1,NC,37097,0.0,0.0,0.0,-1.0,-4.0,0,0,0
2023-12-30,1,AZ,04015,0.0,0.0,1.0,-1.0,1.0,0,0,0
2024-01-16,1,TN,47189,0.0,0.0,0.0,0.0,0.0,0,0,0
2023-11-05,1,CA,06037,0.0,0.0,-2.0,0.0,-6.0,0,0,0
2023-10-22,1,CA,06047,0.0,1.0,0.0,0.0,0.0,0,0,0
2023-12-15,1,VA,51121,0.0,0.0,0.0,0.0,-1.0,0,0,0
2024-01-02,1,GA,13135,0.0,0.0,1.0,0.0,1.0,0,0,0
2023-12-27,1,AL,01085,1.0,0.0,0.0,-1.0,1.0,0,0,0
2023-12-14,1,SC,45053,0.0,0.0,0.0,-1.0,0.0,0,0,0
2023-04-01,1,CA,06071,1.0,-4.0,-3.0,1.0,-5.0,0,0,0
2023-11-16,1,LA,22097,0.0,0.0,1.0,0.0,-1.0,0,0,0
2023-08-06,2,SC,45007,0.0,0.0,-1.0,0.0,-3.0,0,0,0
2023-10-29,1,MO,29161,1.0,0.0,0.0,0.0,1.0,0,0,0
2023-10-28,1,NC,37069,0.0,0.0,0.0,0.0,1.0,0,0,0
2023-05-01,1,NJ,34023,-1.0,1.0,0.0,-2.0,0.0,0,0,0
2023-10-27,1,LA,22019,-2.0,1.0,0.0,-2.0,-3.0,0,0,0
2023-11-14,2,NV,32003,0.0,-2.0,0.0,0.0,-3.0,0,0,0
2023-10-27,1,MI,26133,0.0,0.0,0.0,0.0,0.0,0,0,0
2023-10-12,1,NC,37061,0.0,0.0,0.0,1.0,1.0,0,0,0
2023-10-16,1,SC,45039,0.0,0.0,0.0,0.0,0.0,0,0,0
2023-08-24,1,FL,12003,0.0,0.0,0.0,0.0,0.0,0,0,0
2023-10-14,1,NC,37063,0.0,0.0,0.0,0.0,0.0,0,0,0
2023-10-19,1,NC,37071,0.0,0.0,0.0,0.0,0.0,0,0,0
2023-09-01,1,MS,28049,0.0,0.0,0.0,0.0,-1.0,0,0,0
2023-06-23,1,MI,26025,1.0,0.0,0.0,0.0,0.0,0,0,0
2023-09-12,1,OK,40109,2.0,-1.0,2.0,0.0,2.0,0,0,0
2023-09-23,1,ID,16053,0.0,0.0,0.0,0.0,-1.0,0,0,0
2023-09-22,1,SC,45007,0.0,0.0,-1.0,0.0,-3.0,0,0,0
2023-06-17,1,CA,06059,-3.0,0.0,0.0,0.0,-3.0,0,0,0
2023-08-09,1,CA,06085,0.0,0.0,1.0,0.0,0.0,0,0,0
2023-07-08,1,CA,06023,0.0,0.0,1.0,0.0,-1.0,0,0,0
2023-09-13,2,AR,05143,0.0,0.0,0.0,1.0,2.0,0,0,0
2023-09-06,1,OK,40025,0.0,0.0,0.0,0.0,-1.0,0,0,0
2022-01-26,1,OK,40081,0.0,0.0,0.0,0.0,0.0,0,0,0
2022-01-26,1,OK,40081,0.0,0.0,0.0,0.0,0.0,0,0,0
2023-08-27,1,IN,18081,-1.0,0.0,0.0,0.0,-1.0,0,0,0
2023-08-04,1,OK,40035,0.0,0.0,0.0,-1.0,-3.0,0,0,0
2023-08-24,1,VA,51087,-1.0,0.0,0.0,0.0,-3.0,0,0,0
2023-08-24,1,VA,51087,-1.0,0.0,0.0,0.0,-3.0,0,0,0
2023-08-04,1,OK,40145,0.0,0.0,1.0,-1.0,0.0,0,0,0
2023-02-25,1,CA,06071,1.0,-4.0,-3.0,1.0,-5.0,0,0,0
2023-05-27,1,CA,06037,0.0,0.0,-2.0,0.0,-6.0,0,0,0
2023-01-11,1,CA,06071,1.0,-4.0,-3.0,1.0,-5.0,0,0,0
2023-06-01,1,AZ,04013,1.0,0.0,1.0,0.0,4.0,0,0,0
2021-08-07,1,VA,51023,0.0,0.0,0.0,-1.0,-1.0,0,0,0
2023-07-12,3,IL,17119,0.0,0.0,0.0,1.0,1.0,0,0,0
2023-07-08,1,IN,18151,0.0,0.0,1.0,0.0,1.0,0,0,0
2023-05-13,1,CA,06039,0.0,0.0,0.0,-1.0,-2.0,0,0,0
2023-03-31,1,KS,20091,0.0,0.0,-1.0,0.0,-1.0,0,0,0
2023-06-10,2,GA,13067,-1.0,0.0,0.0,-1.0,-3.0,0,0,0
2023-07-04,2,NV,32021,0.0,0.0,0.0,1.0,1.0,0,0,0
2022-10-19,1,OR,41043,0.0,0.0,0.0,0.0,1.0,0,0,0
2023-06-16,1,GA,13089,0.0,-1.0,0.0,0.0,-2.0,0,0,0
2023-01-27,1,CA,06071,1.0,-4.0,-3.0,1.0,-5.0,0,0,0
2023-07-02,2,TN,47171,0.0,0.0,0.0,0.0,0.0,0,0,0
2023-04-07,3,OH,39061,0.0,0.0,0.0,0.0,-2.0,0,0,0
2023-06-22,1,AL,01049,0.0,-1.0,0.0,0.0,-1.0,0,0,0
2023-05-02,1,ME,23007,0.0,0.0,0.0,-1.0,-1.0,0,0,0
2023-02-14,1,CA,06001,0.0,0.0,1.0,0.0,0.0,0,0,0
2023-06-19,1,MA,25027,-1.0,-1.0,1.0,0.0,1.0,0,0,0
2023-05-18,7,OR,41047,0.0,0.0,1.0,0.0,0.0,0,0,0
2023-05-20,1,LA,22055,0.0,0.0,-1.0,0.0,-1.0,0,0,0
2023-04-30,1,OR,41029,0.0,0.0,0.0,0.0,0.0,0,0,0
2023-05-08,1,NC,37087,0.0,0.0,0.0,0.0,0.0,0,0,0
2023-05-01,1,NM,35037,-1.0,0.0,0.0,0.0,0.0,0,0,0
2021-08-14,1,MN,27123,0.0,0.0,0.0,0.0,-1.0,0,0,0
2021-10-28,1,NH,33015,-1.0,0.0,0.0,0.0,0.0,0,0,0
2021-11-07,1,DE,10001,0.0,0.0,0.0,0.0,0.0,0,0,0
2023-01-30,1,CA,06065,0.0,0.0,0.0,-1.0,2.0,0,0,0
2021-02-18,1,SC,45029,-1.0,0.0,0.0,0.0,-2.0,0,0,0
2021-02-09,1,SC,45085,0.0,0.0,0.0,0.0,1.0,0,0,0
2023-05-06,1,NC,37001,0.0,0.0,0.0,0.0,-1.0,0,0,0
2021-09-27,2,NV,32007,0.0,0.0,0.0,0.0,1.0,0,0,0
2023-04-27,1,SC,45021,0.0,0.0,0.0,0.0,0.0,0,0,0
2023-04-02,1,GA,13089,0.0,-1.0,0.0,0.0,-2.0,0,0,0
2023-04-02,1,GA,13089,0.0,-1.0,0.0,0.0,-2.0,0,0,0
2023-04-02,1,GA,13089,0.0,-1.0,0.0,0.0,-2.0,0,0,0
2021-04-12,1,MT,30031,0.0,-1.0,1.0,0.0,0.0,0,0,0
2022-08-05,2,CA,06081,0.0,0.0,0.0,1.0,0.0,0,0,0
2022-06-28,1,CA,06107,-1.0,0.0,0.0,0.0,0.0,0,0,0
2022-10-25,1,CA,06081,0.0,0.0,0.0,1.0,0.0,0,0,0
2023-03-25,1,GA,13179,0.0,0.0,0.0,0.0,0.0,0,0,0
2021-05-21,2,CA,06067,-1.0,0.0,0.0,0.0,-1.0,0,0,0
2023-04-02,1,CT,09009,0.0,0.0,-2.0,0.0,-1.0,0,0,0
2023-04-14,1,MI,26163,-5.0,-2.0,-2.0,1.0,-5.0,0,0,0
2023-03-25,1,OR,41055,0.0,0.0,0.0,0.0,-1.0,0,0,0
2023-03-31,1,SC,45023,0.0,0.0,0.0,0.0,0.0,0,0,0
2022-04-14,1,CA,06039,0.0,0.0,0.0,-1.0,-2.0,0,0,0
2022-04-24,1,CA,06037,0.0,0.0,-2.0,0.0,-6.0,0,0,0
2023-04-03,1,SC,45045,0.0,0.0,0.0,0.0,1.0,0,0,0
2022-10-15,1,CA,06071,1.0,-4.0,-3.0,1.0,-5.0,0,0,0
2023-03-07,1,MD,24033,0.0,0.0,0.0,0.0,-3.0,0,0,0
2023-03-03,1,OH,39043,-1.0,0.0,0.0,0.0,2.0,0,0,0
2022-08-13,3,AR,05119,0.0,0.0,0.0,1.0,1.0,0,0,0
2023-01-06,1,CA,06029,2.0,1.0,0.0,0.0,1.0,0,0,0
2022-11-30,1,CT,09009,0.0,0.0,-2.0,0.0,-1.0,0,0,0
2023-03-10,1,VA,51131,0.0,0.0,0.0,0.0,0.0,0,0,0
2022-10-13,1,MI,26013,0.0,0.0,0.0,0.0,0.0,0,0,0
2023-01-25,1,LA,22031,1.0,0.0,0.0,0.0,0.0,0,0,0
2023-02-27,1,TN,47189,0.0,0.0,0.0,0.0,0.0,0,0,0
2023-02-25,1,NC,37059,0.0,0.0,0.0,0.0,0.0,0,0,0
2022-07-01,1,CA,06065,0.0,0.0,0.0,-1.0,2.0,0,0,0
2022-03-02,4,CA,06019,0.0,-1.0,0.0,0.0,1.0,0,0,0
2022-06-06,1,CA,06037,0.0,0.0,-2.0,0.0,-6.0,0,0,0
2023-02-16,1,SC,45021,0.0,0.0,0.0,0.0,0.0,0,0,0
2022-01-03,1,NJ,34023,-1.0,1.0,0.0,-2.0,0.0,0,0,0
2022-10-28,1,CA,06059,-3.0,0.0,0.0,0.0,-3.0,0,0,0
2023-01-25,1,WY,56027,0.0,0.0,0.0,0.0,0.0,0,0,0
2022-07-29,1,CA,06065,0.0,0.0,0.0,-1.0,2.0,0,0,0
2022-11-23,1,CA,06037,0.0,0.0,-2.0,0.0,-6.0,0,0,0
2022-06-02,1,CA,06071,1.0,-4.0,-3.0,1.0,-5.0,0,0,0
2023-02-10,1,AL,01073,0.0,-1.0,0.0,0.0,-3.0,0,0,0
2022-11-28,1,WA,53053,0.0,1.0,0.0,0.0,2.0,0,0,0
2022-11-03,1,OR,41047,0.0,0.0,1.0,0.0,0.0,0,0,0
2023-01-14,1,SC,45031,0.0,0.0,0.0,0.0,2.0,0,0,0
2022-02-01,1,GA,13179,0.0,0.0,0.0,0.0,0.0,0,0,0
2022-12-29,1,OR,41059,0.0,-1.0,0.0,0.0,0.0,0,0,0
2022-12-29,1,CA,06037,0.0,0.0,-2.0,0.0,-6.0,0,0,0
2022-12-20,1,OR,41051,0.0,0.0,0.0,0.0,-1.0,0,0,0
2021-02-18,1,SC,45029,-1.0,0.0,0.0,0.0,-2.0,0,0,0
2023-01-19,1,VA,51197,0.0,-1.0,0.0,0.0,-1.0,0,0,0
2022-12-06,3,LA,22069,0.0,0.0,0.0,0.0,0.0,0,0,0
2020-06-25,2,WI,55105,0.0,-1.0,1.0,-1.0,-2.0,0,0,0
2022-12-23,1,IL,17049,-1.0,0.0,0.0,0.0,-1.0,0,0,0
2022-08-28,1,CA,06037,0.0,0.0,-2.0,0.0,-6.0,0,0,0
2022-12-07,1,MD,24025,0.0,0.0,1.0,0.0,1.0,0,0,0
2022-12-07,1,MD,24025,0.0,0.0,1.0,0.0,1.0,0,0,0
2022-12-07,1,MD,24025,0.0,0.0,1.0,0.0,1.0,0,0,0
2022-12-07,1,MD,24025,0.0,0.0,1.0,0.0,1.0,0,0,0
2022-12-18,1,FL,12031,-1.0,-1.0,0.0,1.0,-3.0,0,0,0
2022-12-03,1,MI,26011,0.0,0.0,0.0,0.0,-1.0,0,0,0
2022-10-10,1,CO,08063,0.0,0.0,0.0,0.0,0.0,0,0,0
2022-11-20,2,CA,06059,-3.0,0.0,0.0,0.0,-3.0,0,0,0
2022-09-19,1,GA,13245,-1.0,-2.0,0.0,0.0,-5.0,0,0,0
2022-12-05,1,TN,47089,0.0,0.0,0.0,0.0,-1.0,0,0,0
2022-09-09,1,GA,13127,-1.0,0.0,1.0,0.0,0.0,0,0,0
2022-11-15,1,MO,29183,-1.0,-1.0,0.0,0.0,-2.0,0,0,0
2022-10-13,2,CA,06073,0.0,-1.0,0.0,-1.0,-1.0,0,0,0
2022-11-05,1,MD,24033,0.0,0.0,0.0,0.0,-3.0,0,0,0
2022-10-28,1,CA,06037,0.0,0.0,-2.0,0.0,-6.0,0,0,0
2022-11-09,1,OH,39023,0.0,0.0,0.0,0.0,-1.0,0,0,0
2021-12-19,1,CA,06071,1.0,-4.0,-3.0,1.0,-5.0,0,0,0
2022-11-06,1,KY,21111,0.0,0.0,0.0,0.0,0.0,0,0,0
2022-07-29,1,CA,06073,0.0,-1.0,0.0,-1.0,-1.0,0,0,0
2022-10-14,1,IL,17035,0.0,0.0,0.0,0.0,-1.0,0,0,0
2022-10-25,1,NV,32003,0.0,-2.0,0.0,0.0,-3.0,0,0,0
2022-09-30,1,KS,20091,0.0,0.0,-1.0,0.0,-1.0,0,0,0
2022-10-09,1,VA,51131,0.0,0.0,0.0,0.0,0.0,0,0,0
2022-07-06,1,NY,36101,1.0,0.0,0.0,0.0,2.0,0,0,0
2022-06-30,1,CA,06071,1.0,-4.0,-3.0,1.0,-5.0,0,0,0
2022-10-06,1,WA,53073,0.0,0.0,0.0,0.0,0.0,0,0,0
2022-09-07,1,MD,24027,0.0,0.0,0.0,0.0,-1.0,0,0,0
2022-09-07,1,MD,24027,0.0,0.0,0.0,0.0,-1.0,0,0,0
2022-05-17,1,CA,06065,0.0,0.0,0.0,-1.0,2.0,0,0,0
2022-08-07,1,MS,28073,0.0,0.0,2.0,0.0,1.0,0,0,0
2022-07-16,1,CA,06037,0.0,0.0,-2.0,0.0,-6.0,0,0,0
2022-09-09,1,OH,39097,0.0,0.0,0.0,0.0,1.0,0,0,0
2022-09-13,1,SC,45019,1.0,0.0,0.0,0.0,1.0,0,0,0
2022-06-17,1,GA,13097,-1.0,0.0,0.0,0.0,-1.0,0,0,0
2022-07-29,1,OR,41035,1.0,0.0,0.0,0.0,1.0,0,0,0
2022-08-30,1,NC,37119,0.0,0.0,0.0,0.0,0.0,0,0,0
2022-07-18,1,CT,09007,-1.0,0.0,0.0,0.0,-1.0,0,0,0
2022-07-22,1,CA,06107,-1.0,0.0,0.0,0.0,0.0,0,0,0
2022-02-13,2,GA,13067,-1.0,0.0,0.0,-1.0,-3.0,0,0,0
2022-02-24,1,GA,13271,0.0,0.0,0.0,0.0,0.0,0,0,0
2020-05-21,1,GA,13131,0.0,0.0,1.0,-1.0,0.0,0,0,0
2020-03-25,1,GA,13063,0.0,-1.0,0.0,0.0,-1.0,0,0,0
2022-08-09,1,AL,01119,0.0,-1.0,-1.0,0.0,-3.0,0,0,0
2022-07-29,1,OH,39095,0.0,0.0,0.0,1.0,2.0,0,0,0
2022-07-26,1,SC,45025,0.0,0.0,0.0,0.0,-1.0,0,0,0
2022-06-11,1,LA,22071,-3.0,1.0,-2.0,0.0,-2.0,0,0,0
2022-06-17,1,FL,12057,1.0,0.0,0.0,-1.0,-3.0,0,0,0
2022-07-17,1,AR,05059,0.0,0.0,0.0,-1.0,0.0,0,0,0
2022-05-20,1,CA,06099,0.0,0.0,0.0,0.0,-1.0,0,0,0
2022-03-04,1,CA,06065,0.0,0.0,0.0,-1.0,2.0,0,0,0
2022-06-08,1,CA,06037,0.0,0.0,-2.0,0.0,-6.0,0,0,0
2022-04-05,1,UT,49045,0.0,1.0,0.0,0.0,2.0,0,0,0
2022-05-23,1,WA,53033,0.0,0.0,0.0,0.0,-3.0,0,0,0
2022-05-08,1,CA,06037,0.0,0.0,-2.0,0.0,-6.0,0,0,0
2020-07-16,2,AZ,04013,1.0,0.0,1.0,0.0,4.0,0,0,0
2022-06-08,1,NC,37125,1.0,0.0,0.0,0.0,-1.0,0,0,0
2022-03-12,1,CA,06025,1.0,-2.0,-1.0,0.0,-3.0,0,0,0
2022-02-04,1,CA,06107,-1.0,0.0,0.0,0.0,0.0,0,0,0
2022-02-01,1,VA,51015,0.0,0.0,0.0,0.0,0.0,0,0,0
2022-02-01,1,VA,51015,0.0,0.0,0.0,0.0,0.0,0,0,0
2020-12-18,1,FL,12069,3.0,0.0,0.0,-1.0,2.0,0,0,0
2022-05-21,1,VA,51033,0.0,0.0,0.0,0.0,0.0,0,0,0
2022-05-21,1,VA,51033,0.0,0.0,0.0,0.0,0.0,0,0,0
2020-08-29,1,NM,35001,-1.0,0.0,0.0,0.0,-1.0,0,0,0
2022-04-28,2,NM,35025,0.0,0.0,1.0,-1.0,0.0,0,0,0
2020-04-22,1,CT,09001,0.0,0.0,-2.0,0.0,-1.0,0,0,0
2022-02-03,1,WV,54055,-1.0,0.0,0.0,0.0,-1.0,0,0,0
2022-03-23,1,MI,26161,0.0,0.0,0.0,0.0,-1.0,0,0,0
2022-05-01,1,TN,47157,0.0,1.0,0.0,-1.0,-1.0,0,0,0
2022-01-24,1,CA,06037,0.0,0.0,-2.0,0.0,-6.0,0,0,0
2022-04-02,1,CA,06095,0.0,0.0,0.0,0.0,2.0,0,0,0
2022-02-24,1,CA,06047,0.0,1.0,0.0,0.0,0.0,0,0,0
2022-01-15,1,IL,17031,0.0,0.0,1.0,0.0,5.0,0,0,0
2021-11-08,1,OH,39139,0.0,0.0,0.0,0.0,1.0,0,0,0
2021-10-24,2,OH,39169,0.0,0.0,0.0,-1.0,-1.0,0,0,0
2021-09-14,1,OH,39093,-1.0,-1.0,0.0,0.0,1.0,0,0,0
2022-01-08,1,GA,13089,0.0,-1.0,0.0,0.0,-2.0,0,0,0
2022-04-01,1,AL,01063,0.0,0.0,0.0,0.0,0.0,0,0,0
2022-03-28,1,NC,37119,0.0,0.0,0.0,0.0,0.0,0,0,0
2021-06-08,1,MD,24510,-1.0,0.0,0.0,0.0,0.0,0,0,0
2021-07-21,1,CA,06065,0.0,0.0,0.0,-1.0,2.0,0,0,0
2021-12-19,1,CA,06037,0.0,0.0,-2.0,0.0,-6.0,0,0,0
2022-02-28,2,LA,22031,1.0,0.0,0.0,0.0,0.0,0,0,0
2022-01-02,1,CA,06037,0.0,0.0,-2.0,0.0,-6.0,0,0,0
2022-01-01,1,CA,06037,0.0,0.0,-2.0,0.0,-6.0,0,0,0
2022-01-07,1,CA,06001,0.0,0.0,1.0,0.0,0.0,0,0,0
2021-12-07,1,CA,06067,-1.0,0.0,0.0,0.0,-1.0,0,0,0
2022-02-15,1,WA,53053,0.0,1.0,0.0,0.0,2.0,0,0,0
2021-08-13,1,CA,06099,0.0,0.0,0.0,0.0,-1.0,0,0,0
2021-12-03,1,CA,06029,2.0,1.0,0.0,0.0,1.0,0,0,0
2021-10-14,1,CA,06071,1.0,-4.0,-3.0,1.0,-5.0,0,0,0
2022-02-10,1,FL,12009,0.0,0.0,0.0,0.0,-1.0,0,0,0
2022-01-25,1,NC,37153,0.0,0.0,0.0,0.0,-1.0,0,0,0
2022-02-04,1,SC,45043,0.0,0.0,0.0,0.0,1.0,0,0,0
2021-12-27,1,FL,12101,0.0,0.0,-1.0,0.0,1.0,0,0,0
2021-12-08,2,CA,06107,-1.0,0.0,0.0,0.0,0.0,0,0,0
2021-11-12,1,CO,08123,0.0,0.0,-1.0,1.0,1.0,0,0,0
2022-01-12,1,UT,49027,0.0,0.0,0.0,0.0,0.0,0,0,0
2021-08-23,1,CO,08001,-1.0,0.0,0.0,1.0,-2.0,0,0,0
2021-08-07,1,NM,35061,0.0,0.0,0.0,0.0,1.0,0,0,0
2021-10-28,1,GA,13139,-2.0,0.0,0.0,0.0,-2.0,0,0,0
2021-05-20,1,CA,06037,0.0,0.0,-2.0,0.0,-6.0,0,0,0
2022-01-11,3,NC,37119,0.0,0.0,0.0,0.0,0.0,0,0,0
2021-12-28,2,AL,01085,1.0,0.0,0.0,-1.0,1.0,0,0,0
2021-10-07,1,CA,06037,0.0,0.0,-2.0,0.0,-6.0,0,0,0
2021-12-24,1,AL,01021,0.0,1.0,0.0,0.0,-1.0,0,0,0
2021-12-07,1,WI,55111,0.0,-1.0,0.0,0.0,-1.0,0,0,0
2021-11-04,1,CA,06071,1.0,-4.0,-3.0,1.0,-5.0,0,0,0
2021-12-29,1,TN,47189,0.0,0.0,0.0,0.0,0.0,0,0,0
2021-11-26,2,LA,22071,-3.0,1.0,-2.0,0.0,-2.0,0,0,0
2021-11-11,1,AZ,04001,0.0,0.0,0.0,0.0,0.0,0,0,0
2021-11-14,1,CA,06071,1.0,-4.0,-3.0,1.0,-5.0,0,0,0
2021-11-23,1,NY,36029,-1.0,0.0,-1.0,1.0,3.0,0,0,0
2021-10-18,1,CA,06037,0.0,0.0,-2.0,0.0,-6.0,0,0,0
2021-12-07,2,SC,45041,0.0,0.0,0.0,0.0,2.0,0,0,0
2021-10-03,1,CA,06019,0.0,-1.0,0.0,0.0,1.0,0,0,0
2021-11-08,1,NC,37057,0.0,0.0,0.0,0.0,-1.0,0,0,0
2021-11-03,1,OR,41019,0.0,0.0,0.0,0.0,-1.0,0,0,0
2021-11-30,1,FL,12086,-1.0,1.0,0.0,0.0,0.0,0,0,0
2021-10-16,1,CA,06031,0.0,0.0,0.0,0.0,0.0,0,0,0
2021-11-08,1,NC,37125,1.0,0.0,0.0,0.0,-1.0,0,0,0
2021-05-15,1,GA,13121,0.0,0.0,-1.0,0.0,-1.0,0,0,0
2021-09-10,1,FL,12086,-1.0,1.0,0.0,0.0,0.0,0,0,0
2021-11-11,1,SC,45083,0.0,-1.0,0.0,-1.0,-1.0,0,0,0
2021-11-13,1,NC,37155,-2.0,-1.0,0.0,0.0,-2.0,0,0,0
2021-10-13,1,NC,37061,0.0,0.0,0.0,1.0,1.0,0,0,0
2021-08-15,2,CA,06037,0.0,0.0,-2.0,0.0,-6.0,0,0,0
2021-10-29,1,KY,21029,0.0,0.0,-1.0,0.0,0.0,0,0,0
2021-09-26,1,CA,06071,1.0,-4.0,-3.0,1.0,-5.0,0,0,0
2021-10-21,1,NY,36001,-1.0,0.0,0.0,0.0,0.0,0,0,0
2021-10-15,1,NC,37097,0.0,0.0,0.0,-1.0,-4.0,0,0,0
2021-09-27,1,CA,06037,0.0,0.0,-2.0,0.0,-6.0,0,0,0
2021-09-20,1,CA,06077,0.0,1.0,0.0,1.0,1.0,0,0,0
2021-09-28,1,VA,51121,0.0,0.0,0.0,0.0,-1.0,0,0,0
2021-09-08,1,CA,06071,1.0,-4.0,-3.0,1.0,-5.0,0,0,0
2021-09-22,1,WA,53015,0.0,0.0,0.0,0.0,0.0,0,0,0
2021-10-02,1,TN,47157,0.0,1.0,0.0,-1.0,-1.0,0,0,0
2021-07-12,1,OK,40099,0.0,0.0,0.0,0.0,0.0,0,0,0
2021-05-04,1,NY,36103,0.0,0.0,0.0,0.0,0.0,0,0,0
2021-08-30,1,AL,01113,0.0,0.0,0.0,0.0,1.0,0,0,0
2021-08-14,1,FL,12119,0.0,0.0,0.0,0.0,1.0,0,0,0
2021-08-28,1,FL,12086,-1.0,1.0,0.0,0.0,0.0,0,0,0
2021-09-03,1,FL,12097,0.0,0.0,0.0,0.0,-1.0,0,0,0
2021-08-27,1,NC,37063,0.0,0.0,0.0,0.0,0.0,0,0,0
2021-08-22,2,KY,21111,0.0,0.0,0.0,0.0,0.0,0,0,0
2021-06-27,1,CA,06065,0.0,0.0,0.0,-1.0,2.0,0,0,0
2021-07-12,1,OR,41059,0.0,-1.0,0.0,0.0,0.0,0,0,0
2021-05-28,1,CA,06113,0.0,-1.0,-1.0,0.0,0.0,0,0,0
2021-04-17,1,CA,06001,0.0,0.0,1.0,0.0,0.0,0,0,0
2021-07-21,1,VA,51025,0.0,0.0,0.0,0.0,0.0,0,0,0
2021-07-03,1,CT,09001,0.0,0.0,-2.0,0.0,-1.0,0,0,0
2021-07-20,1,NM,35029,0.0,0.0,0.0,1.0,1.0,0,0,0
2021-07-03,1,CA,06071,1.0,-4.0,-3.0,1.0,-5.0,0,0,0
2021-07-15,3,SC,45021,0.0,0.0,0.0,0.0,0.0,0,0,0
2021-06-16,1,OR,41035,1.0,0.0,0.0,0.0,1.0,0,0,0
2021-05-20,1,CA,06073,0.0,-1.0,0.0,-1.0,-1.0,0,0,0
2021-03-27,1,CA,06067,-1.0,0.0,0.0,0.0,-1.0,0,0,0
2021-05-09,1,CA,06107,-1.0,0.0,0.0,0.0,0.0,0,0,0
2021-04-03,1,CA,06071,1.0,-4.0,-3.0,1.0,-5.0,0,0,0
2021-05-18,1,GA,13121,0.0,0.0,-1.0,0.0,-1.0,0,0,0
2020-12-07,1,DE,10003,0.0,0.0,-1.0,0.0,0.0,0,0,0
2021-06-20,1,TN,47065,2.0,0.0,0.0,0.0,1.0,0,0,0
2020-06-23,1,CA,06081,0.0,0.0,0.0,1.0,0.0,0,0,0
2021-06-23,1,NM,35019,0.0,0.0,0.0,0.0,0.0,0,0,0
2020-12-26,1,CA,06019,0.0,-1.0,0.0,0.0,1.0,0,0,0
2021-06-05,1,KY,21239,0.0,0.0,0.0,0.0,-1.0,0,0,0
2021-04-29,1,CT,09007,-1.0,0.0,0.0,0.0,-1.0,0,0,0
2021-05-06,1,UT,49049,-1.0,0.0,1.0,0.0,-2.0,0,0,0
2021-03-21,1,CA,06073,0.0,-1.0,0.0,-1.0,-1.0,0,0,0
2021-05-18,1,FL,12109,0.0,0.0,0.0,0.0,0.0,0,0,0
2021-05-07,1,NM,35013,0.0,0.0,0.0,0.0,0.0,0,0,0
2021-04-04,1,OH,39161,0.0,0.0,0.0,0.0,0.0,0,0,0
2021-04-25,1,CT,09003,0.0,0.0,0.0,0.0,1.0,0,0,0
2021-04-15,1,CA,06001,0.0,0.0,1.0,0.0,0.0,0,0,0
2021-04-22,1,TN,47065,2.0,0.0,0.0,0.0,1.0,0,0,0
2021-03-15,1,MD,24510,-1.0,0.0,0.0,0.0,0.0,0,0,0
2021-04-13,1,NC,37057,0.0,0.0,0.0,0.0,-1.0,0,0,0
2021-04-22,1,NC,37089,0.0,0.0,0.0,0.0,0.0,0,0,0
2021-03-18,2,SC,45021,0.0,0.0,0.0,0.0,0.0,0,0,0
2021-03-18,2,SC,45021,0.0,0.0,0.0,0.0,0.0,0,0,0
2021-04-09,1,NY,36101,1.0,0.0,0.0,0.0,2.0,0,0,0
2021-02-09,1,IL,17089,0.0,0.0,0.0,0.0,-2.0,0,0,0
2021-04-05,1,WA,53053,0.0,1.0,0.0,0.0,2.0,0,0,0
2021-01-12,1,MD,24033,0.0,0.0,0.0,0.0,-3.0,0,0,0
2020-08-30,1,MD,24005,0.0,0.0,0.0,-1.0,-1.0,0,0,0
2021-02-25,1,OR,41011,0.0,0.0,0.0,0.0,0.0,0,0,0
2021-03-25,1,NM,35057,0.0,-1.0,-1.0,0.0,-1.0,0,0,0
2019-01-17,3,LA,22051,0.0,0.0,0.0,0.0,2.0,0,0,0
2021-03-08,1,SC,45015,0.0,-1.0,0.0,0.0,2.0,0,0,0
2021-01-01,1,NY,36087,0.0,0.0,0.0,0.0,2.0,0,0,0
2019-04-14,1,CO,08077,0.0,0.0,1.0,0.0,1.0,0,0,0
2021-02-16,1,KY,21099,0.0,1.0,0.0,0.0,1.0,0,0,0
2021-02-02,1,VA,51630,0.0,0.0,0.0,0.0,0.0,0,0,0
2021-01-24,1,OH,39159,0.0,0.0,0.0,0.0,0.0,0,0,0
2021-01-07,1,CA,06093,0.0,0.0,0.0,-1.0,0.0,0,0,0
2021-01-15,1,SC,45053,0.0,0.0,0.0,-1.0,0.0,0,0,0
2020-05-07,1,FL,12086,-1.0,1.0,0.0,0.0,0.0,0,0,0
2020-11-23,1,CA,06037,0.0,0.0,-2.0,0.0,-6.0,0,0,0
2020-10-25,2,CA,06071,1.0,-4.0,-3.0,1.0,-5.0,0,0,0
2020-07-14,2,FL,12009,0.0,0.0,0.0,0.0,-1.0,0,0,0
2020-11-23,1,MT,30043,0.0,0.0,0.0,0.0,0.0,0,0,0
2020-11-30,1,MO,29083,0.0,0.0,-1.0,0.0,-1.0,0,0,0
2020-11-15,1,GA,13095,-1.0,-1.0,-1.0,0.0,-4.0,0,0,0
2020-09-16,2,AR,05115,0.0,1.0,0.0,0.0,0.0,0,0,0
2020-11-30,5,TN,47065,2.0,0.0,0.0,0.0,1.0,0,0,0
2020-11-30,1,CT,09001,0.0,0.0,-2.0,0.0,-1.0,0,0,0
2020-11-08,1,AL,01061,0.0,0.0,0.0,0.0,-2.0,0,0,0
2020-11-14,1,WI,55133,0.0,0.0,0.0,0.0,-1.0,0,0,0
2020-11-05,1,TN,47047,0.0,0.0,0.0,0.0,0.0,0,0,0
2020-11-06,1,NY,36091,-1.0,0.0,0.0,0.0,0.0,0,0,0
2020-10-22,1,WY,56009,0.0,0.0,0.0,0.0,0.0,0,0,0
2020-10-24,1,SC,45079,0.0,0.0,0.0,0.0,-2.0,0,0,0
2020-07-30,2,CA,06071,1.0,-4.0,-3.0,1.0,-5.0,0,0,0
2020-10-13,1,NC,37001,0.0,0.0,0.0,0.0,-1.0,0,0,0
2020-08-05,1,IL,17115,-1.0,1.0,0.0,0.0,-1.0,0,0,0
2020-08-25,3,GA,13067,-1.0,0.0,0.0,-1.0,-3.0,0,0,0
2020-08-27,1,GA,13077,0.0,-1.0,0.0,0.0,-1.0,0,0,0
2020-03-19,1,CA,06037,0.0,0.0,-2.0,0.0,-6.0,0,0,0
2019-12-02,1,CA,06071,1.0,-4.0,-3.0,1.0,-5.0,0,0,0
2020-08-27,1,NC,37159,0.0,0.0,1.0,0.0,0.0,0,0,0
2020-08-17,1,CT,09003,0.0,0.0,0.0,0.0,1.0,0,0,0
2020-06-17,1,CA,06073,0.0,-1.0,0.0,-1.0,-1.0,0,0,0
2020-08-04,1,CA,06077,0.0,1.0,0.0,1.0,1.0,0,0,0
2020-03-24,1,CA,06013,0.0,0.0,0.0,0.0,-1.0,0,0,0
2019-09-13,1,GA,13313,0.0,0.0,-1.0,0.0,-1.0,0,0,0
2020-07-16,2,AZ,04013,1.0,0.0,1.0,0.0,4.0,0,0,0
2019-02-01,1,CT,09009,0.0,0.0,-2.0,0.0,-1.0,0,0,0
2020-07-19,1,CA,06037,0.0,0.0,-2.0,0.0,-6.0,0,0,0
2020-08-14,1,MI,26075,0.0,0.0,0.0,-1.0,-3.0,0,0,0
2020-07-27,1,FL,12107,0.0,0.0,0.0,0.0,0.0,0,0,0
2020-04-23,1,CA,06065,0.0,0.0,0.0,-1.0,2.0,0,0,0
2020-04-03,2,CA,06077,0.0,1.0,0.0,1.0,1.0,0,0,0
2020-05-11,1,CA,06013,0.0,0.0,0.0,0.0,-1.0,0,0,0
2020-07-10,1,FL,12097,0.0,0.0,0.0,0.0,-1.0,0,0,0
2020-07-10,1,FL,12097,0.0,0.0,0.0,0.0,-1.0,0,0,0
2020-07-17,1,FL,12047,0.0,0.0,0.0,0.0,2.0,0,0,0
2020-07-25,2,NC,37045,0.0,0.0,0.0,0.0,0.0,0,0,0
2020-06-27,1,CT,09001,0.0,0.0,-2.0,0.0,-1.0,0,0,0
2020-06-09,1,MS,28059,0.0,0.0,0.0,0.0,0.0,0,0,0
2020-05-15,1,CA,06065,0.0,0.0,0.0,-1.0,2.0,0,0,0
2020-07-06,1,VA,51650,0.0,0.0,0.0,0.0,-1.0,0,0,0
2020-05-12,2,CA,06037,0.0,0.0,-2.0,0.0,-6.0,0,0,0
2020-05-19,1,CA,06037,0.0,0.0,-2.0,0.0,-6.0,0,0,0
2020-06-09,1,OK,40049,0.0,0.0,0.0,0.0,2.0,0,0,0
2020-06-03,1,FL,12057,1.0,0.0,0.0,-1.0,-3.0,0,0,0
2020-06-10,1,AZ,04012,1.0,1.0,0.0,0.0,2.0,0,0,0
2020-06-16,1,NC,37119,0.0,0.0,0.0,0.0,0.0,0,0,0
2020-06-01,1,OH,39097,0.0,0.0,0.0,0.0,1.0,0,0,0
2020-06-17,1,FL,12086,-1.0,1.0,0.0,0.0,0.0,0,0,0
2020-01-30,1,CA,06073,0.0,-1.0,0.0,-1.0,-1.0,0,0,0
2020-04-25,1,SC,45039,0.0,0.0,0.0,0.0,0.0,0,0,0
2020-04-22,1,DE,10003,0.0,0.0,-1.0,0.0,0.0,0,0,0
2020-03-22,1,CA,06107,-1.0,0.0,0.0,0.0,0.0,0,0,0
2020-04-04,1,CA,06077,0.0,1.0,0.0,1.0,1.0,0,0,0
2020-04-21,1,AR,05107,0.0,0.0,0.0,0.0,0.0,0,0,0
2020-04-02,1,FL,12097,0.0,0.0,0.0,0.0,-1.0,0,0,0
2020-03-01,1,FL,12111,0.0,0.0,1.0,0.0,-1.0,0,0,0
2020-01-04,1,CA,06073,0.0,-1.0,0.0,-1.0,-1.0,0,0,0
2020-03-12,1,CA,06065,0.0,0.0,0.0,-1.0,2.0,0,0,0
2020-02-18,1,KS,20059,0.0,0.0,0.0,0.0,0.0,0,0,0
2020-03-16,1,LA,22001,-2.0,0.0,1.0,0.0,2.0,0,0,0
2020-02-20,1,GA,13185,0.0,0.0,0.0,0.0,0.0,0,0,0
2020-02-27,3,NC,37097,0.0,0.0,0.0,-1.0,-4.0,0,0,0
2020-03-22,1,FL,12057,1.0,0.0,0.0,-1.0,-3.0,0,0,0
2019-11-11,1,GA,13035,0.0,0.0,0.0,0.0,1.0,0,0,0
2020-02-29,1,LA,22017,-1.0,0.0,0.0,0.0,3.0,0,0,0
2019-12-23,1,GA,13121,0.0,0.0,-1.0,0.0,-1.0,0,0,0
2020-01-06,1,NJ,34025,-1.0,0.0,0.0,0.0,-3.0,0,0,0
2020-01-07,1,FL,12109,0.0,0.0,0.0,0.0,0.0,0,0,0
2020-01-23,1,CA,06037,0.0,0.0,-2.0,0.0,-6.0,0,0,0
2020-02-16,1,AR,05045,0.0,0.0,0.0,0.0,0.0,0,0,0
2019-11-02,1,CA,06073,0.0,-1.0,0.0,-1.0,-1.0,0,0,0
2020-02-21,1,NC,37183,0.0,0.0,0.0,0.0,-3.0,0,0,0
2018-06-12,1,CT,09009,0.0,0.0,-2.0,0.0,-1.0,0,0,0
2020-02-07,1,KY,21213,0.0,0.0,0.0,0.0,0.0,0,0,0
2020-01-23,1,NE,31109,0.0,0.0,0.0,0.0,1.0,0,0,0
2019-12-16,1,WA,53033,0.0,0.0,0.0,0.0,-3.0,0,0,0
2020-01-07,1,CT,09003,0.0,0.0,0.0,0.0,1.0,0,0,0
2019-05-02,1,CA,06065,0.0,0.0,0.0,-1.0,2.0,0,0,0
2018-11-16,1,AZ,04013,1.0,0.0,1.0,0.0,4.0,0,0,0
2019-03-28,1,IL,17177,0.0,0.0,0.0,0.0,0.0,0,0,0
2019-09-01,1,CA,06037,0.0,0.0,-2.0,0.0,-6.0,0,0,0
2019-10-29,1,CA,06033,0.0,0.0,1.0,0.0,0.0,0,0,0
2019-12-05,1,MO,29107,0.0,0.0,0.0,-1.0,-2.0,0,0,0
2018-10-29,1,NY,36119,0.0,0.0,0.0,0.0,0.0,0,0,0
2018-09-26,1,MT,30111,0.0,0.0,0.0,0.0,2.0,0,0,0
2018-03-11,1,VA,51107,0.0,0.0,0.0,0.0,-1.0,0,0,0
2019-10-26,1,CA,06071,1.0,-4.0,-3.0,1.0,-5.0,0,0,0
2019-10-30,1,MS,28089,-1.0,0.0,0.0,0.0,-3.0,0,0,0
2019-09-09,1,SC,45075,0.0,0.0,0.0,0.0,0.0,0,0,0
2019-11-06,1,AL,01003,-1.0,0.0,0.0,0.0,-2.0,0,0,0
2019-11-06,2,AR,05125,0.0,0.0,0.0,0.0,0.0,0,0,0
2019-11-06,1,WI,55089,0.0,0.0,0.0,1.0,1.0,0,0,0
2019-05-27,1,AZ,04013,1.0,0.0,1.0,0.0,4.0,0,0,0
2018-09-26,1,CA,06037,0.0,0.0,-2.0,0.0,-6.0,0,0,0
2019-10-28,2,ME,23001,0.0,0.0,0.0,0.0,-1.0,0,0,0
2019-08-07,1,CA,06001,0.0,0.0,1.0,0.0,0.0,0,0,0
2019-10-04,1,NC,37119,0.0,0.0,0.0,0.0,0.0,0,0,0
2019-10-04,1,SC,45063,-4.0,4.0,1.0,0.0,1.0,0,0,0
2019-08-30,1,AL,01003,-1.0,0.0,0.0,0.0,-2.0,0,0,0
2019-09-19,1,SC,45083,0.0,-1.0,0.0,-1.0,-1.0,0,0,0
2019-09-17,1,SC,45083,0.0,-1.0,0.0,-1.0,-1.0,0,0,0
2019-07-25,1,LA,22047,0.0,0.0,0.0,0.0,0.0,0,0,0
2019-06-19,1,CA,06089,0.0,1.0,1.0,0.0,1.0,0,0,0
2019-08-20,1,WA,53015,0.0,0.0,0.0,0.0,0.0,0,0,0
2019-08-20,1,SC,45079,0.0,0.0,0.0,0.0,-2.0,0,0,0
2019-02-25,1,CA,06073,0.0,-1.0,0.0,-1.0,-1.0,0,0,0
2019-07-24,1,OR,41029,0.0,0.0,0.0,0.0,0.0,0,0,0
2019-07-25,1,CA,06071,1.0,-4.0,-3.0,1.0,-5.0,0,0,0
2019-06-06,1,CA,06067,-1.0,0.0,0.0,0.0,-1.0,0,0,0
2019-07-20,1,AZ,04015,0.0,0.0,1.0,-1.0,1.0,0,0,0
2019-07-25,2,SC,45051,0.0,0.0,0.0,0.0,5.0,0,0,0
2019-05-31,1,CA,06037,0.0,0.0,-2.0,0.0,-6.0,0,0,0
2019-07-01,1,TN,47117,0.0,0.0,0.0,0.0,0.0,0,0,0
2019-07-03,1,NV,32021,0.0,0.0,0.0,1.0,1.0,0,0,0
2019-04-09,1,MD,24033,0.0,0.0,0.0,0.0,-3.0,0,0,0
2019-05-31,1,GA,13089,0.0,-1.0,0.0,0.0,-2.0,0,0,0
2019-06-04,1,AR,05093,-1.0,0.0,0.0,0.0,-1.0,0,0,0
2019-04-22,1,WY,56021,0.0,0.0,0.0,0.0,-1.0,0,0,0
2019-05-25,3,KY,21099,0.0,1.0,0.0,0.0,1.0,0,0,0
2019-05-24,1,SC,45045,0.0,0.0,0.0,0.0,1.0,0,0,0
2019-05-13,1,AL,01097,0.0,-1.0,-1.0,0.0,1.0,0,0,0
2018-06-12,1,CA,06037,0.0,0.0,-2.0,0.0,-6.0,0,0,0
2018-05-08,1,NJ,34017,-1.0,-1.0,0.0,-1.0,-2.0,0,0,0
2019-04-22,1,FL,12115,0.0,0.0,0.0,0.0,1.0,0,0,0
2019-02-23,1,CA,06037,0.0,0.0,-2.0,0.0,-6.0,0,0,0
2019-01-25,1,CA,06037,0.0,0.0,-2.0,0.0,-6.0,0,0,0
2019-01-16,1,CA,06081,0.0,0.0,0.0,1.0,0.0,0,0,0
2019-03-25,1,CT,09009,0.0,0.0,-2.0,0.0,-1.0,0,0,0
2019-03-31,1,NY,36039,0.0,-1.0,0.0,0.0,0.0,0,0,0
2019-02-19,1,CA,06037,0.0,0.0,-2.0,0.0,-6.0,0,0,0
2018-12-25,1,CA,06077,0.0,1.0,0.0,1.0,1.0,0,0,0
2018-12-19,1,CA,06071,1.0,-4.0,-3.0,1.0,-5.0,0,0,0
2018-06-03,1,MA,25005,-1.0,0.0,0.0,0.0,-4.0,0,0,0
2019-03-13,1,NY,36107,0.0,0.0,0.0,0.0,-1.0,0,0,0
2019-02-06,1,UT,49023,0.0,0.0,0.0,0.0,0.0,0,0,0
2019-02-19,1,CA,06037,0.0,0.0,-2.0,0.0,-6.0,0,0,0
2018-07-24,1,CA,06037,0.0,0.0,-2.0,0.0,-6.0,0,0,0
2019-02-20,1,NE,31081,-1.0,0.0,0.0,0.0,-1.0,0,0,0
2019-02-20,1,NE,31081,-1.0,0.0,0.0,0.0,-1.0,0,0,0
2019-01-02,1,NY,36117,0.0,0.0,0.0,1.0,-1.0,0,0,0
2019-02-10,1,MI,26049,-1.0,0.0,0.0,0.0,-1.0,0,0,0
2019-01-24,2,AR,05095,0.0,0.0,0.0,0.0,0.0,0,0,0
2018-12-15,1,CA,06013,0.0,0.0,0.0,0.0,-1.0,0,0,0
2018-12-02,1,NJ,34023,-1.0,1.0,0.0,-2.0,0.0,0,0,0
2019-02-09,1,NC,37109,0.0,0.0,0.0,1.0,1.0,0,0,0
2019-02-05,1,NH,33007,0.0,0.0,0.0,0.0,-5.0,0,0,0
2019-01-10,1,MI,26115,0.0,0.0,0.0,0.0,-1.0,0,0,0
2019-01-23,1,NC,37119,0.0,0.0,0.0,0.0,0.0,0,0,0
2019-01-17,1,NC,37057,0.0,0.0,0.0,0.0,-1.0,0,0,0
2018-10-24,1,CA,06071,1.0,-4.0,-3.0,1.0,-5.0,0,0,0
2018-12-03,1,CA,06037,0.0,0.0,-2.0,0.0,-6.0,0,0,0
2018-12-19,1,CA,06089,0.0,1.0,1.0,0.0,1.0,0,0,0
2018-12-03,1,OK,40025,0.0,0.0,0.0,0.0,-1.0,0,0,0
2017-02-21,1,AR,05119,0.0,0.0,0.0,1.0,1.0,0,0,0
2018-12-18,1,OR,41051,0.0,0.0,0.0,0.0,-1.0,0,0,0
2019-01-11,1,AL,01005,0.0,0.0,0.0,0.0,1.0,0,0,0
2017-04-15,1,FL,12057,1.0,0.0,0.0,-1.0,-3.0,0,0,0
2017-07-07,1,KS,20167,0.0,0.0,0.0,0.0,0.0,0,0,0
2018-11-08,2,NJ,34027,0.0,0.0,0.0,-1.0,-2.0,0,0,0
2018-08-02,1,CT,09009,0.0,0.0,-2.0,0.0,-1.0,0,0,0
2018-08-25,1,CA,06001,0.0,0.0,1.0,0.0,0.0,0,0,0
2018-11-13,1,MO,29189,0.0,0.0,0.0,-1.0,-2.0,0,0,0
2018-12-07,1,OH,39159,0.0,0.0,0.0,0.0,0.0,0,0,0
2018-09-16,1,MD,24021,0.0,0.0,0.0,0.0,0.0,0,0,0
2018-09-29,2,CA,06037,0.0,0.0,-2.0,0.0,-6.0,0,0,0
2018-10-04,1,OR,41029,0.0,0.0,0.0,0.0,0.0,0,0,0
2018-11-28,1,FL,12011,0.0,1.0,0.0,0.0,1.0,0,0,0
2018-08-17,1,WI,55025,-1.0,-1.0,0.0,0.0,-2.0,0,0,0
2018-10-01,1,ND,38053,0.0,0.0,0.0,0.0,1.0,0,0,0
2018-10-01,1,ND,38053,0.0,0.0,0.0,0.0,1.0,0,0,0
2018-10-29,1,NY,36119,0.0,0.0,0.0,0.0,0.0,0,0,0
2018-10-16,1,FL,12083,0.0,0.0,0.0,0.0,1.0,0,0,0
2018-03-23,2,CA,06059,-3.0,0.0,0.0,0.0,-3.0,0,0,0
2018-10-11,1,VA,51085,0.0,0.0,0.0,0.0,0.0,0,0,0
2018-09-30,1,FL,12099,1.0,-1.0,0.0,0.0,2.0,0,0,0
2018-09-24,1,VA,51023,0.0,0.0,0.0,-1.0,-1.0,0,0,0
2018-01-31,1,UT,49049,-1.0,0.0,1.0,0.0,-2.0,0,0,0
2017-10-28,1,CA,06071,1.0,-4.0,-3.0,1.0,-5.0,0,0,0
2018-09-04,1,WI,55073,1.0,-2.0,0.0,-1.0,-3.0,0,0,0
2018-08-07,1,CA,06065,0.0,0.0,0.0,-1.0,2.0,0,0,0
2018-06-30,1,CA,06065,0.0,0.0,0.0,-1.0,2.0,0,0,0
2018-08-16,2,WV,54055,-1.0,0.0,0.0,0.0,-1.0,0,0,0
2018-05-10,1,CA,06059,-3.0,0.0,0.0,0.0,-3.0,0,0,0
2018-04-22,1,CA,06001,0.0,0.0,1.0,0.0,0.0,0,0,0
2018-08-11,2,FL,12063,0.0,0.0,-1.0,0.0,-2.0,0,0,0
2018-07-27,1,FL,12105,0.0,-1.0,-2.0,-1.0,-1.0,0,0,0
2018-08-05,2,FL,12001,0.0,0.0,0.0,0.0,1.0,0,0,0
2018-08-05,1,WI,55105,0.0,-1.0,1.0,-1.0,-2.0,0,0,0
2018-06-11,1,CA,06077,0.0,1.0,0.0,1.0,1.0,0,0,0
2017-11-09,1,CA,06025,1.0,-2.0,-1.0,0.0,-3.0,0,0,0
2018-07-16,1,WV,54035,0.0,0.0,0.0,1.0,2.0,0,0,0
2018-07-18,2,NV,32003,0.0,-2.0,0.0,0.0,-3.0,0,0,0
2018-07-18,2,NV,32003,0.0,-2.0,0.0,0.0,-3.0,0,0,0
2018-06-27,1,GA,13223,0.0,0.0,0.0,0.0,-1.0,0,0,0
2018-06-21,1,CA,06099,0.0,0.0,0.0,0.0,-1.0,0,0,0
2018-05-08,1,NJ,34017,-1.0,-1.0,0.0,-1.0,-2.0,0,0,0
2018-07-02,1,SC,45027,-2.0,2.0,0.0,0.0,0.0,0,0,0
2018-05-30,1,NC,37119,0.0,0.0,0.0,0.0,0.0,0,0,0
2018-06-13,1,IL,17051,0.0,0.0,0.0,0.0,1.0,0,0,0
2018-01-31,1,TN,47047,0.0,0.0,0.0,0.0,0.0,0,0,0
2018-05-25,1,GA,13051,0.0,0.0,0.0,0.0,-3.0,0,0,0
2018-06-06,1,WI,55085,0.0,0.0,0.0,1.0,0.0,0,0,0
2018-05-15,1,SC,45045,0.0,0.0,0.0,0.0,1.0,0,0,0
2017-10-29,1,OR,41047,0.0,0.0,1.0,0.0,0.0,0,0,0
2018-05-20,1,KY,21227,0.0,0.0,0.0,0.0,1.0,0,0,0
2018-05-16,1,OK,40037,1.0,0.0,0.0,0.0,0.0,0,0,0
2018-05-07,1,NC,37119,0.0,0.0,0.0,0.0,0.0,0,0,0
2018-05-30,1,NV,32003,0.0,-2.0,0.0,0.0,-3.0,0,0,0
2018-05-25,1,KY,21049,0.0,0.0,0.0,0.0,1.0,0,0,0
2018-05-03,1,SC,45063,-4.0,4.0,1.0,0.0,1.0,0,0,0
2018-03-17,1,MD,24027,0.0,0.0,0.0,0.0,-1.0,0,0,0
2018-05-02,2,OH,39003,0.0,0.0,0.0,0.0,0.0,0,0,0
2018-03-02,1,CA,06059,-3.0,0.0,0.0,0.0,-3.0,0,0,0
2018-05-01,1,FL,12129,0.0,0.0,0.0,0.0,0.0,0,0,0
2018-04-26,1,IL,17099,-2.0,1.0,1.0,2.0,2.0,0,0,0
2018-03-21,1,LA,22097,0.0,0.0,1.0,0.0,-1.0,0,0,0
2018-05-02,2,SC,45083,0.0,-1.0,0.0,-1.0,-1.0,0,0,0
2018-04-26,1,VA,51183,0.0,0.0,0.0,0.0,-1.0,0,0,0
2018-03-13,1,MI,26021,0.0,0.0,0.0,0.0,-2.0,0,0,0
2018-04-13,1,NE,31049,0.0,0.0,0.0,0.0,0.0,0,0,0
2017-11-15,1,CA,06071,1.0,-4.0,-3.0,1.0,-5.0,0,0,0
2017-12-17,1,CA,06079,0.0,0.0,0.0,0.0,0.0,0,0,0
2018-03-16,1,WA,53033,0.0,0.0,0.0,0.0,-3.0,0,0,0
2018-03-26,1,MO,29053,0.0,1.0,0.0,0.0,0.0,0,0,0
2018-03-08,1,CA,06029,2.0,1.0,0.0,0.0,1.0,0,0,0
2018-01-26,1,OK,40131,-2.0,0.0,-1.0,0.0,-3.0,0,0,0
2018-03-20,1,NY,36003,0.0,0.0,0.0,0.0,-1.0,0,0,0
2018-03-02,1,MO,29095,0.0,0.0,0.0,-1.0,-3.0,0,0,0
2017-07-09,1,CA,06037,0.0,0.0,-2.0,0.0,-6.0,0,0,0
2018-02-20,1,NY,36013,0.0,-1.0,0.0,0.0,-1.0,0,0,0
2016-05-23,1,KY,21111,0.0,0.0,0.0,0.0,0.0,0,0,0
2018-02-18,1,WV,54107,0.0,-1.0,0.0,0.0,-1.0,0,0,0
2018-02-05,1,OK,40117,0.0,0.0,0.0,0.0,0.0,0,0,0
2018-01-17,1,LA,22125,0.0,0.0,0.0,0.0,0.0,0,0,0
2017-03-04,1,CA,06111,-1.0,-1.0,0.0,0.0,-2.0,0,0,0
2018-01-09,1,IL,17089,0.0,0.0,0.0,0.0,-2.0,0,0,0
2017-12-14,1,LA,22011,0.0,0.0,0.0,0.0,-1.0,0,0,0
2018-01-31,1,MS,28139,0.0,-2.0,0.0,0.0,-2.0,0,0,0
2018-01-22,2,AL,01003,-1.0,0.0,0.0,0.0,-2.0,0,0,0
2017-10-26,3,CA,06065,0.0,0.0,0.0,-1.0,2.0,0,0,0
2018-01-21,3,WI,55105,0.0,-1.0,1.0,-1.0,-2.0,0,0,0
2017-09-07,1,CA,06065,0.0,0.0,0.0,-1.0,2.0,0,0,0
2017-05-17,1,DE,10003,0.0,0.0,-1.0,0.0,0.0,0,0,0
2017-12-09,1,CT,09003,0.0,0.0,0.0,0.0,1.0,0,0,0
2017-10-28,1,CA,06037,0.0,0.0,-2.0,0.0,-6.0,0,0,0
2018-01-05,1,AL,01121,0.0,0.0,-1.0,0.0,-1.0,0,0,0
2017-12-08,1,FL,12091,0.0,0.0,0.0,0.0,-1.0,0,0,0
2018-01-01,1,NV,32017,0.0,0.0,0.0,0.0,-1.0,0,0,0
2017-12-05,1,MI,26077,1.0,0.0,0.0,0.0,0.0,0,0,0
2017-08-13,1,CA,06037,0.0,0.0,-2.0,0.0,-6.0,0,0,0
2017-05-04,2,IL,17197,0.0,-1.0,1.0,3.0,5.0,0,0,0
2017-11-14,1,NV,32001,0.0,0.0,0.0,-1.0,-2.0,0,0,0
2017-10-17,1,CA,06073,0.0,-1.0,0.0,-1.0,-1.0,0,0,0
2017-10-06,1,MD,24023,0.0,0.0,0.0,-1.0,0.0,0,0,0
2017-09-15,1,CA,06077,0.0,1.0,0.0,1.0,1.0,0,0,0
2017-11-08,1,NC,37109,0.0,0.0,0.0,1.0,1.0,0,0,0
2017-11-14,1,WV,54049,0.0,0.0,0.0,0.0,0.0,0,0,0
2016-11-29,1,CA,06037,0.0,0.0,-2.0,0.0,-6.0,0,0,0
2017-09-22,1,CA,06065,0.0,0.0,0.0,-1.0,2.0,0,0,0
2017-10-18,1,FL,12031,-1.0,-1.0,0.0,1.0,-3.0,0,0,0
2017-09-26,1,IL,17197,0.0,-1.0,1.0,3.0,5.0,0,0,0
2017-08-29,1,CA,06059,-3.0,0.0,0.0,0.0,-3.0,0,0,0
2017-10-07,1,NE,31123,0.0,0.0,0.0,0.0,0.0,0,0,0
2017-09-19,1,OH,39153,0.0,0.0,0.0,0.0,0.0,0,0,0
2017-08-17,1,SC,45029,-1.0,0.0,0.0,0.0,-2.0,0,0,0
2017-09-12,1,AL,01117,0.0,0.0,0.0,0.0,0.0,0,0,0
2017-05-31,1,ID,16055,0.0,0.0,0.0,-1.0,0.0,0,0,0
2017-09-18,3,NY,36081,0.0,0.0,0.0,0.0,-2.0,0,0,0
2017-08-24,1,CA,06073,0.0,-1.0,0.0,-1.0,-1.0,0,0,0
2017-08-20,1,GA,13121,0.0,0.0,-1.0,0.0,-1.0,0,0,0
2016-10-13,1,CA,06065,0.0,0.0,0.0,-1.0,2.0,0,0,0
2017-08-21,1,UT,49027,0.0,0.0,0.0,0.0,0.0,0,0,0
2017-07-30,2,AR,05119,0.0,0.0,0.0,1.0,1.0,0,0,0
2017-07-10,1,MD,24041,0.0,0.0,0.0,0.0,0.0,0,0,0
2017-07-08,1,CA,06071,1.0,-4.0,-3.0,1.0,-5.0,0,0,0
2017-06-15,1,SC,45059,0.0,0.0,0.0,0.0,0.0,0,0,0
2017-07-15,1,MA,25005,-1.0,0.0,0.0,0.0,-4.0,0,0,0
2017-06-29,1,KY,21015,0.0,0.0,0.0,0.0,0.0,0,0,0
2017-04-26,1,CA,06037,0.0,0.0,-2.0,0.0,-6.0,0,0,0
2017-06-01,1,CA,06065,0.0,0.0,0.0,-1.0,2.0,0,0,0
2017-03-29,1,CA,06071,1.0,-4.0,-3.0,1.0,-5.0,0,0,0
2017-03-23,1,CA,06111,-1.0,-1.0,0.0,0.0,-2.0,0,0,0
2017-02-23,1,CA,06073,0.0,-1.0,0.0,-1.0,-1.0,0,0,0
2017-04-04,1,CA,06077,0.0,1.0,0.0,1.0,1.0,0,0,0
2016-12-16,1,CA,06071,1.0,-4.0,-3.0,1.0,-5.0,0,0,0
2016-08-03,1,CA,06071,1.0,-4.0,-3.0,1.0,-5.0,0,0,0
2017-06-13,1,MD,24023,0.0,0.0,0.0,-1.0,0.0,0,0,0
2017-07-26,3,WA,53061,-1.0,0.0,0.0,1.0,0.0,0,0,0
2017-07-12,1,OH,39117,0.0,0.0,0.0,0.0,-1.0,0,0,0
2017-06-16,1,GA,13067,-1.0,0.0,0.0,-1.0,-3.0,0,0,0
2017-06-19,1,NC,37021,0.0,-1.0,0.0,0.0,-1.0,0,0,0
2017-06-04,1,VA,51630,0.0,0.0,0.0,0.0,0.0,0,0,0
2017-05-04,1,NC,37119,0.0,0.0,0.0,0.0,0.0,0,0,0
2017-05-16,1,NC,37119,0.0,0.0,0.0,0.0,0.0,0,0,0
2017-05-11,1,SC,45085,0.0,0.0,0.0,0.0,1.0,0,0,0
2017-05-03,1,OH,39171,-2.0,0.0,0.0,0.0,-1.0,0,0,0
2017-05-05,1,OR,41047,0.0,0.0,1.0,0.0,0.0,0,0,0
2017-04-06,2,FL,12099,1.0,-1.0,0.0,0.0,2.0,0,0,0
2017-03-17,1,MD,24027,0.0,0.0,0.0,0.0,-1.0,0,0,0
2017-03-24,1,SC,45019,1.0,0.0,0.0,0.0,1.0,0,0,0
2017-03-28,1,OR,41059,0.0,-1.0,0.0,0.0,0.0,0,0,0
2016-04-13,1,CA,06071,1.0,-4.0,-3.0,1.0,-5.0,0,0,0
2017-03-06,1,MT,30061,0.0,0.0,0.0,0.0,-1.0,0,0,0
2017-02-17,1,CA,06073,0.0,-1.0,0.0,-1.0,-1.0,0,0,0
2017-01-15,1,KY,21083,0.0,0.0,0.0,0.0,-1.0,0,0,0
2017-03-08,1,GA,13045,0.0,-1.0,0.0,0.0,1.0,0,0,0
2017-02-18,1,MD,24005,0.0,0.0,0.0,-1.0,-1.0,0,0,0
2016-07-15,1,CA,06071,1.0,-4.0,-3.0,1.0,-5.0,0,0,0
2016-05-31,1,GA,13157,1.0,0.0,0.0,0.0,0.0,0,0,0
2016-05-31,1,GA,13157,1.0,0.0,0.0,0.0,0.0,0,0,0
2016-12-19,1,CA,06013,0.0,0.0,0.0,0.0,-1.0,0,0,0
2016-12-15,1,FL,12099,1.0,-1.0,0.0,0.0,2.0,0,0,0
2016-12-10,1,AL,01125,-1.0,2.0,0.0,0.0,1.0,0,0,0
2017-01-14,1,OK,40039,0.0,0.0,0.0,0.0,0.0,0,0,0
2017-01-06,1,CA,06059,-3.0,0.0,0.0,0.0,-3.0,0,0,0
2016-11-15,1,OK,40051,0.0,0.0,0.0,0.0,0.0,0,0,0
2016-12-12,1,SC,45059,0.0,0.0,0.0,0.0,0.0,0,0,0
2016-12-30,1,SC,45073,0.0,0.0,-1.0,0.0,0.0,0,0,0
2016-12-28,1,FL,12009,0.0,0.0,0.0,0.0,-1.0,0,0,0
2016-10-15,1,CA,06073,0.0,-1.0,0.0,-1.0,-1.0,0,0,0
2017-01-17,1,NV,32005,0.0,0.0,0.0,0.0,0.0,0,0,0
2016-12-07,1,NJ,34021,0.0,0.0,0.0,0.0,0.0,0,0,0
2017-01-12,1,TN,47157,0.0,1.0,0.0,-1.0,-1.0,0,0,0
2016-12-13,1,AL,01035,0.0,0.0,0.0,-1.0,-2.0,0,0,0
2016-11-19,1,OR,41019,0.0,0.0,0.0,0.0,-1.0,0,0,0
2016-12-01,1,CT,09011,-1.0,0.0,0.0,0.0,1.0,0,0,0
2016-12-28,1,NC,37083,0.0,0.0,0.0,0.0,1.0,0,0,0
2016-12-15,1,OH,39009,0.0,0.0,0.0,0.0,0.0,0,0,0
2016-11-14,1,OK,40013,0.0,0.0,2.0,0.0,1.0,0,0,0
2016-11-01,1,CA,06099,0.0,0.0,0.0,0.0,-1.0,0,0,0
2016-12-06,1,NC,37101,1.0,0.0,0.0,0.0,1.0,0,0,0
2016-11-28,1,NC,37071,0.0,0.0,0.0,0.0,0.0,0,0,0
2016-11-21,1,IN,18087,0.0,0.0,0.0,0.0,1.0,0,0,0
2016-11-17,1,OH,39077,0.0,0.0,0.0,0.0,-1.0,0,0,0
2016-11-05,1,OH,39171,-2.0,0.0,0.0,0.0,-1.0,0,0,0
2016-03-25,1,CA,06037,0.0,0.0,-2.0,0.0,-6.0,0,0,0
2016-07-19,1,CA,06061,0.0,1.0,0.0,0.0,1.0,0,0,0
2016-11-15,1,NY,36091,-1.0,0.0,0.0,0.0,0.0,0,0,0
2016-09-16,1,CA,06071,1.0,-4.0,-3.0,1.0,-5.0,0,0,0
2016-06-17,1,CA,06099,0.0,0.0,0.0,0.0,-1.0,0,0,0
2016-10-23,1,AL,01097,0.0,-1.0,-1.0,0.0,1.0,0,0,0
2016-10-05,2,MO,29189,0.0,0.0,0.0,-1.0,-2.0,0,0,0
2016-09-28,1,NY,36083,0.0,1.0,0.0,0.0,1.0,0,0,0
2016-08-23,1,NC,37057,0.0,0.0,0.0,0.0,-1.0,0,0,0
2016-09-06,1,NV,32031,0.0,-1.0,-1.0,0.0,-1.0,0,0,0
2016-07-14,1,NY,36029,-1.0,0.0,-1.0,1.0,3.0,0,0,0
2016-06-14,1,CO,08013,0.0,0.0,0.0,0.0,-1.0,0,0,0
2016-06-24,1,AL,01055,0.0,0.0,1.0,0.0,0.0,0,0,0
2016-07-11,1,GA,13153,0.0,0.0,-1.0,0.0,-1.0,0,0,0
2016-06-22,1,CA,06037,0.0,0.0,-2.0,0.0,-6.0,0,0,0
2016-07-11,1,WY,56019,0.0,0.0,0.0,0.0,-1.0,0,0,0
2016-07-05,1,GA,13215,0.0,0.0,0.0,0.0,0.0,0,0,0
2016-03-11,1,DE,10003,0.0,0.0,-1.0,0.0,0.0,0,0,0
2016-07-12,1,AL,01115,0.0,-2.0,2.0,-2.0,-1.0,0,0,0
2016-05-12,1,AR,05057,0.0,0.0,0.0,0.0,0.0,0,0,0
2016-05-19,1,CT,09009,0.0,0.0,-2.0,0.0,-1.0,0,0,0
2016-02-04,1,LA,22079,0.0,0.0,1.0,-1.0,1.0,0,0,0
2016-06-01,3,NY,36071,0.0,0.0,0.0,0.0,-1.0,0,0,0
2016-03-05,1,CA,06065,0.0,0.0,0.0,-1.0,2.0,0,0,0
2016-04-23,1,CA,06089,0.0,1.0,1.0,0.0,1.0,0,0,0
2016-05-23,1,WY,56041,0.0,0.0,0.0,0.0,0.0,0,0,0
2016-05-26,1,NY,36007,0.0,0.0,0.0,0.0,1.0,0,0,0
2015-08-31,1,CA,06001,0.0,0.0,1.0,0.0,0.0,0,0,0
2015-08-22,1,AR,05059,0.0,0.0,0.0,-1.0,0.0,0,0,0
2016-05-02,2,SC,45053,0.0,0.0,0.0,-1.0,0.0,0,0,0
2015-11-12,1,AR,05123,-1.0,-1.0,0.0,-1.0,-3.0,0,0,0
2015-12-15,2,CA,06037,0.0,0.0,-2.0,0.0,-6.0,0,0,0
2015-12-25,1,DE,10003,0.0,0.0,-1.0,0.0,0.0,0,0,0
2015-12-04,1,KY,21209,0.0,0.0,0.0,0.0,0.0,0,0,0
2016-03-23,1,FL,12061,0.0,0.0,0.0,0.0,0.0,0,0,0
2016-02-01,1,ID,16079,0.0,0.0,0.0,0.0,-1.0,0,0,0
2015-10-01,1,CA,06037,0.0,0.0,-2.0,0.0,-6.0,0,0,0
2015-12-02,1,CA,06037,0.0,0.0,-2.0,0.0,-6.0,0,0,0
2014-02-01,1,FL,12086,-1.0,1.0,0.0,0.0,0.0,0,0,0
2016-02-13,1,CA,06037,0.0,0.0,-2.0,0.0,-6.0,0,0,0
2015-12-26,1,CA,06029,2.0,1.0,0.0,0.0,1.0,0,0,0
2015-03-05,1,CA,06037,0.0,0.0,-2.0,0.0,-6.0,0,0,0
2016-01-06,1,GA,13245,-1.0,-2.0,0.0,0.0,-5.0,0,0,0
2016-01-14,1,OH,39041,0.0,0.0,0.0,0.0,0.0,0,0,0
2015-12-17,2,OR,41001,0.0,0.0,0.0,0.0,-2.0,0,0,0
2015-09-19,1,CA,06071,1.0,-4.0,-3.0,1.0,-5.0,0,0,0
2015-09-26,1,CA,06053,0.0,0.0,0.0,0.0,0.0,0,0,0
2015-12-29,1,FL,12115,0.0,0.0,0.0,0.0,1.0,0,0,0
2015-07-08,1,CA,06111,-1.0,-1.0,0.0,0.0,-2.0,0,0,0
2015-11-28,1,MI,26163,-5.0,-2.0,-2.0,1.0,-5.0,0,0,0
2015-12-10,1,AL,01049,0.0,-1.0,0.0,0.0,-1.0,0,0,0
2015-11-10,1,GA,13185,0.0,0.0,0.0,0.0,0.0,0,0,0
2015-10-31,1,GA,13013,0.0,0.0,0.0,0.0,0.0,0,0,0
2015-10-05,1,FL,12005,0.0,0.0,0.0,0.0,0.0,0,0,0
2015-10-30,1,NH,33015,-1.0,0.0,0.0,0.0,0.0,0,0,0
2015-09-15,1,ME,23009,0.0,0.0,0.0,0.0,0.0,0,0,0
2015-10-25,1,SC,45007,0.0,0.0,-1.0,0.0,-3.0,0,0,0
2015-02-23,1,CA,06113,0.0,-1.0,-1.0,0.0,0.0,0,0,0
2015-09-13,1,FL,12023,0.0,0.0,0.0,0.0,1.0,0,0,0
2015-09-14,1,AL,01029,0.0,0.0,0.0,0.0,-1.0,0,0,0
2015-09-08,1,SC,45007,0.0,0.0,-1.0,0.0,-3.0,0,0,0
2015-08-21,2,NY,36087,0.0,0.0,0.0,0.0,2.0,0,0,0
2015-08-17,1,NC,37183,0.0,0.0,0.0,0.0,-3.0,0,0,0
2015-08-07,1,WI,55071,0.0,0.0,0.0,1.0,1.0,0,0,0
2015-07-09,1,OK,40103,0.0,0.0,0.0,0.0,1.0,0,0,0
2015-08-08,2,OR,41029,0.0,0.0,0.0,0.0,0.0,0,0,0
2015-07-29,1,OH,39051,0.0,0.0,0.0,0.0,-2.0,0,0,0
2015-06-29,1,OH,39151,0.0,0.0,0.0,0.0,0.0,0,0,0
2015-07-15,1,NC,37157,0.0,0.0,0.0,0.0,0.0,0,0,0
2015-04-29,1,CA,06059,-3.0,0.0,0.0,0.0,-3.0,0,0,0
2015-05-14,1,CA,06037,0.0,0.0,-2.0,0.0,-6.0,0,0,0
2015-04-05,2,CA,06037,0.0,0.0,-2.0,0.0,-6.0,0,0,0
2015-04-25,1,CA,06067,-1.0,0.0,0.0,0.0,-1.0,0,0,0
2015-05-23,1,CO,08013,0.0,0.0,0.0,0.0,-1.0,0,0,0
2015-06-19,1,AL,01043,1.0,0.0,1.0,-1.0,2.0,0,0,0
2015-06-13,1,WI,55105,0.0,-1.0,1.0,-1.0,-2.0,0,0,0
2015-06-24,1,OK,40017,0.0,0.0,0.0,1.0,0.0,0,0,0
2015-06-21,2,NC,37035,1.0,-1.0,0.0,1.0,1.0,0,0,0
2015-05-12,1,FL,12083,0.0,0.0,0.0,0.0,1.0,0,0,0
2015-03-03,1,CA,06107,-1.0,0.0,0.0,0.0,0.0,0,0,0
2015-04-12,1,SC,45063,-4.0,4.0,1.0,0.0,1.0,0,0,0
2015-04-03,1,OK,40119,0.0,0.0,0.0,0.0,0.0,0,0,0
2015-02-06,1,KY,21015,0.0,0.0,0.0,0.0,0.0,0,0,0
2015-04-03,1,SC,45075,0.0,0.0,0.0,0.0,0.0,0,0,0
2013-09-14,1,FL,12009,0.0,0.0,0.0,0.0,-1.0,0,0,0
2014-08-29,1,GA,13081,0.0,0.0,0.0,0.0,-1.0,0,0,0
2014-07-22,1,GA,13089,0.0,-1.0,0.0,0.0,-2.0,0,0,0
2015-03-21,5,SC,45041,0.0,0.0,0.0,0.0,2.0,0,0,0
2015-02-17,1,ID,16039,0.0,-1.0,1.0,-1.0,-1.0,0,0,0
2015-03-06,1,WI,55109,0.0,0.0,-1.0,0.0,2.0,0,0,0
2014-12-09,1,NY,36105,0.0,0.0,0.0,0.0,-2.0,0,0,0
2014-12-09,1,NY,36105,0.0,0.0,0.0,0.0,-2.0,0,0,0
2014-12-09,1,NY,36105,0.0,0.0,0.0,0.0,-2.0,0,0,0
2014-12-09,1,NY,36105,0.0,0.0,0.0,0.0,-2.0,0,0,0
2015-01-28,1,CA,06019,0.0,-1.0,0.0,0.0,1.0,0,0,0
2015-02-14,1,OH,39097,0.0,0.0,0.0,0.0,1.0,0,0,0
2015-02-20,1,GA,13287,0.0,0.0,0.0,0.0,-2.0,0,0,0
2015-02-28,1,OK,40087,0.0,0.0,0.0,0.0,0.0,0,0,0
2015-01-31,1,OK,40133,0.0,0.0,0.0,0.0,-1.0,0,0,0
2015-02-12,1,NC,37163,0.0,0.0,0.0,0.0,0.0,0,0,0
2015-01-31,1,OK,40133,0.0,0.0,0.0,0.0,-1.0,0,0,0
2015-01-07,1,WI,55035,0.0,0.0,0.0,1.0,2.0,0,0,0
2015-01-14,1,NC,37157,0.0,0.0,0.0,0.0,0.0,0,0,0
2014-12-21,1,MD,24023,0.0,0.0,0.0,-1.0,0.0,0,0,0
2014-12-10,1,MD,24013,0.0,0.0,0.0,0.0,0.0,0,0,0
2014-12-11,1,CO,08031,0.0,0.0,0.0,0.0,-3.0,0,0,0
2014-12-24,1,MS,28121,-1.0,0.0,0.0,-1.0,-1.0,0,0,0
2014-07-17,1,NJ,34003,0.0,-1.0,0.0,0.0,-1.0,0,0,0
2014-11-17,1,AR,05093,-1.0,0.0,0.0,0.0,-1.0,0,0,0
2014-12-05,1,NC,37077,0.0,0.0,0.0,0.0,-1.0,0,0,0
2014-11-21,1,NH,33015,-1.0,0.0,0.0,0.0,0.0,0,0,0
2014-11-05,1,MO,29047,0.0,-1.0,0.0,0.0,-1.0,0,0,0
2012-11-22,2,TX,48245,0.0,0.0,0.0,0.0,0.0,0,0,0
2014-11-07,1,WA,53067,0.0,1.0,0.0,0.0,1.0,0,0,0
2014-10-20,1,OR,41049,0.0,0.0,0.0,0.0,0.0,0,0,0
2014-07-09,1,VT,50023,0.0,0.0,0.0,0.0,0.0,0,0,0
2014-08-19,1,NJ,34007,0.0,0.0,0.0,0.0,-1.0,0,0,0
2014-05-07,1,CA,06071,1.0,-4.0,-3.0,1.0,-5.0,0,0,0
2014-04-12,1,GA,13121,0.0,0.0,-1.0,0.0,-1.0,0,0,0
2014-08-19,1,NC,37157,0.0,0.0,0.0,0.0,0.0,0,0,0
2014-08-15,1,IN,18089,0.0,0.0,0.0,0.0,0.0,0,0,0
2011-09-12,1,SC,45083,0.0,-1.0,0.0,-1.0,-1.0,0,0,0
2014-06-13,1,CA,06019,0.0,-1.0,0.0,0.0,1.0,0,0,0
2014-05-01,1,CA,06037,0.0,0.0,-2.0,0.0,-6.0,0,0,0
2014-06-28,1,FL,12109,0.0,0.0,0.0,0.0,0.0,0,0,0
2014-07-20,1,FL,12119,0.0,0.0,0.0,0.0,1.0,0,0,0
2014-08-01,1,GA,13089,0.0,-1.0,0.0,0.0,-2.0,0,0,0
2014-07-03,1,KY,21111,0.0,0.0,0.0,0.0,0.0,0,0,0
2014-04-14,1,MA,25005,-1.0,0.0,0.0,0.0,-4.0,0,0,0
2014-06-06,1,ME,23005,-1.0,-1.0,0.0,0.0,0.0,0,0,0
2014-07-03,1,OK,40049,0.0,0.0,0.0,0.0,2.0,0,0,0
2014-04-26,1,UT,49049,-1.0,0.0,1.0,0.0,-2.0,0,0,0
2014-06-09,1,MN,27003,-2.0,0.0,0.0,0.0,-3.0,0,0,0
2013-11-18,1,CA,06071,1.0,-4.0,-3.0,1.0,-5.0,0,0,0
2014-05-22,1,VA,51149,1.0,0.0,0.0,0.0,1.0,0,0,0
2014-05-22,1,MA,25001,0.0,-1.0,0.0,0.0,-1.0,0,0,0
2013-10-17,1,CA,06065,0.0,0.0,0.0,-1.0,2.0,0,0,0
2014-03-02,2,OR,41059,0.0,-1.0,0.0,0.0,0.0,0,0,0
2014-04-29,1,NV,32031,0.0,-1.0,-1.0,0.0,-1.0,0,0,0
2014-04-21,1,MA,25025,0.0,0.0,0.0,0.0,-1.0,0,0,0
2013-09-27,2,CA,06073,0.0,-1.0,0.0,-1.0,-1.0,0,0,0
2014-03-02,2,OR,41019,0.0,0.0,0.0,0.0,-1.0,0,0,0
2014-02-16,1,CA,06037,0.0,0.0,-2.0,0.0,-6.0,0,0,0
2014-01-26,1,ND,38067,0.0,0.0,0.0,0.0,0.0,0,0,0
2014-01-26,1,ND,38067,0.0,0.0,0.0,0.0,0.0,0,0,0
2013-02-06,3,GA,13175,0.0,-1.0,-1.0,2.0,0.0,0,0,0
2013-02-06,3,GA,13175,0.0,-1.0,-1.0,2.0,0.0,0,0,0
2012-05-29,2,NC,37199,0.0,0.0,0.0,0.0,-1.0,0,0,0
2013-12-08,1,WI,55101,0.0,0.0,0.0,0.0,0.0,0,0,0
2013-11-24,1,MA,25005,-1.0,0.0,0.0,0.0,-4.0,0,0,0
2014-01-30,1,CA,06071,1.0,-4.0,-3.0,1.0,-5.0,0,0,0
2012-11-15,4,TX,48329,1.0,0.0,0.0,-1.0,2.0,0,0,0
2014-01-10,1,NC,37037,0.0,0.0,0.0,0.0,0.0,0,0,0
2013-12-27,2,MT,30061,0.0,0.0,0.0,0.0,-1.0,0,0,0
2013-10-04,1,CA,06025,1.0,-2.0,-1.0,0.0,-3.0,0,0,0
2013-11-06,1,IL,17031,0.0,0.0,1.0,0.0,5.0,0,0,0
2013-11-30,1,IL,17031,0.0,0.0,1.0,0.0,5.0,0,0,0
2013-10-17,1,OH,39025,0.0,0.0,0.0,-1.0,0.0,0,0,0
2013-10-03,1,SC,45035,0.0,0.0,0.0,0.0,1.0,0,0,0
2013-11-10,1,MA,25013,0.0,0.0,0.0,0.0,2.0,0,0,0
2013-09-22,2,AR,05009,0.0,0.0,0.0,0.0,-1.0,0,0,0
2013-10-07,2,FL,12117,1.0,0.0,0.0,0.0,0.0,0,0,0
2013-07-25,1,MD,24510,-1.0,0.0,0.0,0.0,0.0,0,0,0
2013-07-25,1,MD,24510,-1.0,0.0,0.0,0.0,0.0,0,0,0
2013-10-01,1,NC,37047,0.0,-1.0,0.0,0.0,0.0,0,0,0
2012-07-02,1,FL,12057,1.0,0.0,0.0,-1.0,-3.0,0,0,0
2012-04-30,1,FL,12057,1.0,0.0,0.0,-1.0,-3.0,0,0,0
2013-09-06,2,MS,28081,0.0,-1.0,1.0,0.0,-1.0,0,0,0
2013-08-27,1,CA,06037,0.0,0.0,-2.0,0.0,-6.0,0,0,0
2013-09-25,1,WV,54035,0.0,0.0,0.0,1.0,2.0,0,0,0
2013-08-10,1,MD,24005,0.0,0.0,0.0,-1.0,-1.0,0,0,0
2011-01-20,1,OR,41051,0.0,0.0,0.0,0.0,-1.0,0,0,0
2013-05-01,1,CA,06071,1.0,-4.0,-3.0,1.0,-5.0,0,0,0
2013-06-07,1,IA,19099,0.0,-1.0,0.0,0.0,1.0,0,0,0
2013-06-19,2,MN,27049,0.0,0.0,-1.0,0.0,1.0,0,0,0
2013-05-28,1,TX,48145,0.0,0.0,0.0,0.0,0.0,0,0,0
2013-05-28,1,TX,48145,0.0,0.0,0.0,0.0,0.0,0,0,0
2013-06-12,1,KY,21067,0.0,0.0,0.0,0.0,-2.0,0,0,0
2013-04-03,1,MD,24033,0.0,0.0,0.0,0.0,-3.0,0,0,0
2012-06-20,1,TX,48113,0.0,0.0,1.0,0.0,1.0,0,0,0
2012-06-20,1,TX,48113,0.0,0.0,1.0,0.0,1.0,0,0,0
2013-05-16,1,TN,47125,0.0,0.0,0.0,0.0,0.0,0,0,0
2013-03-25,1,LA,22033,0.0,0.0,0.0,0.0,0.0,0,0,0
2013-04-26,1,TX,48171,0.0,0.0,1.0,0.0,0.0,0,0,0
2013-04-26,1,NC,37151,0.0,-1.0,0.0,0.0,1.0,0,0,0
2013-04-02,1,CA,06047,0.0,1.0,0.0,0.0,0.0,0,0,0
2013-03-21,1,AR,05117,0.0,0.0,1.0,-1.0,0.0,0,0,0
2011-04-05,1,CA,06059,-3.0,0.0,0.0,0.0,-3.0,0,0,0
2013-03-04,1,MD,24033,0.0,0.0,0.0,0.0,-3.0,0,0,0
2013-03-28,1,IL,17031,0.0,0.0,1.0,0.0,5.0,0,0,0
2012-07-27,1,AL,01097,0.0,-1.0,-1.0,0.0,1.0,0,0,0
2013-03-14,1,TN,47021,0.0,0.0,0.0,0.0,0.0,0,0,0
2013-03-06,1,CA,06039,0.0,0.0,0.0,-1.0,-2.0,0,0,0
2013-01-28,1,SC,45019,1.0,0.0,0.0,0.0,1.0,0,0,0
2012-12-16,2,TX,48141,0.0,0.0,0.0,0.0,2.0,0,0,0
2013-02-03,1,CA,06037,0.0,0.0,-2.0,0.0,-6.0,0,0,0
2013-02-05,1,AR,05031,0.0,0.0,0.0,0.0,1.0,0,0,0
2013-01-22,2,TX,48213,0.0,0.0,0.0,0.0,0.0,0,0,0
2013-02-05,1,NY,36075,0.0,-1.0,0.0,0.0,0.0,0,0,0
2013-01-24,1,OK,40013,0.0,0.0,2.0,0.0,1.0,0,0,0
2012-10-08,1,DE,10001,0.0,0.0,0.0,0.0,0.0,0,0,0
2013-01-30,1,TX,48467,1.0,0.0,0.0,0.0,1.0,0,0,0
2013-02-01,1,NY,36051,0.0,0.0,0.0,0.0,0.0,0,0,0
2013-02-01,1,NY,36051,0.0,0.0,0.0,0.0,0.0,0,0,0
2010-05-04,1,FL,12103,0.0,0.0,0.0,0.0,-1.0,0,0,0
2010-06-22,1,FL,12087,0.0,1.0,0.0,0.0,0.0,0,0,0
2010-08-17,1,TX,48061,-1.0,0.0,0.0,-1.0,0.0,0,0,0
2013-01-17,1,NY,36013,0.0,-1.0,0.0,0.0,-1.0,0,0,0
2013-01-18,1,NC,37023,0.0,0.0,0.0,0.0,-1.0,0,0,0
2012-11-08,1,DE,10003,0.0,0.0,-1.0,0.0,0.0,0,0,0
2012-11-28,1,AR,05143,0.0,0.0,0.0,1.0,2.0,0,0,0
2012-11-11,1,TX,48283,0.0,0.0,0.0,0.0,1.0,0,0,0
2012-11-11,1,TX,48283,0.0,0.0,0.0,0.0,1.0,0,0,0
2012-11-11,1,TX,48283,0.0,0.0,0.0,0.0,1.0,0,0,0
2012-12-13,1,MN,27049,0.0,0.0,-1.0,0.0,1.0,0,0,0
2012-08-24,1,MD,24510,-1.0,0.0,0.0,0.0,0.0,0,0,0
2012-08-24,1,MD,24510,-1.0,0.0,0.0,0.0,0.0,0,0,0
2012-11-04,1,WA,53033,0.0,0.0,0.0,0.0,-3.0,0,0,0
2012-11-04,1,SC,45003,-1.0,-1.0,-1.0,0.0,-4.0,0,0,0
2012-09-19,1,FL,12117,1.0,0.0,0.0,0.0,0.0,0,0,0
2012-10-13,2,NY,36029,-1.0,0.0,-1.0,1.0,3.0,0,0,0
2012-09-24,2,TN,47011,1.0,-1.0,0.0,0.0,1.0,0,0,0
2012-06-11,1,CA,06085,0.0,0.0,1.0,0.0,0.0,0,0,0
2011-06-06,1,IL,17103,0.0,0.0,0.0,0.0,0.0,0,0,0
2012-07-19,1,LA,22013,0.0,0.0,0.0,0.0,1.0,0,0,0
2012-03-22,1,CT,09009,0.0,0.0,-2.0,0.0,-1.0,0,0,0
2012-08-23,1,VA,51067,0.0,0.0,0.0,0.0,0.0,0,0,0
2012-07-19,6,NY,36045,0.0,0.0,0.0,0.0,1.0,0,0,0
2012-06-09,1,CA,06037,0.0,0.0,-2.0,0.0,-6.0,0,0,0
2012-07-31,1,WI,55033,0.0,0.0,0.0,0.0,0.0,0,0,0
2012-04-17,1,SC,45091,2.0,0.0,0.0,0.0,3.0,0,0,0
2012-04-16,1,SC,45089,0.0,0.0,0.0,0.0,1.0,0,0,0
2012-05-09,1,CO,08005,0.0,0.0,0.0,0.0,-1.0,0,0,0
2012-06-19,1,MO,29077,-2.0,0.0,0.0,-1.0,-3.0,0,0,0
2012-05-02,1,SC,45083,0.0,-1.0,0.0,-1.0,-1.0,0,0,0
2012-07-07,1,KY,21125,0.0,0.0,1.0,0.0,0.0,0,0,0
2012-04-25,2,MD,24023,0.0,0.0,0.0,-1.0,0.0,0,0,0
2012-05-07,1,IA,19115,0.0,0.0,0.0,0.0,-1.0,0,0,0
2012-05-29,1,MO,29047,0.0,-1.0,0.0,0.0,-1.0,0,0,0
2012-04-16,1,SC,45089,0.0,0.0,0.0,0.0,1.0,0,0,0
2012-04-26,1,KS,20169,0.0,0.0,0.0,0.0,0.0,0,0,0
2012-04-29,1,WI,55079,0.0,0.0,0.0,0.0,0.0,0,0,0
2012-05-07,1,MN,27003,-2.0,0.0,0.0,0.0,-3.0,0,0,0
2012-04-30,1,NC,37023,0.0,0.0,0.0,0.0,-1.0,0,0,0
2012-04-02,1,IL,17007,0.0,0.0,-1.0,0.0,-1.0,0,0,0
2010-03-30,1,FL,12011,0.0,1.0,0.0,0.0,1.0,0,0,0
2012-02-01,1,CA,06071,1.0,-4.0,-3.0,1.0,-5.0,0,0,0
2012-02-21,1,CA,06099,0.0,0.0,0.0,0.0,-1.0,0,0,0
2012-02-01,1,UT,49035,0.0,1.0,0.0,0.0,1.0,0,0,0
2012-03-07,1,WV,54079,0.0,0.0,0.0,0.0,-2.0,0,0,0
2012-02-27,1,VA,51009,0.0,0.0,0.0,0.0,-1.0,0,0,0
2012-02-15,1,AL,01073,0.0,-1.0,0.0,0.0,-3.0,0,0,0
2012-01-30,1,IL,17051,0.0,0.0,0.0,0.0,1.0,0,0,0
2011-12-01,1,CA,06037,0.0,0.0,-2.0,0.0,-6.0,0,0,0
2011-10-28,1,MA,25001,0.0,-1.0,0.0,0.0,-1.0,0,0,0
2012-01-23,1,IA,19047,0.0,0.0,0.0,0.0,0.0,0,0,0
2012-01-12,1,IL,17097,0.0,0.0,0.0,0.0,2.0,0,0,0
2011-12-14,1,NY,36099,0.0,0.0,0.0,0.0,0.0,0,0,0
2011-11-20,1,NY,36067,0.0,-1.0,0.0,0.0,3.0,0,0,0
2011-12-14,1,CA,06059,-3.0,0.0,0.0,0.0,-3.0,0,0,0
2011-11-14,1,MD,24005,0.0,0.0,0.0,-1.0,-1.0,0,0,0
2011-08-08,1,MD,24005,0.0,0.0,0.0,-1.0,-1.0,0,0,0
2011-09-07,1,GA,13207,0.0,0.0,0.0,0.0,0.0,0,0,0
2011-11-10,1,OH,39035,-1.0,0.0,0.0,0.0,-1.0,0,0,0
2011-10-17,1,OR,41025,0.0,0.0,0.0,0.0,1.0,0,0,0
2011-10-27,1,NC,37019,0.0,0.0,0.0,0.0,0.0,0,0,0
2010-12-06,1,VA,51109,0.0,0.0,0.0,0.0,0.0,0,0,0
2010-11-13,1,IL,17005,0.0,0.0,0.0,0.0,1.0,0,0,0
2011-10-03,1,WI,55105,0.0,-1.0,1.0,-1.0,-2.0,0,0,0
2011-09-27,1,VA,51183,0.0,0.0,0.0,0.0,-1.0,0,0,0
2011-09-27,1,VA,51183,0.0,0.0,0.0,0.0,-1.0,0,0,0
2011-09-19,1,MN,27109,0.0,0.0,0.0,0.0,3.0,0,0,0
2011-09-13,4,IA,19157,0.0,0.0,1.0,0.0,0.0,0,0,0
2011-09-13,4,IA,19157,0.0,0.0,1.0,0.0,0.0,0,0,0
2011-09-13,4,IA,19157,0.0,0.0,1.0,0.0,0.0,0,0,0
2011-08-15,1,MA,25009,0.0,0.0,0.0,0.0,0.0,0,0,0
2011-04-05,1,CA,06059,-3.0,0.0,0.0,0.0,-3.0,0,0,0
2011-07-05,1,IL,17031,0.0,0.0,1.0,0.0,5.0,0,0,0
2011-08-04,3,OH,39095,0.0,0.0,0.0,1.0,2.0,0,0,0
2010-06-30,1,OK,40081,0.0,0.0,0.0,0.0,0.0,0,0,0
2011-06-02,1,ND,38017,0.0,0.0,0.0,0.0,2.0,0,0,0
2011-05-11,1,SC,45019,1.0,0.0,0.0,0.0,1.0,0,0,0
2011-06-17,1,IL,17115,-1.0,1.0,0.0,0.0,-1.0,0,0,0
2010-12-13,1,OK,40017,0.0,0.0,0.0,1.0,0.0,0,0,0
2011-06-30,1,WV,54055,-1.0,0.0,0.0,0.0,-1.0,0,0,0
2011-03-18,1,CA,06037,0.0,0.0,-2.0,0.0,-6.0,0,0,0
2011-06-23,1,FL,12087,0.0,1.0,0.0,0.0,0.0,0,0,0
2011-05-21,1,MD,24027,0.0,0.0,0.0,0.0,-1.0,0,0,0
2011-06-17,1,NC,37151,0.0,-1.0,0.0,0.0,1.0,0,0,0
2011-05-19,1,ND,38003,0.0,0.0,0.0,0.0,0.0,0,0,0
2011-05-26,2,OK,40113,-1.0,0.0,0.0,0.0,-2.0,0,0,0
2011-04-25,1,CA,06065,0.0,0.0,0.0,-1.0,2.0,0,0,0
2011-04-18,1,MD,24003,0.0,0.0,0.0,0.0,1.0,0,0,0
2010-12-21,1,CA,06071,1.0,-4.0,-3.0,1.0,-5.0,0,0,0
2011-04-24,1,CA,06037,0.0,0.0,-2.0,0.0,-6.0,0,0,0
2011-04-09,1,NY,36071,0.0,0.0,0.0,0.0,-1.0,0,0,0
2011-04-20,1,NY,36103,0.0,0.0,0.0,0.0,0.0,0,0,0
2011-03-24,1,CA,06037,0.0,0.0,-2.0,0.0,-6.0,0,0,0
2011-02-15,1,MD,24033,0.0,0.0,0.0,0.0,-3.0,0,0,0
2011-04-08,1,AL,01081,0.0,0.0,0.0,0.0,0.0,0,0,0
2011-03-27,1,NY,36071,0.0,0.0,0.0,0.0,-1.0,0,0,0
2011-02-28,1,ME,23019,0.0,0.0,0.0,0.0,0.0,0,0,0
2011-01-24,1,NJ,34007,0.0,0.0,0.0,0.0,-1.0,0,0,0
2011-01-31,1,NJ,34031,-1.0,0.0,0.0,0.0,-2.0,0,0,0
2011-03-14,2,NC,37119,0.0,0.0,0.0,0.0,0.0,0,0,0
2010-12-27,1,LA,22017,-1.0,0.0,0.0,0.0,3.0,0,0,0
2011-01-16,1,KS,20063,0.0,0.0,0.0,0.0,0.0,0,0,0
2011-01-24,1,WY,56025,-1.0,0.0,0.0,0.0,-1.0,0,0,0
2011-02-19,1,WA,53077,0.0,0.0,2.0,-1.0,1.0,0,0,0
2011-01-31,1,GA,13121,0.0,0.0,-1.0,0.0,-1.0,0,0,0
2011-01-01,1,AL,01127,0.0,-1.0,0.0,0.0,-1.0,0,0,0
2011-01-04,1,MD,24005,0.0,0.0,0.0,-1.0,-1.0,0,0,0
2010-12-21,1,CA,06029,2.0,1.0,0.0,0.0,1.0,0,0,0
2011-01-11,1,IA,19099,0.0,-1.0,0.0,0.0,1.0,0,0,0
2010-12-30,1,NY,36043,0.0,0.0,0.0,0.0,1.0,0,0,0
2010-12-22,1,IA,19117,1.0,0.0,0.0,0.0,1.0,0,0,0
2010-11-07,1,OK,40115,0.0,-1.0,0.0,0.0,-1.0,0,0,0
2010-12-07,1,MA,25017,0.0,0.0,0.0,0.0,0.0,0,0,0
2010-10-18,1,MD,24031,0.0,0.0,0.0,0.0,1.0,0,0,0
2010-01-14,1,CA,06001,0.0,0.0,1.0,0.0,0.0,0,0,0
2010-11-15,1,AL,01053,0.0,0.0,0.0,0.0,3.0,0,0,0
2010-09-05,1,NJ,34029,0.0,0.0,0.0,0.0,0.0,0,0,0
2010-09-29,1,OK,40103,0.0,0.0,0.0,0.0,1.0,0,0,0
2010-10-05,1,NV,32003,0.0,-2.0,0.0,0.0,-3.0,0,0,0
2010-09-13,2,MT,30003,0.0,0.0,0.0,0.0,0.0,0,0,0
2010-06-18,1,KY,21209,0.0,0.0,0.0,0.0,0.0,0,0,0
2009-10-19,1,CT,09007,-1.0,0.0,0.0,0.0,-1.0,0,0,0
2010-09-06,1,NC,37025,0.0,-1.0,0.0,0.0,0.0,0,0,0
2010-09-20,1,NY,36093,0.0,0.0,0.0,0.0,0.0,0,0,0
2010-05-16,1,SC,45071,-1.0,1.0,0.0,0.0,0.0,0,0,0
2010-08-25,1,NC,37063,0.0,0.0,0.0,0.0,0.0,0,0,0
2010-03-01,2,AR,05115,0.0,1.0,0.0,0.0,0.0,0,0,0
2010-06-26,1,NY,36093,0.0,0.0,0.0,0.0,0.0,0,0,0
2010-02-07,1,CA,06071,1.0,-4.0,-3.0,1.0,-5.0,0,0,0
2010-06-08,1,CT,09009,0.0,0.0,-2.0,0.0,-1.0,0,0,0
2010-05-26,1,TX,48113,0.0,0.0,1.0,0.0,1.0,0,0,0
2010-06-14,1,VA,51191,0.0,0.0,0.0,0.0,-1.0,0,0,0
2009-07-23,1,CA,06077,0.0,1.0,0.0,1.0,1.0,0,0,0
2010-06-02,1,NC,37061,0.0,0.0,0.0,1.0,1.0,0,0,0
2010-05-26,1,AL,01061,0.0,0.0,0.0,0.0,-2.0,0,0,0
2010-01-16,1,TX,48201,3.0,-3.0,-3.0,2.0,0.0,0,0,0
2009-12-26,1,SC,45059,0.0,0.0,0.0,0.0,0.0,0,0,0
2010-03-27,1,FL,12083,0.0,0.0,0.0,0.0,1.0,0,0,0
2010-02-12,1,KY,21213,0.0,0.0,0.0,0.0,0.0,0,0,0
2010-03-30,1,OK,40085,0.0,0.0,0.0,0.0,0.0,0,0,0
2010-03-30,1,OK,40131,-2.0,0.0,-1.0,0.0,-3.0,0,0,0
2010-01-11,1,MD,24005,0.0,0.0,0.0,-1.0,-1.0,0,0,0
2010-02-24,1,MD,24025,0.0,0.0,1.0,0.0,1.0,0,0,0
2010-02-06,2,CA,06071,1.0,-4.0,-3.0,1.0,-5.0,0,0,0
2009-11-22,3,CA,06037,0.0,0.0,-2.0,0.0,-6.0,0,0,0
2010-02-19,1,NY,36025,0.0,0.0,0.0,0.0,0.0,0,0,0
2009-10-07,1,OH,39035,-1.0,0.0,0.0,0.0,-1.0,0,0,0
2010-01-14,1,MA,25023,0.0,0.0,0.0,0.0,0.0,0,0,0
2009-08-24,1,MA,25021,0.0,-1.0,0.0,-1.0,-1.0,0,0,0
2009-12-05,1,WA,53011,0.0,0.0,0.0,0.0,0.0,0,0,0
2009-12-08,1,MA,25027,-1.0,-1.0,1.0,0.0,1.0,0,0,0
2010-01-21,1,IA,19163,0.0,-1.0,0.0,1.0,2.0,0,0,0
2010-01-11,1,NY,36039,0.0,-1.0,0.0,0.0,0.0,0,0,0
2009-03-02,2,OH,39137,0.0,0.0,0.0,0.0,1.0,0,0,0
2009-12-15,1,OR,41045,-1.0,1.0,0.0,0.0,1.0,0,0,0
2009-12-08,1,FL,12011,0.0,1.0,0.0,0.0,1.0,0,0,0
2009-12-15,1,CA,06037,0.0,0.0,-2.0,0.0,-6.0,0,0,0
2008-10-22,1,SC,45035,0.0,0.0,0.0,0.0,1.0,0,0,0
2008-10-22,1,SC,45035,0.0,0.0,0.0,0.0,1.0,0,0,0
2009-08-05,1,MD,24045,0.0,0.0,0.0,0.0,-1.0,0,0,0
2009-07-11,1,MD,24025,0.0,0.0,1.0,0.0,1.0,0,0,0
2009-09-05,1,SC,45061,-1.0,1.0,0.0,0.0,-1.0,0,0,0
2008-04-09,1,OK,40143,0.0,0.0,1.0,-1.0,0.0,0,0,0
2009-08-10,1,CA,06065,0.0,0.0,0.0,-1.0,2.0,0,0,0
2009-04-22,1,KY,21029,0.0,0.0,-1.0,0.0,0.0,0,0,0
2009-08-18,1,WV,54011,0.0,0.0,0.0,0.0,0.0,0,0,0
2009-07-23,1,AL,01081,0.0,0.0,0.0,0.0,0.0,0,0,0
2008-04-09,1,OK,40143,0.0,0.0,1.0,-1.0,0.0,0,0,0
2009-05-29,1,CA,06071,1.0,-4.0,-3.0,1.0,-5.0,0,0,0
2009-06-11,1,AL,01079,1.0,-1.0,0.0,0.0,0.0,0,0,0
2009-04-01,1,MD,24021,0.0,0.0,0.0,0.0,0.0,0,0,0
2009-04-25,1,TX,48187,0.0,-1.0,0.0,0.0,1.0,0,0,0
2009-02-21,1,CA,06077,0.0,1.0,0.0,1.0,1.0,0,0,0
2009-04-20,1,CA,06029,2.0,1.0,0.0,0.0,1.0,0,0,0
2009-05-02,1,CA,06029,2.0,1.0,0.0,0.0,1.0,0,0,0
2009-04-24,1,TN,47149,0.0,1.0,0.0,0.0,2.0,0,0,0
2009-03-13,1,TX,48169,0.0,0.0,0.0,0.0,0.0,0,0,0
2009-04-16,1,WY,56007,0.0,0.0,0.0,0.0,1.0,0,0,0
2007-11-28,1,UT,49021,1.0,0.0,0.0,0.0,0.0,0,0,0
2008-12-09,1,UT,49035,0.0,1.0,0.0,0.0,1.0,0,0,0
2009-02-28,1,AR,05117,0.0,0.0,1.0,-1.0,0.0,0,0,0
2008-12-17,1,MT,30061,0.0,0.0,0.0,0.0,-1.0,0,0,0
2009-01-14,1,TX,48201,3.0,-3.0,-3.0,2.0,0.0,0,0,0
2009-02-19,1,MN,27113,0.0,0.0,0.0,0.0,0.0,0,0,0
2008-12-30,1,CA,06085,0.0,0.0,1.0,0.0,0.0,0,0,0
2008-12-17,1,NC,37063,0.0,0.0,0.0,0.0,0.0,0,0,0
2008-11-27,1,CA,06107,-1.0,0.0,0.0,0.0,0.0,0,0,0
2008-12-18,1,WY,56037,-1.0,0.0,-1.0,1.0,-1.0,0,0,0
2008-11-03,1,TX,48029,1.0,0.0,0.0,1.0,2.0,0,0,0
2008-10-30,2,TN,47107,1.0,0.0,0.0,1.0,1.0,0,0,0
2008-08-06,1,MS,28085,0.0,0.0,0.0,0.0,-1.0,0,0,0
2008-12-11,1,NC,37153,0.0,0.0,0.0,0.0,-1.0,0,0,0
2008-10-31,1,FL,12127,1.0,-1.0,0.0,0.0,-1.0,0,0,0
2008-10-27,1,VA,51025,0.0,0.0,0.0,0.0,0.0,0,0,0
2007-07-31,1,TN,47053,0.0,0.0,0.0,-1.0,-1.0,0,0,0
2008-04-29,1,FL,12027,-1.0,0.0,0.0,0.0,-1.0,0,0,0
2008-09-12,1,CA,06085,0.0,0.0,1.0,0.0,0.0,0,0,0
2008-09-08,1,TX,48113,0.0,0.0,1.0,0.0,1.0,0,0,0
2007-05-19,1,CT,09009,0.0,0.0,-2.0,0.0,-1.0,0,0,0
2008-07-18,2,NJ,34023,-1.0,1.0,0.0,-2.0,0.0,0,0,0
2008-09-13,1,WA,53025,0.0,0.0,0.0,0.0,1.0,0,0,0
2008-07-17,1,KS,20191,0.0,0.0,0.0,0.0,-1.0,0,0,0
2008-07-17,1,KS,20191,0.0,0.0,0.0,0.0,-1.0,0,0,0
2008-09-25,2,IA,19079,1.0,0.0,0.0,0.0,2.0,0,0,0
2008-09-25,2,IA,19079,1.0,0.0,0.0,0.0,2.0,0,0,0
2008-05-16,1,FL,12097,0.0,0.0,0.0,0.0,-1.0,0,0,0
2008-08-18,1,NY,36101,1.0,0.0,0.0,0.0,2.0,0,0,0
2008-05-21,1,NM,35001,-1.0,0.0,0.0,0.0,-1.0,0,0,0
2008-03-05,1,MD,24510,-1.0,0.0,0.0,0.0,0.0,0,0,0
2008-04-07,1,MI,26159,0.0,0.0,0.0,0.0,0.0,0,0,0
2008-06-24,1,MI,26125,0.0,0.0,0.0,0.0,1.0,0,0,0
2008-06-02,1,WA,53033,0.0,0.0,0.0,0.0,-3.0,0,0,0
2008-06-06,1,CA,06073,0.0,-1.0,0.0,-1.0,-1.0,0,0,0
2008-05-29,1,NC,37149,0.0,0.0,0.0,0.0,0.0,0,0,0
2008-06-16,2,MI,26025,1.0,0.0,0.0,0.0,0.0,0,0,0
2008-06-02,1,IL,17163,1.0,0.0,0.0,1.0,0.0,0,0,0
2008-06-03,1,NC,37151,0.0,-1.0,0.0,0.0,1.0,0,0,0
2008-04-03,1,OK,40081,0.0,0.0,0.0,0.0,0.0,0,0,0
2008-03-17,1,NC,37155,-2.0,-1.0,0.0,0.0,-2.0,0,0,0
2008-01-31,1,TX,48201,3.0,-3.0,-3.0,2.0,0.0,0,0,0
2008-02-10,3,TX,48439,1.0,-1.0,0.0,-2.0,1.0,0,0,0
2006-09-27,1,IL,17119,0.0,0.0,0.0,1.0,1.0,1,0,0
2008-03-07,1,CO,08001,-1.0,0.0,0.0,1.0,-2.0,0,0,0
2007-11-09,1,TX,48201,3.0,-3.0,-3.0,2.0,0.0,0,0,0
2008-02-15,1,CA,06071,1.0,-4.0,-3.0,1.0,-5.0,0,0,0
2007-08-08,1,VA,51023,0.0,0.0,0.0,-1.0,-1.0,0,0,0
2007-06-16,1,TN,47031,0.0,0.0,0.0,0.0,1.0,0,0,0
2007-11-20,1,CA,06037,0.0,0.0,-2.0,0.0,-6.0,0,0,0
2007-03-15,1,OK,40143,0.0,0.0,1.0,-1.0,0.0,0,0,0
2007-01-31,1,OK,40125,0.0,0.0,0.0,0.0,1.0,0,0,0
2008-01-03,1,MS,28003,0.0,0.0,0.0,0.0,0.0,0,0,0
2007-12-02,1,CA,06061,0.0,1.0,0.0,0.0,1.0,0,0,0
2008-01-21,1,TX,48071,0.0,0.0,0.0,1.0,1.0,0,0,0
2008-01-10,2,ID,16055,0.0,0.0,0.0,-1.0,0.0,0,0,0
2007-10-15,1,NJ,34005,0.0,0.0,0.0,0.0,0.0,0,0,0
2007-12-31,1,KY,21047,0.0,0.0,0.0,0.0,0.0,0,0,0
2007-12-28,3,CA,06107,-1.0,0.0,0.0,0.0,0.0,0,0,0
2007-12-26,1,KS,20169,0.0,0.0,0.0,0.0,0.0,0,0,0
2007-12-02,1,OH,39089,0.0,0.0,0.0,0.0,-1.0,0,0,0
2007-11-22,1,CA,06065,0.0,0.0,0.0,-1.0,2.0,0,0,0
2007-05-05,1,KY,21111,0.0,0.0,0.0,0.0,0.0,0,0,0
2007-10-17,1,MN,27061,0.0,-1.0,0.0,0.0,0.0,0,0,0
2007-08-02,1,AL,01103,0.0,0.0,0.0,0.0,1.0,0,0,0
2007-09-25,1,CA,06065,0.0,0.0,0.0,-1.0,2.0,0,0,0
2007-03-15,1,MA,25003,0.0,0.0,0.0,0.0,-2.0,0,0,0
2007-08-06,1,MD,24041,0.0,0.0,0.0,0.0,0.0,0,0,0
2007-10-15,1,CA,06073,0.0,-1.0,0.0,-1.0,-1.0,0,0,0
2007-07-24,1,MD,24510,-1.0,0.0,0.0,0.0,0.0,0,0,0
2007-10-09,1,CA,06037,0.0,0.0,-2.0,0.0,-6.0,0,0,0
2007-10-04,1,CA,06067,-1.0,0.0,0.0,0.0,-1.0,0,0,0
2007-02-01,1,MS,28049,0.0,0.0,0.0,0.0,-1.0,0,0,0
2007-08-01,1,CA,06065,0.0,0.0,0.0,-1.0,2.0,0,0,0
2007-08-15,1,NY,36093,0.0,0.0,0.0,0.0,0.0,0,0,0
2007-03-04,2,CA,06053,0.0,0.0,0.0,0.0,0.0,0,0,0
2007-07-12,1,FL,12069,3.0,0.0,0.0,-1.0,2.0,0,0,0
2005-06-06,1,NC,37185,0.0,0.0,0.0,0.0,-1.0,1,0,0
2007-07-14,1,CA,06077,0.0,1.0,0.0,1.0,1.0,0,0,0
2006-12-30,1,MD,24005,0.0,0.0,0.0,-1.0,-1.0,1,0,0
2007-07-01,1,CA,06107,-1.0,0.0,0.0,0.0,0.0,0,0,0
2007-06-27,1,AR,05093,-1.0,0.0,0.0,0.0,-1.0,0,0,0
2007-03-13,6,FL,12097,0.0,0.0,0.0,0.0,-1.0,0,0,0
2005-05-14,2,NM,35057,0.0,-1.0,-1.0,0.0,-1.0,1,0,0
2007-03-14,1,KS,20131,0.0,0.0,1.0,0.0,1.0,0,0,0
2007-02-15,1,CT,09001,0.0,0.0,-2.0,0.0,-1.0,0,0,0
2007-04-11,1,OK,40115,0.0,-1.0,0.0,0.0,-1.0,0,0,0
2006-06-27,1,AL,01097,0.0,-1.0,-1.0,0.0,1.0,1,0,0
2006-11-30,1,CA,06059,-3.0,0.0,0.0,0.0,-3.0,1,0,0
2006-12-01,1,CA,06071,1.0,-4.0,-3.0,1.0,-5.0,1,0,0
2006-11-27,1,FL,12011,0.0,1.0,0.0,0.0,1.0,1,0,0
2007-03-02,1,ID,16039,0.0,-1.0,1.0,-1.0,-1.0,0,0,0
2005-12-15,1,NC,37159,0.0,0.0,1.0,0.0,0.0,1,0,0
2006-11-27,1,CA,06037,0.0,0.0,-2.0,0.0,-6.0,1,0,0
2007-01-12,1,CA,06029,2.0,1.0,0.0,0.0,1.0,0,0,0
2007-03-17,3,CO,08067,0.0,0.0,0.0,0.0,0.0,0,0,0
2007-03-05,1,NY,36069,0.0,0.0,0.0,0.0,2.0,0,0,0
2007-02-20,1,DE,10003,0.0,0.0,-1.0,0.0,0.0,0,0,0
2007-01-25,1,AR,05125,0.0,0.0,0.0,0.0,0.0,0,0,0
2006-02-27,1,NJ,34007,0.0,0.0,0.0,0.0,-1.0,1,0,0
2007-02-13,1,CO,08071,0.0,0.0,0.0,0.0,-1.0,0,0,0
2007-02-13,1,CO,08071,0.0,0.0,0.0,0.0,-1.0,0,0,0
2007-02-13,1,CO,08071,0.0,0.0,0.0,0.0,-1.0,0,0,0
2007-02-03,2,WY,56037,-1.0,0.0,-1.0,1.0,-1.0,0,0,0
2007-01-16,1,IL,17031,0.0,0.0,1.0,0.0,5.0,0,0,0
2006-12-22,1,CA,06071,1.0,-4.0,-3.0,1.0,-5.0,1,0,0
2006-02-17,1,NY,36117,0.0,0.0,0.0,1.0,-1.0,1,0,0
2006-11-08,1,TN,47011,1.0,-1.0,0.0,0.0,1.0,1,0,0
2006-08-17,1,NJ,34019,-1.0,0.0,0.0,0.0,-2.0,1,0,0
2006-12-21,1,NY,36053,0.0,0.0,0.0,0.0,1.0,1,0,0
2006-10-06,1,KY,21111,0.0,0.0,0.0,0.0,0.0,1,0,0
2006-10-15,1,CA,06113,0.0,-1.0,-1.0,0.0,0.0,1,0,0
2006-11-16,1,WY,56021,0.0,0.0,0.0,0.0,-1.0,1,0,0
2006-11-15,1,NY,36011,0.0,0.0,0.0,0.0,1.0,1,0,0
2006-10-17,1,AR,05033,0.0,0.0,0.0,0.0,0.0,1,0,0
2006-10-16,1,CA,06019,0.0,-1.0,0.0,0.0,1.0,1,0,0
2006-11-07,1,CT,09013,0.0,0.0,0.0,0.0,-1.0,1,0,0
2006-08-15,1,AZ,04013,1.0,0.0,1.0,0.0,4.0,1,0,0
2006-08-28,1,CA,06065,0.0,0.0,0.0,-1.0,2.0,1,0,0
2006-07-04,1,MD,24033,0.0,0.0,0.0,0.0,-3.0,1,0,0
2006-09-27,1,IL,17119,0.0,0.0,0.0,1.0,1.0,1,0,0
2006-08-16,1,CA,06047,0.0,1.0,0.0,0.0,0.0,1,0,0
2006-07-17,1,KY,21227,0.0,0.0,0.0,0.0,1.0,1,0,0
2006-08-16,1,CA,06065,0.0,0.0,0.0,-1.0,2.0,1,0,0
2006-07-30,1,NV,32003,0.0,-2.0,0.0,0.0,-3.0,1,0,0
2006-07-22,1,NC,37109,0.0,0.0,0.0,1.0,1.0,1,0,0
2006-07-17,2,CO,08017,0.0,0.0,0.0,0.0,-1.0,1,0,0
2006-06-08,1,CA,06037,0.0,0.0,-2.0,0.0,-6.0,1,0,0
2006-06-23,1,NC,37127,0.0,-1.0,0.0,0.0,2.0,1,0,0
2006-06-18,1,NY,36071,0.0,0.0,0.0,0.0,-1.0,1,0,0
2006-07-05,2,IL,17023,0.0,0.0,0.0,1.0,2.0,1,0,0
2006-05-24,1,CA,06037,0.0,0.0,-2.0,0.0,-6.0,1,0,0
2006-06-06,1,CA,06093,0.0,0.0,0.0,-1.0,0.0,1,0,0
2006-06-06,3,NV,32015,0.0,0.0,0.0,0.0,0.0,1,0,0
2006-05-22,1,MT,30083,0.0,0.0,1.0,0.0,1.0,1,0,0
2006-04-29,1,CA,06007,0.0,0.0,0.0,0.0,0.0,1,0,0
2005-12-09,1,NV,32003,0.0,-2.0,0.0,0.0,-3.0,1,0,0
2005-07-28,1,NJ,34003,0.0,-1.0,0.0,0.0,-1.0,1,0,0
2005-12-21,1,NJ,34015,0.0,0.0,0.0,0.0,1.0,1,0,0
2006-02-05,1,TX,48439,1.0,-1.0,0.0,-2.0,1.0,1,0,0
2006-03-07,2,WI,55139,0.0,0.0,0.0,0.0,1.0,1,0,0
2006-02-06,1,TX,48499,1.0,0.0,0.0,0.0,0.0,1,0,0
2006-03-14,1,WV,54025,0.0,1.0,0.0,0.0,1.0,1,0,0
2006-03-10,1,CO,08105,0.0,0.0,0.0,0.0,0.0,1,0,0
2005-10-05,1,AZ,04019,0.0,0.0,0.0,0.0,0.0,1,0,0
2006-01-01,1,TX,48113,0.0,0.0,1.0,0.0,1.0,1,0,0
2005-12-06,1,KY,21071,0.0,0.0,0.0,0.0,0.0,1,0,0
2005-11-02,1,FL,12083,0.0,0.0,0.0,0.0,1.0,1,0,0
2005-09-30,1,AZ,04013,1.0,0.0,1.0,0.0,4.0,1,0,0
2005-09-30,1,AZ,04013,1.0,0.0,1.0,0.0,4.0,1,0,0
2005-12-15,1,NE,31055,0.0,0.0,0.0,0.0,0.0,1,0,0
2005-09-17,1,CA,06047,0.0,1.0,0.0,0.0,0.0,1,0,0
2005-09-26,1,NC,37021,0.0,-1.0,0.0,0.0,-1.0,1,0,0
2005-05-13,1,OH,39043,-1.0,0.0,0.0,0.0,2.0,1,0,0
2005-07-13,1,MI,26163,-5.0,-2.0,-2.0,1.0,-5.0,1,0,0
2005-10-07,1,MD,24013,0.0,0.0,0.0,0.0,0.0,1,0,0
2005-10-12,1,TX,48365,0.0,0.0,0.0,0.0,1.0,1,0,0
2005-07-14,1,TX,48245,0.0,0.0,0.0,0.0,0.0,1,0,0
2005-10-16,5,WI,55035,0.0,0.0,0.0,1.0,2.0,1,0,0
2005-07-29,4,NV,32007,0.0,0.0,0.0,0.0,1.0,1,0,0
2005-10-23,1,MO,29510,0.0,0.0,-1.0,0.0,0.0,1,0,0
2004-06-30,1,CT,09011,-1.0,0.0,0.0,0.0,1.0,1,0,0
2000-12-11,1,KS,20061,0.0,0.0,0.0,0.0,-1.0,0,1,0
2001-04-12,1,KS,20059,0.0,0.0,0.0,0.0,0.0,0,1,0
2005-04-15,2,FL,12127,1.0,-1.0,0.0,0.0,-1.0,1,0,0
2005-06-03,2,NJ,34023,-1.0,1.0,0.0,-2.0,0.0,1,0,0
2005-10-14,2,TN,47093,-1.0,0.0,0.0,0.0,-1.0,1,0,0
2005-09-21,2,AR,05035,1.0,-1.0,0.0,0.0,-1.0,1,0,0
2005-09-01,2,WA,53037,0.0,0.0,0.0,0.0,-3.0,1,0,0
2005-07-28,1,AZ,04013,1.0,0.0,1.0,0.0,4.0,1,0,0
2005-08-15,1,IA,19103,0.0,0.0,0.0,-1.0,0.0,1,0,0
2005-02-01,1,NC,37019,0.0,0.0,0.0,0.0,0.0,1,0,0
2005-07-16,1,CA,06071,1.0,-4.0,-3.0,1.0,-5.0,1,0,0
2005-08-29,1,AR,05071,0.0,-1.0,0.0,0.0,-1.0,1,0,0
2005-08-23,1,MA,25013,0.0,0.0,0.0,0.0,2.0,1,0,0
2005-08-01,1,MD,24031,0.0,0.0,0.0,0.0,1.0,1,0,0
2005-07-08,1,TN,47043,0.0,0.0,0.0,0.0,1.0,1,0,0
2005-07-26,1,CA,06037,0.0,0.0,-2.0,0.0,-6.0,1,0,0
2005-07-16,1,IL,17091,0.0,0.0,0.0,1.0,3.0,1,0,0
2005-06-22,1,CA,06013,0.0,0.0,0.0,0.0,-1.0,1,0,0
2005-01-29,1,MD,24005,0.0,0.0,0.0,-1.0,-1.0,1,0,0
2004-09-01,1,NJ,34001,0.0,-2.0,0.0,0.0,0.0,1,0,0
2005-05-13,1,OH,39043,-1.0,0.0,0.0,0.0,2.0,1,0,0
2005-06-08,2,CA,06089,0.0,1.0,1.0,0.0,1.0,1,0,0
2005-04-16,1,CA,06101,0.0,0.0,1.0,0.0,0.0,1,0,0
2004-12-27,2,TX,48473,0.0,0.0,0.0,0.0,-1.0,1,0,0
2004-09-03,1,CA,06019,0.0,-1.0,0.0,0.0,1.0,1,0,0
2004-09-06,3,NY,36087,0.0,0.0,0.0,0.0,2.0,1,0,0
2004-10-24,1,AZ,04017,0.0,0.0,0.0,0.0,0.0,1,0,0
2005-03-26,2,MO,29077,-2.0,0.0,0.0,-1.0,-3.0,1,0,0
2005-03-05,1,NV,32003,0.0,-2.0,0.0,0.0,-3.0,1,0,0
2005-02-13,1,MT,30093,0.0,0.0,0.0,0.0,0.0,1,0,0
2004-09-12,1,MD,24021,0.0,0.0,0.0,0.0,0.0,1,0,0
2005-01-17,1,TX,48113,0.0,0.0,1.0,0.0,1.0,1,0,0
2005-01-29,1,MO,29021,0.0,0.0,0.0,0.0,-1.0,1,0,0
2004-10-23,1,WI,55079,0.0,0.0,0.0,0.0,0.0,1,0,0
2004-10-12,1,MD,24027,0.0,0.0,0.0,0.0,-1.0,1,0,0
2004-11-27,1,OK,40135,0.0,0.0,0.0,0.0,0.0,1,0,0
2004-05-18,1,MD,24005,0.0,0.0,0.0,-1.0,-1.0,1,0,0
2004-09-21,1,OK,40109,2.0,-1.0,2.0,0.0,2.0,1,0,0
2004-10-27,1,OK,40149,0.0,0.0,0.0,0.0,0.0,1,0,0
2004-09-24,1,KS,20021,0.0,0.0,0.0,0.0,0.0,1,0,0
2004-09-13,1,NY,36099,0.0,0.0,0.0,0.0,0.0,1,0,0
2004-10-15,2,SC,45075,0.0,0.0,0.0,0.0,0.0,1,0,0
2004-01-27,1,MD,24015,0.0,0.0,0.0,0.0,1.0,1,0,0
2003-06-13,1,MA,25027,-1.0,-1.0,1.0,0.0,1.0,1,0,0
2003-09-15,2,MA,25009,0.0,0.0,0.0,0.0,0.0,1,0,0
2004-08-27,1,CA,06029,2.0,1.0,0.0,0.0,1.0,1,0,0
2004-07-15,1,CA,06037,0.0,0.0,-2.0,0.0,-6.0,1,0,0
2004-08-05,1,TX,48423,0.0,-1.0,0.0,-1.0,0.0,1,0,0
2004-06-29,5,KS,20115,0.0,0.0,0.0,0.0,0.0,1,0,0
2004-06-29,5,KS,20115,0.0,0.0,0.0,0.0,0.0,1,0,0
2003-07-07,1,NC,37071,0.0,0.0,0.0,0.0,0.0,1,0,0
2004-01-25,2,NC,37119,0.0,0.0,0.0,0.0,0.0,1,0,0
2004-08-03,1,IA,19045,0.0,0.0,0.0,1.0,1.0,1,0,0
2003-12-09,1,KS,20053,0.0,0.0,0.0,0.0,0.0,1,0,0
2004-05-27,1,SC,45051,0.0,0.0,0.0,0.0,5.0,1,0,0
2003-09-23,2,TX,48037,-1.0,0.0,-1.0,0.0,-1.0,1,0,0
2004-05-29,1,KS,20063,0.0,0.0,0.0,0.0,0.0,1,0,0
2004-06-08,1,CA,06065,0.0,0.0,0.0,-1.0,2.0,1,0,0
2004-06-04,1,IL,17031,0.0,0.0,1.0,0.0,5.0,1,0,0
2004-05-27,1,MT,30097,0.0,0.0,0.0,0.0,0.0,1,0,0
2003-07-17,1,NY,36081,0.0,0.0,0.0,0.0,-2.0,1,0,0
2004-01-26,1,MI,26151,-1.0,0.0,0.0,0.0,0.0,1,0,0
2003-07-17,1,NY,36081,0.0,0.0,0.0,0.0,-2.0,1,0,0
2003-07-17,1,NY,36081,0.0,0.0,0.0,0.0,-2.0,1,0,0
2003-08-27,1,NY,36111,-1.0,0.0,0.0,0.0,1.0,1,0,0
2003-12-30,1,CA,06027,0.0,0.0,0.0,0.0,0.0,1,0,0
2004-03-20,2,TX,48245,0.0,0.0,0.0,0.0,0.0,1,0,0
2004-03-30,1,KY,21099,0.0,1.0,0.0,0.0,1.0,1,0,0
2004-01-26,1,MI,26151,-1.0,0.0,0.0,0.0,0.0,1,0,0
2004-03-13,1,SC,45041,0.0,0.0,0.0,0.0,2.0,1,0,0
2003-10-28,1,ID,16039,0.0,-1.0,1.0,-1.0,-1.0,1,0,0
2003-10-04,1,ID,16001,0.0,0.0,0.0,0.0,0.0,1,0,0
2004-01-15,1,KY,21151,0.0,0.0,0.0,0.0,-1.0,1,0,0
2000-09-11,1,CA,06037,0.0,0.0,-2.0,0.0,-6.0,0,1,0
2004-01-08,1,TX,48407,0.0,0.0,0.0,0.0,-1.0,1,0,0
2003-06-11,1,MI,26159,0.0,0.0,0.0,0.0,0.0,1,0,0
2003-10-24,1,NJ,34027,0.0,0.0,0.0,-1.0,-2.0,1,0,0
2003-12-21,1,CA,06023,0.0,0.0,1.0,0.0,-1.0,1,0,0
2003-10-01,1,MI,26087,0.0,0.0,0.0,0.0,2.0,1,0,0
2003-12-17,1,IL,17201,0.0,-1.0,0.0,0.0,-1.0,1,0,0
2003-08-14,1,NJ,34019,-1.0,0.0,0.0,0.0,-2.0,1,0,0
2003-11-01,1,MD,24005,0.0,0.0,0.0,-1.0,-1.0,1,0,0
2003-11-08,2,AZ,04025,1.0,0.0,0.0,0.0,0.0,1,0,0
2003-12-21,1,WY,56037,-1.0,0.0,-1.0,1.0,-1.0,1,0,0
2003-12-02,1,MO,29099,1.0,0.0,0.0,0.0,1.0,1,0,0
2002-07-22,2,NJ,34023,-1.0,1.0,0.0,-2.0,0.0,1,0,0
2003-10-24,1,MD,24033,0.0,0.0,0.0,0.0,-3.0,1,0,0
2003-10-02,2,CA,06037,0.0,0.0,-2.0,0.0,-6.0,1,0,0
2003-08-31,1,MD,24033,0.0,0.0,0.0,0.0,-3.0,1,0,0
2002-08-30,1,OH,39043,-1.0,0.0,0.0,0.0,2.0,1,0,0
2002-07-10,2,NM,35023,0.0,1.0,0.0,0.0,0.0,1,0,0
2002-07-10,2,NM,35023,0.0,1.0,0.0,0.0,0.0,1,0,0
2002-05-19,1,IA,19035,0.0,0.0,0.0,0.0,1.0,1,0,0
2003-01-04,1,CT,09009,0.0,0.0,-2.0,0.0,-1.0,1,0,0
2003-03-02,1,ME,23019,0.0,0.0,0.0,0.0,0.0,1,0,0
2003-08-19,2,ME,23011,0.0,0.0,-1.0,0.0,-1.0,1,0,0
2002-06-25,1,MA,25017,0.0,0.0,0.0,0.0,0.0,1,0,0
2003-07-25,1,CA,06031,0.0,0.0,0.0,0.0,0.0,1,0,0
2003-07-30,1,OR,41061,-1.0,0.0,0.0,0.0,-1.0,1,0,0
2003-01-31,1,NJ,34013,0.0,-1.0,0.0,0.0,-1.0,1,0,0
2001-10-26,1,IN,18071,0.0,0.0,0.0,0.0,-1.0,0,1,0
2001-02-22,1,OH,39139,0.0,0.0,0.0,0.0,1.0,0,1,0
2003-05-08,1,CA,06047,0.0,1.0,0.0,0.0,0.0,1,0,0
2002-11-17,1,NM,35015,0.0,0.0,0.0,-1.0,-1.0,1,0,0
2003-01-28,1,OH,39171,-2.0,0.0,0.0,0.0,-1.0,1,0,0
2003-06-14,1,IL,17031,0.0,0.0,1.0,0.0,5.0,1,0,0
2001-03-09,1,CA,06037,0.0,0.0,-2.0,0.0,-6.0,0,1,0
2001-05-24,1,CA,06113,0.0,-1.0,-1.0,0.0,0.0,0,1,0
2003-04-16,1,MD,24043,0.0,0.0,0.0,0.0,1.0,1,0,0
2002-03-28,1,MA,25027,-1.0,-1.0,1.0,0.0,1.0,1,0,0
2002-07-01,1,MA,25017,0.0,0.0,0.0,0.0,0.0,1,0,0
2003-02-07,1,MD,24033,0.0,0.0,0.0,0.0,-3.0,1,0,0
2002-12-04,1,FL,12127,1.0,-1.0,0.0,0.0,-1.0,1,0,0
2002-11-12,1,AZ,04003,0.0,0.0,0.0,1.0,1.0,1,0,0
2003-03-10,1,ME,23017,0.0,0.0,0.0,0.0,0.0,1,0,0
2003-02-07,1,IA,19095,0.0,0.0,0.0,0.0,0.0,1,0,0
2003-03-03,1,ME,23027,0.0,0.0,0.0,0.0,1.0,1,0,0
2001-06-20,1,FL,12111,0.0,0.0,1.0,0.0,-1.0,0,1,0
2002-12-10,1,OH,39143,0.0,0.0,-1.0,0.0,1.0,1,0,0
2002-10-05,1,MD,24005,0.0,0.0,0.0,-1.0,-1.0,1,0,0
2002-10-25,1,MD,24043,0.0,0.0,0.0,0.0,1.0,1,0,0
2002-10-30,1,OH,39089,0.0,0.0,0.0,0.0,-1.0,1,0,0
2002-10-21,1,OH,39165,0.0,0.0,0.0,0.0,0.0,1,0,0
2002-02-14,1,ID,16047,0.0,0.0,0.0,0.0,1.0,1,0,0
2002-02-23,1,CA,06099,0.0,0.0,0.0,0.0,-1.0,1,0,0
2002-02-05,3,CA,06019,0.0,-1.0,0.0,0.0,1.0,1,0,0
2001-12-24,1,NY,36081,0.0,0.0,0.0,0.0,-2.0,0,1,0
2002-10-07,1,MO,29047,0.0,-1.0,0.0,0.0,-1.0,1,0,0
2001-10-20,1,NJ,34023,-1.0,1.0,0.0,-2.0,0.0,0,1,0
2002-11-05,1,MN,27147,0.0,-1.0,0.0,0.0,-2.0,1,0,0
2002-08-29,2,NY,36051,0.0,0.0,0.0,0.0,0.0,1,0,0
2002-08-08,1,GA,13185,0.0,0.0,0.0,0.0,0.0,1,0,0
2002-05-18,1,AZ,04013,1.0,0.0,1.0,0.0,4.0,1,0,0
1994-01-13,1,RI,44003,0.0,0.0,0.0,0.0,0.0,0,0,1
1995-06-30,2,RI,44007,0.0,0.0,0.0,0.0,3.0,0,0,1
1999-10-30,1,PA,42049,1.0,-1.0,0.0,-1.0,-3.0,0,1,0
1998-08-11,1,PA,42011,0.0,0.0,0.0,-1.0,1.0,0,0,1
1998-06-20,7,PA,42061,0.0,0.0,0.0,0.0,0.0,0,0,1
1997-01-22,1,PA,42025,-1.0,0.0,0.0,0.0,-1.0,0,0,1
1997-01-13,1,PA,42125,0.0,0.0,-1.0,0.0,-1.0,0,0,1
2000-11-10,1,PA,42009,0.0,0.0,0.0,0.0,0.0,0,1,0
2000-07-03,1,PA,42075,0.0,0.0,0.0,0.0,-1.0,0,1,0
2000-01-29,1,PA,42101,-1.0,0.0,0.0,0.0,0.0,0,1,0
2001-05-21,1,NY,36103,0.0,0.0,0.0,0.0,0.0,0,1,0
1995-03-22,1,OR,41067,0.0,0.0,0.0,0.0,0.0,0,0,1
1999-12-09,1,OK,40089,0.0,-1.0,0.0,0.0,-1.0,0,1,0
1999-11-23,2,OK,40087,0.0,0.0,0.0,0.0,0.0,0,1,0
1999-10-05,3,OK,40133,0.0,0.0,0.0,0.0,-1.0,0,1,0
1999-05-19,1,OK,40131,-2.0,0.0,-1.0,0.0,-3.0,0,1,0
1999-03-14,1,OK,40039,0.0,0.0,0.0,0.0,0.0,0,1,0
1997-11-03,1,OH,39003,0.0,0.0,0.0,0.0,0.0,0,0,1
1997-05-27,1,OH,39069,1.0,0.0,0.0,0.0,1.0,0,0,1
1995-08-28,1,OH,39005,0.0,0.0,0.0,0.0,1.0,0,0,1
1994-12-17,2,OH,39011,0.0,0.0,0.0,0.0,0.0,0,0,1
1999-05-05,1,NY,36037,0.0,0.0,-2.0,0.0,-4.0,0,1,0
1997-04-04,1,NY,36105,0.0,0.0,0.0,0.0,-2.0,0,0,1
1997-10-19,1,NY,36001,-1.0,0.0,0.0,0.0,0.0,0,0,1
1997-03-06,1,NY,36089,-1.0,0.0,0.0,0.0,-2.0,0,0,1
1997-09-21,1,NY,36043,0.0,0.0,0.0,0.0,1.0,0,0,1
1996-02-01,1,NY,36119,0.0,0.0,0.0,0.0,0.0,0,0,1
2000-10-03,1,NY,36103,0.0,0.0,0.0,0.0,0.0,0,1,0
2000-05-15,1,NY,36119,0.0,0.0,0.0,0.0,0.0,0,1,0
2001-10-16,1,NV,32003,0.0,-2.0,0.0,0.0,-3.0,0,1,0
1999-06-10,1,NV,32007,0.0,0.0,0.0,0.0,1.0,0,1,0
1997-03-25,1,NM,35035,0.0,1.0,0.0,0.0,0.0,0,0,1
1997-10-06,1,NJ,34039,0.0,0.0,0.0,-1.0,-3.0,0,0,1
1995-03-24,1,NE,31019,0.0,0.0,0.0,0.0,0.0,0,0,1
1994-08-02,1,NE,31047,0.0,0.0,0.0,-1.0,0.0,0,0,1
1998-08-10,1,NE,31019,0.0,0.0,0.0,0.0,0.0,0,0,1
1997-07-20,1,ND,38043,0.0,0.0,0.0,0.0,0.0,0,0,1
1996-02-02,1,NC,37059,0.0,0.0,0.0,0.0,0.0,0,0,1
1995-11-15,1,NC,37183,0.0,0.0,0.0,0.0,-3.0,0,0,1
2000-10-28,1,NC,37195,0.0,0.0,0.0,0.0,0.0,0,1,0
2000-03-30,3,NC,37127,0.0,-1.0,0.0,0.0,2.0,0,1,0
2000-09-26,1,NC,37197,0.0,0.0,0.0,0.0,-1.0,0,1,0
1998-11-18,1,NC,37037,0.0,0.0,0.0,0.0,0.0,0,0,1
1998-08-28,1,NC,37119,0.0,0.0,0.0,0.0,0.0,0,0,1
1999-10-15,1,MS,28159,0.0,0.0,0.0,0.0,-1.0,0,1,0
1999-04-26,1,MS,28027,0.0,0.0,0.0,-1.0,-1.0,0,1,0
1999-02-13,1,MS,28051,0.0,0.0,0.0,0.0,-1.0,0,1,0
1996-03-08,2,MS,28121,-1.0,0.0,0.0,-1.0,-1.0,0,0,1
2001-01-23,1,MS,28047,0.0,0.0,0.0,0.0,-2.0,0,1,0
1999-03-17,1,MO,29123,0.0,0.0,0.0,0.0,1.0,0,1,0
1998-11-09,1,MO,29510,0.0,0.0,-1.0,0.0,0.0,0,0,1
1996-12-23,1,MO,29219,0.0,0.0,0.0,0.0,0.0,0,0,1
1995-07-22,1,MO,29099,1.0,0.0,0.0,0.0,1.0,0,0,1
2001-06-10,1,MO,29219,0.0,0.0,0.0,0.0,0.0,0,1,0
2000-04-27,1,MO,29105,0.0,0.0,0.0,0.0,0.0,0,1,0
2000-08-31,1,MN,27169,0.0,0.0,0.0,0.0,0.0,0,1,0
1997-09-24,1,MI,26027,0.0,0.0,0.0,0.0,0.0,0,0,1
1995-06-06,1,MI,26025,1.0,0.0,0.0,0.0,0.0,0,0,1
2000-01-25,1,MI,26037,0.0,0.0,0.0,0.0,0.0,0,1,0
2000-11-20,1,MD,24025,0.0,0.0,1.0,0.0,1.0,0,1,0
2000-04-27,1,MD,24023,0.0,0.0,0.0,-1.0,0.0,0,1,0
1997-06-09,1,MD,24015,0.0,0.0,0.0,0.0,1.0,0,0,1
1998-08-25,1,MD,24033,0.0,0.0,0.0,0.0,-3.0,0,0,1
1996-12-17,1,MD,24003,0.0,0.0,0.0,0.0,1.0,0,0,1
1997-11-11,1,MD,24013,0.0,0.0,0.0,0.0,0.0,0,0,1
1997-12-16,1,MD,24033,0.0,0.0,0.0,0.0,-3.0,0,0,1
1996-11-04,1,MD,24021,0.0,0.0,0.0,0.0,0.0,0,0,1
1995-10-14,2,MD,24021,0.0,0.0,0.0,0.0,0.0,0,0,1
1994-10-26,1,MD,24005,0.0,0.0,0.0,-1.0,-1.0,0,0,1
1998-06-20,2,MD,24045,0.0,0.0,0.0,0.0,-1.0,0,0,1
1996-01-11,1,MD,24043,0.0,0.0,0.0,0.0,1.0,0,0,1
1995-10-27,1,MD,24005,0.0,0.0,0.0,-1.0,-1.0,0,0,1
1999-10-14,1,MD,24025,0.0,0.0,1.0,0.0,1.0,0,1,0
1998-05-31,1,MA,25021,0.0,-1.0,0.0,-1.0,-1.0,0,0,1
1996-05-05,2,LA,22005,0.0,-1.0,0.0,0.0,0.0,0,0,1
1996-12-22,1,LA,22017,-1.0,0.0,0.0,0.0,3.0,0,0,1
1995-05-28,1,LA,22027,0.0,0.0,0.0,0.0,1.0,0,0,1
1996-01-20,1,LA,22001,-2.0,0.0,1.0,0.0,2.0,0,0,1
1998-01-16,1,LA,22073,0.0,0.0,0.0,0.0,1.0,0,0,1
1998-01-16,1,LA,22073,0.0,0.0,0.0,0.0,1.0,0,0,1
1995-12-29,1,KY,21061,0.0,0.0,0.0,0.0,0.0,0,0,1
1998-10-21,1,KY,21151,0.0,0.0,0.0,0.0,-1.0,0,0,1
1997-09-07,1,KY,21195,0.0,0.0,0.0,0.0,0.0,0,0,1
1995-08-18,1,KY,21067,0.0,0.0,0.0,0.0,-2.0,0,0,1
1996-06-05,1,KY,21037,0.0,0.0,0.0,0.0,1.0,0,0,1
1998-05-01,1,KY,21111,0.0,0.0,0.0,0.0,0.0,0,0,1
2000-05-09,1,KY,21029,0.0,0.0,-1.0,0.0,0.0,0,1,0
1999-02-11,1,KY,21199,0.0,-1.0,0.0,0.0,-1.0,0,1,0
2000-12-11,1,KS,20061,0.0,0.0,0.0,0.0,-1.0,0,1,0
1999-10-02,1,KS,20177,0.0,0.0,0.0,0.0,0.0,0,1,0
1999-08-31,2,KS,20087,0.0,0.0,0.0,0.0,-1.0,0,1,0
1999-07-01,1,KS,20185,0.0,0.0,0.0,0.0,0.0,0,1,0
1999-07-07,2,IN,18127,0.0,0.0,0.0,0.0,0.0,0,1,0
1998-08-28,3,IN,18109,0.0,0.0,0.0,0.0,3.0,0,0,1
1998-04-20,1,IN,18097,0.0,0.0,0.0,0.0,0.0,0,0,1
1997-03-01,1,IN,18097,0.0,0.0,0.0,0.0,0.0,0,0,1
1996-04-29,1,IN,18053,0.0,-1.0,0.0,0.0,1.0,0,0,1
2000-11-11,1,IN,18089,0.0,0.0,0.0,0.0,0.0,0,1,0
2000-09-18,1,IN,18075,0.0,0.0,0.0,0.0,0.0,0,1,0
2000-08-02,1,IN,18091,0.0,-1.0,1.0,1.0,1.0,0,1,0
1997-12-03,1,IL,17085,0.0,0.0,0.0,0.0,2.0,0,0,1
1999-01-08,1,IL,17095,0.0,0.0,0.0,0.0,0.0,0,1,0
1998-06-04,1,IL,17113,0.0,0.0,-1.0,1.0,2.0,0,0,1
1998-04-26,1,IL,17031,0.0,0.0,1.0,0.0,5.0,0,0,1
1998-05-27,1,IL,17031,0.0,0.0,1.0,0.0,5.0,0,0,1
2000-10-30,1,CA,06099,0.0,0.0,0.0,0.0,-1.0,0,1,0
2001-03-20,3,ID,16047,0.0,0.0,0.0,0.0,1.0,0,1,0
1997-04-04,2,IA,19111,0.0,0.0,0.0,-1.0,-1.0,0,0,1
1995-10-20,1,IA,19055,0.0,0.0,1.0,0.0,2.0,0,0,1
1994-07-12,1,IA,19013,0.0,0.0,0.0,0.0,0.0,0,0,1
1996-02-15,3,IA,19049,0.0,0.0,0.0,-1.0,-1.0,0,0,1
1998-06-15,1,GA,13207,0.0,0.0,0.0,0.0,0.0,0,0,1
1995-07-02,1,GA,13049,0.0,0.0,0.0,0.0,0.0,0,0,1
1994-06-20,1,GA,13121,0.0,0.0,-1.0,0.0,-1.0,0,0,1
1994-01-31,1,GA,13175,0.0,-1.0,-1.0,2.0,0.0,0,0,1
2000-09-11,1,GA,13135,0.0,0.0,1.0,0.0,1.0,0,1,0
1999-11-15,1,GA,13063,0.0,-1.0,0.0,0.0,-1.0,0,1,0
2000-03-03,1,GA,13153,0.0,0.0,-1.0,0.0,-1.0,0,1,0
2000-10-23,1,FL,12115,0.0,0.0,0.0,0.0,1.0,0,1,0
1999-01-16,2,FL,12097,0.0,0.0,0.0,0.0,-1.0,0,1,0
1999-09-19,1,FL,12057,1.0,0.0,0.0,-1.0,-3.0,0,1,0
2000-03-08,2,FL,12121,0.0,0.0,0.0,-1.0,-1.0,0,1,0
2000-10-29,1,FL,12119,0.0,0.0,0.0,0.0,1.0,0,1,0
1999-06-28,1,FL,12021,0.0,0.0,0.0,0.0,0.0,0,1,0
1995-12-06,1,FL,12053,0.0,0.0,0.0,0.0,0.0,0,0,1
1994-07-05,1,FL,12111,0.0,0.0,1.0,0.0,-1.0,0,0,1
1997-03-16,1,DE,10003,0.0,0.0,-1.0,0.0,0.0,0,0,1
1994-04-12,1,CT,09003,0.0,0.0,0.0,0.0,1.0,0,0,1
1998-05-19,1,CT,09001,0.0,0.0,-2.0,0.0,-1.0,0,0,1
1997-09-15,2,CT,09009,0.0,0.0,-2.0,0.0,-1.0,0,0,1
1999-07-27,2,CO,08075,0.0,0.0,0.0,0.0,0.0,0,1,0
1997-04-11,1,CO,08009,-1.0,0.0,0.0,0.0,-2.0,0,0,1
1999-07-01,1,CA,06085,0.0,0.0,1.0,0.0,0.0,0,1,0
2000-10-20,1,AZ,04025,1.0,0.0,0.0,0.0,0.0,0,1,0
1999-07-28,2,AZ,04005,-1.0,1.0,0.0,1.0,0.0,0,1,0
1999-01-18,1,AZ,04019,0.0,0.0,0.0,0.0,0.0,0,1,0
1999-01-07,1,AZ,04013,1.0,0.0,1.0,0.0,4.0,0,1,0
1997-04-26,1,AZ,04013,1.0,0.0,1.0,0.0,4.0,0,0,1
1996-03-07,1,AR,05117,0.0,0.0,1.0,-1.0,0.0,0,0,1
1998-02-18,1,AL,01127,0.0,-1.0,0.0,0.0,-1.0,0,0,1
1998-02-16,1,AL,01053,0.0,0.0,0.0,0.0,3.0,0,0,1
1994-12-19,1,AL,01053,0.0,0.0,0.0,0.0,3.0,0,0,1
2000-02-17,1,AL,01113,0.0,0.0,0.0,0.0,1.0,0,1,0
2000-09-01,1,AL,01097,0.0,-1.0,-1.0,0.0,1.0,0,1,0
2000-07-23,1,AL,01047,0.0,0.0,0.0,0.0,1.0,0,1,0
2000-06-26,1,AL,01087,0.0,0.0,0.0,1.0,1.0,0,1,0
2002-03-02,1,KY,21093,0.0,-1.0,0.0,0.0,-2.0,1,0,0
2002-06-26,1,MO,29095,0.0,0.0,0.0,-1.0,-3.0,1,0,0
2002-02-13,1,KY,21061,0.0,0.0,0.0,0.0,0.0,1,0,0
2002-04-18,2,NE,31047,0.0,0.0,0.0,-1.0,0.0,1,0,0
2002-04-18,2,NE,31047,0.0,0.0,0.0,-1.0,0.0,1,0,0
2002-06-23,1,AL,01089,0.0,0.0,0.0,0.0,0.0,1,0,0
2001-10-24,2,NE,31055,0.0,0.0,0.0,0.0,0.0,0,1,0
2002-02-13,1,MD,24031,0.0,0.0,0.0,0.0,1.0,1,0,0
2001-12-28,1,NJ,34039,0.0,0.0,0.0,-1.0,-3.0,0,1,0
2002-04-13,1,MD,24033,0.0,0.0,0.0,0.0,-3.0,1,0,0
2001-12-18,1,NV,32003,0.0,-2.0,0.0,0.0,-3.0,0,1,0
2001-10-06,1,CO,08043,0.0,0.0,0.0,0.0,0.0,0,1,0
2001-12-21,1,IN,18039,0.0,0.0,1.0,0.0,1.0,0,1,0
1996-02-13,1,TN,47059,0.0,0.0,0.0,0.0,0.0,0,0,1
2000-05-22,1,NJ,34039,0.0,0.0,0.0,-1.0,-3.0,0,1,0
2002-03-29,1,OK,40121,0.0,0.0,-1.0,0.0,-2.0,1,0,0
2002-02-06,1,MO,29061,0.0,0.0,0.0,0.0,0.0,1,0,0
2002-03-03,3,OK,40101,0.0,0.0,0.0,1.0,3.0,1,0,0
2001-05-17,2,NE,31157,0.0,0.0,0.0,0.0,-1.0,0,1,0
2001-12-13,1,PA,42045,0.0,0.0,0.0,0.0,-1.0,0,1,0
2000-06-21,1,CA,06037,0.0,0.0,-2.0,0.0,-6.0,0,1,0
2001-03-23,1,NJ,34015,0.0,0.0,0.0,0.0,1.0,0,1,0
2001-10-02,1,MI,26115,0.0,0.0,0.0,0.0,-1.0,0,1,0
2002-02-15,1,CO,08123,0.0,0.0,-1.0,1.0,1.0,1,0,0
2001-11-27,1,GA,13021,0.0,0.0,0.0,0.0,0.0,0,1,0
2001-11-05,1,NC,37067,1.0,0.0,0.0,0.0,1.0,0,1,0
2001-03-08,1,MA,25017,0.0,0.0,0.0,0.0,0.0,0,1,0
2000-10-28,1,TX,48375,-1.0,0.0,0.0,0.0,-1.0,0,1,0
2001-03-10,2,CO,08059,0.0,0.0,0.0,0.0,0.0,0,1,0
2001-04-25,1,IN,18173,-1.0,0.0,0.0,0.0,-2.0,0,1,0
2001-09-25,1,IL,17113,0.0,0.0,-1.0,1.0,2.0,0,1,0
1998-10-01,1,MA,25009,0.0,0.0,0.0,0.0,0.0,0,0,1
2001-07-09,1,NC,37109,0.0,0.0,0.0,1.0,1.0,0,1,0
2001-07-25,1,TN,47065,2.0,0.0,0.0,0.0,1.0,0,1,0
1998-01-21,1,OR,41001,0.0,0.0,0.0,0.0,-2.0,0,0,1
1999-01-03,1,OR,41059,0.0,-1.0,0.0,0.0,0.0,0,1,0
1997-11-17,1,OR,41019,0.0,0.0,0.0,0.0,-1.0,0,0,1
1997-05-03,1,OR,41051,0.0,0.0,0.0,0.0,-1.0,0,0,1
2001-08-01,1,VT,50007,0.0,0.0,0.0,0.0,-1.0,0,1,0
1999-09-17,1,WY,56007,0.0,0.0,0.0,0.0,1.0,0,1,0
1998-06-21,1,WY,56007,0.0,0.0,0.0,0.0,1.0,0,0,1
1995-04-07,1,WY,56007,0.0,0.0,0.0,0.0,1.0,0,0,1
1999-06-21,1,WI,55007,0.0,0.0,0.0,0.0,0.0,0,1,0
1997-01-22,1,WI,55071,0.0,0.0,0.0,1.0,1.0,0,0,1
1995-12-27,1,WA,53011,0.0,0.0,0.0,0.0,0.0,0,0,1
1998-08-08,1,VT,50021,0.0,0.0,0.0,0.0,1.0,0,0,1
2000-08-14,1,VT,50013,0.0,0.0,-1.0,0.0,-1.0,0,1,0
1997-03-15,1,VT,50007,0.0,0.0,0.0,0.0,-1.0,0,0,1
1999-02-04,1,UT,49003,0.0,1.0,-1.0,0.0,-1.0,0,1,0
1997-02-06,1,UT,49015,0.0,0.0,0.0,0.0,0.0,0,0,1
1994-10-05,1,UT,49023,0.0,0.0,0.0,0.0,0.0,0,0,1
1999-02-11,1,TX,48273,1.0,0.0,0.0,-2.0,1.0,0,1,0
1996-07-15,2,TX,48113,0.0,0.0,1.0,0.0,1.0,0,0,1
1995-11-19,2,TX,48359,1.0,0.0,0.0,0.0,1.0,0,0,1
1995-05-18,1,TX,48097,-1.0,-1.0,0.0,0.0,-2.0,0,0,1
1996-02-13,1,TN,47059,0.0,0.0,0.0,0.0,0.0,0,0,1
1998-10-01,1,MA,25009,0.0,0.0,0.0,0.0,0.0,0,0,1
1998-10-08,2,TN,47037,1.0,0.0,0.0,0.0,1.0,0,0,1
1998-08-03,1,TN,47189,0.0,0.0,0.0,0.0,0.0,0,0,1
1995-08-27,2,TN,47065,2.0,0.0,0.0,0.0,1.0,0,0,1
1999-10-23,3,TN,47089,0.0,0.0,0.0,0.0,-1.0,0,1,0
2000-08-06,2,TN,47055,0.0,0.0,0.0,-1.0,-1.0,0,1,0
1999-06-14,2,TN,47145,1.0,-1.0,0.0,0.0,0.0,0,1,0
1999-06-03,5,TN,47117,0.0,0.0,0.0,0.0,0.0,0,1,0
